#
# There is insufficient memory for the Java Runtime Environment to continue.
# Native memory allocation (malloc) failed to allocate 935984 bytes. Error detail: Chunk::new
# Possible reasons:
#   The system is out of physical RAM or swap space
#   This process is running with CompressedOops enabled, and the Java Heap may be blocking the growth of the native heap
# Possible solutions:
#   Reduce memory load on the system
#   Increase physical memory or swap space
#   Check if swap backing store is full
#   Decrease Java heap size (-Xmx/-Xms)
#   Decrease number of Java threads
#   Decrease Java thread stack sizes (-Xss)
#   Set larger code cache with -XX:ReservedCodeCacheSize=
#   JVM is running with Unscaled Compressed Oops mode in which the Java heap is
#     placed in the first 4GB address space. The Java Heap base address is the
#     maximum limit for the native heap growth. Please use -XX:HeapBaseMinAddress
#     to set the Java Heap base and to place the Java Heap above 4GB virtual address.
# This output file may be truncated or incomplete.
#
#  Out of Memory Error (arena.cpp:168), pid=24408, tid=24120
#
# JRE version: OpenJDK Runtime Environment Temurin-21.0.8+9 (21.0.8+9) (build 21.0.8+9-LTS)
# Java VM: OpenJDK 64-Bit Server VM Temurin-21.0.8+9 (21.0.8+9-LTS, mixed mode, tiered, compressed oops, compressed class ptrs, g1 gc, windows-amd64)
# No core dump will be written. Minidumps are not enabled by default on client versions of Windows
#

---------------  S U M M A R Y ------------

Command Line: -Xms64m -Xmx2048m -Dapp.name=ltex-ls-plus -Dapp.repo=c:\Users\yusen\.vscode\extensions\ltex-plus.vscode-ltex-plus-15.6.1\lib\ltex-ls-plus-18.6.1\lib -Dapp.home=c:\Users\yusen\.vscode\extensions\ltex-plus.vscode-ltex-plus-15.6.1\lib\ltex-ls-plus-18.6.1 -Dbasedir=c:\Users\yusen\.vscode\extensions\ltex-plus.vscode-ltex-plus-15.6.1\lib\ltex-ls-plus-18.6.1 org.bsplines.ltexls.LtexLanguageServerLauncher

Host: 13th Gen Intel(R) Core(TM) i5-13420H, 12 cores, 15G,  Windows 11 , 64 bit Build 22621 (10.0.22621.3527)
Time: Mon Jun  8 16:37:11 2026 elapsed time: 14.804469 seconds (0d 0h 0m 14s)

---------------  T H R E A D  ---------------

Current thread (0x000001f33f6e05d0):  JavaThread "C2 CompilerThread0" daemon [_thread_in_native, id=24120, stack(0x000000eedc500000,0x000000eedc600000) (1024K)]


Current CompileTask:
C2:14804 3823  s    4       org.languagetool.rules.spelling.SpellingCheckRule::init (314 bytes)

Stack: [0x000000eedc500000,0x000000eedc600000]
Native frames: (J=compiled Java code, j=interpreted, Vv=VM code, C=native code)
V  [jvm.dll+0x6d2449]
V  [jvm.dll+0x8ae341]
V  [jvm.dll+0x8b08be]
V  [jvm.dll+0x8b0fa3]
V  [jvm.dll+0x280c96]
V  [jvm.dll+0xc581d]
V  [jvm.dll+0xc5d53]
V  [jvm.dll+0x3b919c]
V  [jvm.dll+0x385315]
V  [jvm.dll+0x38477a]
V  [jvm.dll+0x248ed0]
V  [jvm.dll+0x2484af]
V  [jvm.dll+0x1c89ee]
V  [jvm.dll+0x257d4d]
V  [jvm.dll+0x2562ea]
V  [jvm.dll+0x3f2d16]
V  [jvm.dll+0x857e6b]
V  [jvm.dll+0x6d0b0d]
C  [ucrtbase.dll+0x29333]
C  [KERNEL32.DLL+0x1257d]
C  [ntdll.dll+0x5aa48]


---------------  P R O C E S S  ---------------

Threads class SMR info:
_java_thread_list=0x000001f34432c390, length=11, elements={
0x000001f323060340, 0x000001f33f6704f0, 0x000001f33f6da560, 0x000001f33f6e41b0,
0x000001f33f6ddf40, 0x000001f33f6de990, 0x000001f33f6df3e0, 0x000001f33f6e05d0,
0x000001f33f6bfb00, 0x000001f33f948c90, 0x000001f33f957880
}

Java Threads: ( => current thread )
  0x000001f323060340 JavaThread "main"                              [_thread_in_Java, id=36428, stack(0x000000eedb700000,0x000000eedb800000) (1024K)]
  0x000001f33f6704f0 JavaThread "Reference Handler"          daemon [_thread_blocked, id=21068, stack(0x000000eedbf00000,0x000000eedc000000) (1024K)]
  0x000001f33f6da560 JavaThread "Finalizer"                  daemon [_thread_blocked, id=37300, stack(0x000000eedc000000,0x000000eedc100000) (1024K)]
  0x000001f33f6e41b0 JavaThread "Signal Dispatcher"          daemon [_thread_blocked, id=7300, stack(0x000000eedc100000,0x000000eedc200000) (1024K)]
  0x000001f33f6ddf40 JavaThread "Attach Listener"            daemon [_thread_blocked, id=22368, stack(0x000000eedc200000,0x000000eedc300000) (1024K)]
  0x000001f33f6de990 JavaThread "Service Thread"             daemon [_thread_blocked, id=6360, stack(0x000000eedc300000,0x000000eedc400000) (1024K)]
  0x000001f33f6df3e0 JavaThread "Monitor Deflation Thread"   daemon [_thread_blocked, id=28000, stack(0x000000eedc400000,0x000000eedc500000) (1024K)]
=>0x000001f33f6e05d0 JavaThread "C2 CompilerThread0"         daemon [_thread_in_native, id=24120, stack(0x000000eedc500000,0x000000eedc600000) (1024K)]
  0x000001f33f6bfb00 JavaThread "C1 CompilerThread0"         daemon [_thread_blocked, id=29704, stack(0x000000eedc600000,0x000000eedc700000) (1024K)]
  0x000001f33f948c90 JavaThread "Notification Thread"        daemon [_thread_blocked, id=32496, stack(0x000000eedc700000,0x000000eedc800000) (1024K)]
  0x000001f33f957880 JavaThread "Common-Cleaner"             daemon [_thread_blocked, id=33084, stack(0x000000eedc800000,0x000000eedc900000) (1024K)]
Total: 11

Other Threads:
  0x000001f3284360f0 VMThread "VM Thread"                           [id=33068, stack(0x000000eedbe00000,0x000000eedbf00000) (1024K)]
  0x000001f33f5e1b00 WatcherThread "VM Periodic Task Thread"        [id=27784, stack(0x000000eedbd00000,0x000000eedbe00000) (1024K)]
  0x000001f3282d7150 WorkerThread "GC Thread#0"                     [id=25680, stack(0x000000eedb800000,0x000000eedb900000) (1024K)]
  0x000001f3261c4b30 WorkerThread "GC Thread#1"                     [id=26008, stack(0x000000eedca00000,0x000000eedcb00000) (1024K)]
  0x000001f3260eda00 WorkerThread "GC Thread#2"                     [id=33340, stack(0x000000eedcb00000,0x000000eedcc00000) (1024K)]
  0x000001f3261fb850 WorkerThread "GC Thread#3"                     [id=3356, stack(0x000000eedcc00000,0x000000eedcd00000) (1024K)]
  0x000001f3261fbbf0 WorkerThread "GC Thread#4"                     [id=23024, stack(0x000000eedcd00000,0x000000eedce00000) (1024K)]
  0x000001f32614de60 WorkerThread "GC Thread#5"                     [id=7588, stack(0x000000eedce00000,0x000000eedcf00000) (1024K)]
  0x000001f32614e200 WorkerThread "GC Thread#6"                     [id=25260, stack(0x000000eedcf00000,0x000000eedd000000) (1024K)]
  0x000001f3267639e0 WorkerThread "GC Thread#7"                     [id=31588, stack(0x000000eedd000000,0x000000eedd100000) (1024K)]
  0x000001f3265e2480 WorkerThread "GC Thread#8"                     [id=7668, stack(0x000000eedd100000,0x000000eedd200000) (1024K)]
  0x000001f3265e2820 WorkerThread "GC Thread#9"                     [id=37128, stack(0x000000eedd200000,0x000000eedd300000) (1024K)]
  0x000001f3282e7f40 ConcurrentGCThread "G1 Main Marker"            [id=10684, stack(0x000000eedb900000,0x000000eedba00000) (1024K)]
  0x000001f3282e9210 WorkerThread "G1 Conc#0"                       [id=35948, stack(0x000000eedba00000,0x000000eedbb00000) (1024K)]
  0x000001f3265e19a0 WorkerThread "G1 Conc#1"                       [id=23744, stack(0x000000eedd300000,0x000000eedd400000) (1024K)]
  0x000001f3265e20e0 WorkerThread "G1 Conc#2"                       [id=34596, stack(0x000000eedd400000,0x000000eedd500000) (1024K)]
  0x000001f32837ab70 ConcurrentGCThread "G1 Refine#0"               [id=14028, stack(0x000000eedbb00000,0x000000eedbc00000) (1024K)]
  0x000001f32837b4f0 ConcurrentGCThread "G1 Service"                [id=36028, stack(0x000000eedbc00000,0x000000eedbd00000) (1024K)]
Total: 18

Threads with active compile tasks:
C2 CompilerThread0  14871 3823  s    4       org.languagetool.rules.spelling.SpellingCheckRule::init (314 bytes)
Total: 1

VM state: not at safepoint (normal execution)

VM Mutex/Monitor currently owned by a thread: None

Heap address: 0x0000000080000000, size: 2048 MB, Compressed Oops mode: 32-bit

CDS archive(s) not mapped
Compressed class space mapped at: 0x0000000100000000-0x0000000140000000, reserved size: 1073741824
Narrow klass base: 0x0000000000000000, Narrow klass shift: 3, Narrow klass range: 0x140000000

GC Precious Log:
 CardTable entry size: 512
 Card Set container configuration: InlinePtr #cards 5 size 8 Array Of Cards #cards 12 size 40 Howl #buckets 4 coarsen threshold 1843 Howl Bitmap #cards 512 size 80 coarsen threshold 460 Card regions per heap region 1 cards per card region 2048
 CPUs: 12 total, 12 available
 Memory: 16019M
 Large Page Support: Disabled
 NUMA Support: Disabled
 Compressed Oops: Enabled (32-bit)
 Heap Region Size: 1M
 Heap Min Capacity: 64M
 Heap Initial Capacity: 64M
 Heap Max Capacity: 2G
 Pre-touch: Disabled
 Parallel Workers: 10
 Concurrent Workers: 3
 Concurrent Refinement Workers: 10
 Periodic GC: Disabled

Heap:
 garbage-first heap   total 274432K, used 217088K [0x0000000080000000, 0x0000000100000000)
  region size 1024K, 67 young (68608K), 7 survivors (7168K)
 Metaspace       used 25468K, committed 25728K, reserved 1114112K
  class space    used 2561K, committed 2688K, reserved 1048576K

Heap Regions: E=young(eden), S=young(survivor), O=old, HS=humongous(starts), HC=humongous(continues), CS=collection set, F=free, TAMS=top-at-mark-start, PB=parsable bottom
|   0|0x0000000080000000, 0x0000000080100000, 0x0000000080100000|100%| O|  |TAMS 0x0000000080000000| PB 0x0000000080000000| Untracked 
|   1|0x0000000080100000, 0x0000000080200000, 0x0000000080200000|100%| O|  |TAMS 0x0000000080100000| PB 0x0000000080100000| Untracked 
|   2|0x0000000080200000, 0x0000000080300000, 0x0000000080300000|100%| O|  |TAMS 0x0000000080200000| PB 0x0000000080200000| Untracked 
|   3|0x0000000080300000, 0x0000000080400000, 0x0000000080400000|100%| O|  |TAMS 0x0000000080300000| PB 0x0000000080300000| Untracked 
|   4|0x0000000080400000, 0x0000000080500000, 0x0000000080500000|100%| O|  |TAMS 0x0000000080400000| PB 0x0000000080400000| Untracked 
|   5|0x0000000080500000, 0x0000000080600000, 0x0000000080600000|100%| O|  |TAMS 0x0000000080500000| PB 0x0000000080500000| Untracked 
|   6|0x0000000080600000, 0x0000000080700000, 0x0000000080700000|100%| O|  |TAMS 0x0000000080600000| PB 0x0000000080600000| Untracked 
|   7|0x0000000080700000, 0x0000000080800000, 0x0000000080800000|100%| O|  |TAMS 0x0000000080700000| PB 0x0000000080700000| Untracked 
|   8|0x0000000080800000, 0x0000000080900000, 0x0000000080900000|100%| O|  |TAMS 0x0000000080800000| PB 0x0000000080800000| Untracked 
|   9|0x0000000080900000, 0x0000000080a00000, 0x0000000080a00000|100%| O|  |TAMS 0x0000000080900000| PB 0x0000000080900000| Untracked 
|  10|0x0000000080a00000, 0x0000000080b00000, 0x0000000080b00000|100%| O|  |TAMS 0x0000000080a00000| PB 0x0000000080a00000| Untracked 
|  11|0x0000000080b00000, 0x0000000080c00000, 0x0000000080c00000|100%| O|  |TAMS 0x0000000080b00000| PB 0x0000000080b00000| Untracked 
|  12|0x0000000080c00000, 0x0000000080d00000, 0x0000000080d00000|100%| O|  |TAMS 0x0000000080c00000| PB 0x0000000080c00000| Untracked 
|  13|0x0000000080d00000, 0x0000000080e00000, 0x0000000080e00000|100%| O|  |TAMS 0x0000000080d00000| PB 0x0000000080d00000| Untracked 
|  14|0x0000000080e00000, 0x0000000080f00000, 0x0000000080f00000|100%| O|  |TAMS 0x0000000080e00000| PB 0x0000000080e00000| Untracked 
|  15|0x0000000080f00000, 0x0000000081000000, 0x0000000081000000|100%| O|  |TAMS 0x0000000080f00000| PB 0x0000000080f00000| Untracked 
|  16|0x0000000081000000, 0x0000000081100000, 0x0000000081100000|100%| O|  |TAMS 0x0000000081000000| PB 0x0000000081000000| Untracked 
|  17|0x0000000081100000, 0x0000000081200000, 0x0000000081200000|100%| O|  |TAMS 0x0000000081100000| PB 0x0000000081100000| Untracked 
|  18|0x0000000081200000, 0x0000000081300000, 0x0000000081300000|100%| O|  |TAMS 0x0000000081200000| PB 0x0000000081200000| Untracked 
|  19|0x0000000081300000, 0x0000000081400000, 0x0000000081400000|100%| O|  |TAMS 0x0000000081300000| PB 0x0000000081300000| Untracked 
|  20|0x0000000081400000, 0x0000000081500000, 0x0000000081500000|100%| O|  |TAMS 0x0000000081400000| PB 0x0000000081400000| Untracked 
|  21|0x0000000081500000, 0x0000000081600000, 0x0000000081600000|100%| O|  |TAMS 0x0000000081500000| PB 0x0000000081500000| Untracked 
|  22|0x0000000081600000, 0x0000000081700000, 0x0000000081700000|100%| O|  |TAMS 0x0000000081600000| PB 0x0000000081600000| Untracked 
|  23|0x0000000081700000, 0x0000000081800000, 0x0000000081800000|100%| O|  |TAMS 0x0000000081700000| PB 0x0000000081700000| Untracked 
|  24|0x0000000081800000, 0x0000000081900000, 0x0000000081900000|100%| O|  |TAMS 0x0000000081800000| PB 0x0000000081800000| Untracked 
|  25|0x0000000081900000, 0x0000000081a00000, 0x0000000081a00000|100%|HS|  |TAMS 0x0000000081900000| PB 0x0000000081900000| Complete 
|  26|0x0000000081a00000, 0x0000000081b00000, 0x0000000081b00000|100%| O|  |TAMS 0x0000000081a00000| PB 0x0000000081a00000| Untracked 
|  27|0x0000000081b00000, 0x0000000081c00000, 0x0000000081c00000|100%| O|  |TAMS 0x0000000081b00000| PB 0x0000000081b00000| Untracked 
|  28|0x0000000081c00000, 0x0000000081d00000, 0x0000000081d00000|100%| O|  |TAMS 0x0000000081c00000| PB 0x0000000081c00000| Untracked 
|  29|0x0000000081d00000, 0x0000000081e00000, 0x0000000081e00000|100%| O|  |TAMS 0x0000000081d00000| PB 0x0000000081d00000| Untracked 
|  30|0x0000000081e00000, 0x0000000081f00000, 0x0000000081f00000|100%| O|  |TAMS 0x0000000081e00000| PB 0x0000000081e00000| Untracked 
|  31|0x0000000081f00000, 0x0000000082000000, 0x0000000082000000|100%| O|Cm|TAMS 0x0000000081f00000| PB 0x0000000081f00000| Complete 
|  32|0x0000000082000000, 0x0000000082100000, 0x0000000082100000|100%| O|  |TAMS 0x0000000082000000| PB 0x0000000082000000| Untracked 
|  33|0x0000000082100000, 0x0000000082200000, 0x0000000082200000|100%| O|  |TAMS 0x0000000082100000| PB 0x0000000082100000| Untracked 
|  34|0x0000000082200000, 0x0000000082300000, 0x0000000082300000|100%| O|  |TAMS 0x0000000082200000| PB 0x0000000082200000| Untracked 
|  35|0x0000000082300000, 0x0000000082400000, 0x0000000082400000|100%| O|  |TAMS 0x0000000082300000| PB 0x0000000082300000| Untracked 
|  36|0x0000000082400000, 0x0000000082500000, 0x0000000082500000|100%| O|  |TAMS 0x0000000082400000| PB 0x0000000082400000| Untracked 
|  37|0x0000000082500000, 0x0000000082600000, 0x0000000082600000|100%| O|  |TAMS 0x0000000082500000| PB 0x0000000082500000| Untracked 
|  38|0x0000000082600000, 0x0000000082700000, 0x0000000082700000|100%| O|  |TAMS 0x0000000082600000| PB 0x0000000082600000| Untracked 
|  39|0x0000000082700000, 0x0000000082800000, 0x0000000082800000|100%| O|  |TAMS 0x0000000082700000| PB 0x0000000082700000| Untracked 
|  40|0x0000000082800000, 0x0000000082900000, 0x0000000082900000|100%| O|  |TAMS 0x0000000082800000| PB 0x0000000082800000| Untracked 
|  41|0x0000000082900000, 0x0000000082a00000, 0x0000000082a00000|100%| O|  |TAMS 0x0000000082900000| PB 0x0000000082900000| Untracked 
|  42|0x0000000082a00000, 0x0000000082b00000, 0x0000000082b00000|100%| O|  |TAMS 0x0000000082a00000| PB 0x0000000082a00000| Untracked 
|  43|0x0000000082b00000, 0x0000000082c00000, 0x0000000082c00000|100%| O|  |TAMS 0x0000000082b00000| PB 0x0000000082b00000| Untracked 
|  44|0x0000000082c00000, 0x0000000082d00000, 0x0000000082d00000|100%| O|  |TAMS 0x0000000082c00000| PB 0x0000000082c00000| Untracked 
|  45|0x0000000082d00000, 0x0000000082e00000, 0x0000000082e00000|100%| O|  |TAMS 0x0000000082d00000| PB 0x0000000082d00000| Untracked 
|  46|0x0000000082e00000, 0x0000000082f00000, 0x0000000082f00000|100%| O|  |TAMS 0x0000000082e00000| PB 0x0000000082e00000| Untracked 
|  47|0x0000000082f00000, 0x0000000083000000, 0x0000000083000000|100%| O|  |TAMS 0x0000000082f00000| PB 0x0000000082f00000| Untracked 
|  48|0x0000000083000000, 0x0000000083100000, 0x0000000083100000|100%| O|  |TAMS 0x0000000083000000| PB 0x0000000083000000| Untracked 
|  49|0x0000000083100000, 0x0000000083200000, 0x0000000083200000|100%| O|  |TAMS 0x0000000083100000| PB 0x0000000083100000| Untracked 
|  50|0x0000000083200000, 0x0000000083300000, 0x0000000083300000|100%| O|  |TAMS 0x0000000083200000| PB 0x0000000083200000| Untracked 
|  51|0x0000000083300000, 0x0000000083400000, 0x0000000083400000|100%| O|  |TAMS 0x0000000083300000| PB 0x0000000083300000| Untracked 
|  52|0x0000000083400000, 0x0000000083500000, 0x0000000083500000|100%| O|  |TAMS 0x0000000083400000| PB 0x0000000083400000| Untracked 
|  53|0x0000000083500000, 0x0000000083600000, 0x0000000083600000|100%| O|  |TAMS 0x0000000083500000| PB 0x0000000083500000| Untracked 
|  54|0x0000000083600000, 0x0000000083700000, 0x0000000083700000|100%| O|  |TAMS 0x0000000083600000| PB 0x0000000083600000| Untracked 
|  55|0x0000000083700000, 0x0000000083800000, 0x0000000083800000|100%| O|  |TAMS 0x0000000083700000| PB 0x0000000083700000| Untracked 
|  56|0x0000000083800000, 0x0000000083900000, 0x0000000083900000|100%| O|  |TAMS 0x0000000083800000| PB 0x0000000083800000| Untracked 
|  57|0x0000000083900000, 0x0000000083a00000, 0x0000000083a00000|100%| O|  |TAMS 0x0000000083900000| PB 0x0000000083900000| Untracked 
|  58|0x0000000083a00000, 0x0000000083b00000, 0x0000000083b00000|100%| O|  |TAMS 0x0000000083a00000| PB 0x0000000083a00000| Untracked 
|  59|0x0000000083b00000, 0x0000000083c00000, 0x0000000083c00000|100%| O|  |TAMS 0x0000000083b00000| PB 0x0000000083b00000| Untracked 
|  60|0x0000000083c00000, 0x0000000083d00000, 0x0000000083d00000|100%| O|  |TAMS 0x0000000083c00000| PB 0x0000000083c00000| Untracked 
|  61|0x0000000083d00000, 0x0000000083e00000, 0x0000000083e00000|100%| O|  |TAMS 0x0000000083d00000| PB 0x0000000083d00000| Untracked 
|  62|0x0000000083e00000, 0x0000000083f00000, 0x0000000083f00000|100%| O|  |TAMS 0x0000000083e00000| PB 0x0000000083e00000| Untracked 
|  63|0x0000000083f00000, 0x0000000084000000, 0x0000000084000000|100%| O|  |TAMS 0x0000000083f00000| PB 0x0000000083f00000| Untracked 
|  64|0x0000000084000000, 0x0000000084100000, 0x0000000084100000|100%| O|  |TAMS 0x0000000084000000| PB 0x0000000084000000| Untracked 
|  65|0x0000000084100000, 0x0000000084200000, 0x0000000084200000|100%| O|  |TAMS 0x0000000084100000| PB 0x0000000084100000| Untracked 
|  66|0x0000000084200000, 0x0000000084300000, 0x0000000084300000|100%| O|  |TAMS 0x0000000084200000| PB 0x0000000084200000| Untracked 
|  67|0x0000000084300000, 0x0000000084400000, 0x0000000084400000|100%|HS|  |TAMS 0x0000000084300000| PB 0x0000000084300000| Complete 
|  68|0x0000000084400000, 0x0000000084500000, 0x0000000084500000|100%|HC|  |TAMS 0x0000000084400000| PB 0x0000000084400000| Complete 
|  69|0x0000000084500000, 0x0000000084600000, 0x0000000084600000|100%|HC|  |TAMS 0x0000000084500000| PB 0x0000000084500000| Complete 
|  70|0x0000000084600000, 0x0000000084700000, 0x0000000084700000|100%| O|  |TAMS 0x0000000084600000| PB 0x0000000084600000| Untracked 
|  71|0x0000000084700000, 0x0000000084800000, 0x0000000084800000|100%| O|  |TAMS 0x0000000084700000| PB 0x0000000084700000| Untracked 
|  72|0x0000000084800000, 0x0000000084900000, 0x0000000084900000|100%| O|  |TAMS 0x0000000084800000| PB 0x0000000084800000| Untracked 
|  73|0x0000000084900000, 0x0000000084a00000, 0x0000000084a00000|100%| O|  |TAMS 0x0000000084900000| PB 0x0000000084900000| Untracked 
|  74|0x0000000084a00000, 0x0000000084b00000, 0x0000000084b00000|100%| O|  |TAMS 0x0000000084a00000| PB 0x0000000084a00000| Untracked 
|  75|0x0000000084b00000, 0x0000000084c00000, 0x0000000084c00000|100%| O|  |TAMS 0x0000000084b00000| PB 0x0000000084b00000| Untracked 
|  76|0x0000000084c00000, 0x0000000084d00000, 0x0000000084d00000|100%| O|  |TAMS 0x0000000084c00000| PB 0x0000000084c00000| Untracked 
|  77|0x0000000084d00000, 0x0000000084e00000, 0x0000000084e00000|100%| O|  |TAMS 0x0000000084d00000| PB 0x0000000084d00000| Untracked 
|  78|0x0000000084e00000, 0x0000000084f00000, 0x0000000084f00000|100%|HS|  |TAMS 0x0000000084e00000| PB 0x0000000084e00000| Complete 
|  79|0x0000000084f00000, 0x0000000085000000, 0x0000000085000000|100%| O|  |TAMS 0x0000000084f00000| PB 0x0000000084f00000| Untracked 
|  80|0x0000000085000000, 0x0000000085100000, 0x0000000085100000|100%| O|  |TAMS 0x0000000085000000| PB 0x0000000085000000| Untracked 
|  81|0x0000000085100000, 0x0000000085200000, 0x0000000085200000|100%| O|  |TAMS 0x0000000085100000| PB 0x0000000085100000| Untracked 
|  82|0x0000000085200000, 0x0000000085300000, 0x0000000085300000|100%| O|  |TAMS 0x0000000085200000| PB 0x0000000085200000| Untracked 
|  83|0x0000000085300000, 0x0000000085400000, 0x0000000085400000|100%| O|  |TAMS 0x0000000085300000| PB 0x0000000085300000| Untracked 
|  84|0x0000000085400000, 0x0000000085500000, 0x0000000085500000|100%| O|  |TAMS 0x0000000085400000| PB 0x0000000085400000| Untracked 
|  85|0x0000000085500000, 0x0000000085600000, 0x0000000085600000|100%| O|  |TAMS 0x0000000085500000| PB 0x0000000085500000| Untracked 
|  86|0x0000000085600000, 0x0000000085700000, 0x0000000085700000|100%| O|  |TAMS 0x0000000085600000| PB 0x0000000085600000| Untracked 
|  87|0x0000000085700000, 0x0000000085800000, 0x0000000085800000|100%|HS|  |TAMS 0x0000000085700000| PB 0x0000000085700000| Complete 
|  88|0x0000000085800000, 0x0000000085800000, 0x0000000085900000|  0%| F|  |TAMS 0x0000000085800000| PB 0x0000000085800000| Untracked 
|  89|0x0000000085900000, 0x0000000085a00000, 0x0000000085a00000|100%| O|  |TAMS 0x0000000085900000| PB 0x0000000085900000| Untracked 
|  90|0x0000000085a00000, 0x0000000085b00000, 0x0000000085b00000|100%| O|  |TAMS 0x0000000085a00000| PB 0x0000000085a00000| Untracked 
|  91|0x0000000085b00000, 0x0000000085c00000, 0x0000000085c00000|100%| O|  |TAMS 0x0000000085b00000| PB 0x0000000085b00000| Untracked 
|  92|0x0000000085c00000, 0x0000000085d00000, 0x0000000085d00000|100%| O|Cm|TAMS 0x0000000085c00000| PB 0x0000000085c00000| Complete 
|  93|0x0000000085d00000, 0x0000000085e00000, 0x0000000085e00000|100%| O|  |TAMS 0x0000000085d00000| PB 0x0000000085d00000| Untracked 
|  94|0x0000000085e00000, 0x0000000085f00000, 0x0000000085f00000|100%| O|  |TAMS 0x0000000085e00000| PB 0x0000000085e00000| Untracked 
|  95|0x0000000085f00000, 0x0000000086000000, 0x0000000086000000|100%| O|  |TAMS 0x0000000085f00000| PB 0x0000000085f00000| Untracked 
|  96|0x0000000086000000, 0x0000000086100000, 0x0000000086100000|100%| O|  |TAMS 0x0000000086000000| PB 0x0000000086000000| Untracked 
|  97|0x0000000086100000, 0x0000000086200000, 0x0000000086200000|100%| O|  |TAMS 0x0000000086100000| PB 0x0000000086100000| Untracked 
|  98|0x0000000086200000, 0x0000000086300000, 0x0000000086300000|100%| O|  |TAMS 0x0000000086200000| PB 0x0000000086200000| Untracked 
|  99|0x0000000086300000, 0x0000000086400000, 0x0000000086400000|100%| O|  |TAMS 0x0000000086300000| PB 0x0000000086300000| Untracked 
| 100|0x0000000086400000, 0x0000000086500000, 0x0000000086500000|100%| O|  |TAMS 0x0000000086400000| PB 0x0000000086400000| Untracked 
| 101|0x0000000086500000, 0x0000000086600000, 0x0000000086600000|100%| O|  |TAMS 0x0000000086500000| PB 0x0000000086500000| Untracked 
| 102|0x0000000086600000, 0x0000000086700000, 0x0000000086700000|100%| O|  |TAMS 0x0000000086600000| PB 0x0000000086600000| Untracked 
| 103|0x0000000086700000, 0x0000000086800000, 0x0000000086800000|100%| O|  |TAMS 0x0000000086700000| PB 0x0000000086700000| Untracked 
| 104|0x0000000086800000, 0x0000000086900000, 0x0000000086900000|100%| O|  |TAMS 0x0000000086800000| PB 0x0000000086800000| Untracked 
| 105|0x0000000086900000, 0x0000000086a00000, 0x0000000086a00000|100%| O|  |TAMS 0x0000000086900000| PB 0x0000000086900000| Untracked 
| 106|0x0000000086a00000, 0x0000000086b00000, 0x0000000086b00000|100%| O|  |TAMS 0x0000000086a00000| PB 0x0000000086a00000| Untracked 
| 107|0x0000000086b00000, 0x0000000086c00000, 0x0000000086c00000|100%| O|  |TAMS 0x0000000086b00000| PB 0x0000000086b00000| Untracked 
| 108|0x0000000086c00000, 0x0000000086d00000, 0x0000000086d00000|100%| O|Cm|TAMS 0x0000000086c00000| PB 0x0000000086c00000| Complete 
| 109|0x0000000086d00000, 0x0000000086e00000, 0x0000000086e00000|100%| O|  |TAMS 0x0000000086d00000| PB 0x0000000086d00000| Untracked 
| 110|0x0000000086e00000, 0x0000000086f00000, 0x0000000086f00000|100%| O|  |TAMS 0x0000000086e00000| PB 0x0000000086e00000| Untracked 
| 111|0x0000000086f00000, 0x0000000087000000, 0x0000000087000000|100%| O|  |TAMS 0x0000000086f00000| PB 0x0000000086f00000| Untracked 
| 112|0x0000000087000000, 0x0000000087000000, 0x0000000087100000|  0%| F|  |TAMS 0x0000000087000000| PB 0x0000000087000000| Untracked 
| 113|0x0000000087100000, 0x0000000087100000, 0x0000000087200000|  0%| F|  |TAMS 0x0000000087100000| PB 0x0000000087100000| Untracked 
| 114|0x0000000087200000, 0x0000000087300000, 0x0000000087300000|100%| O|  |TAMS 0x0000000087200000| PB 0x0000000087200000| Untracked 
| 115|0x0000000087300000, 0x0000000087400000, 0x0000000087400000|100%|HS|  |TAMS 0x0000000087300000| PB 0x0000000087300000| Complete 
| 116|0x0000000087400000, 0x0000000087500000, 0x0000000087500000|100%|HC|  |TAMS 0x0000000087400000| PB 0x0000000087400000| Complete 
| 117|0x0000000087500000, 0x0000000087500000, 0x0000000087600000|  0%| F|  |TAMS 0x0000000087500000| PB 0x0000000087500000| Untracked 
| 118|0x0000000087600000, 0x0000000087600000, 0x0000000087700000|  0%| F|  |TAMS 0x0000000087600000| PB 0x0000000087600000| Untracked 
| 119|0x0000000087700000, 0x0000000087700000, 0x0000000087800000|  0%| F|  |TAMS 0x0000000087700000| PB 0x0000000087700000| Untracked 
| 120|0x0000000087800000, 0x0000000087900000, 0x0000000087900000|100%|HS|  |TAMS 0x0000000087800000| PB 0x0000000087800000| Complete 
| 121|0x0000000087900000, 0x0000000087a00000, 0x0000000087a00000|100%|HC|  |TAMS 0x0000000087900000| PB 0x0000000087900000| Complete 
| 122|0x0000000087a00000, 0x0000000087b00000, 0x0000000087b00000|100%| O|  |TAMS 0x0000000087a00000| PB 0x0000000087a00000| Untracked 
| 123|0x0000000087b00000, 0x0000000087c00000, 0x0000000087c00000|100%|HS|  |TAMS 0x0000000087b00000| PB 0x0000000087b00000| Complete 
| 124|0x0000000087c00000, 0x0000000087d00000, 0x0000000087d00000|100%|HC|  |TAMS 0x0000000087c00000| PB 0x0000000087c00000| Complete 
| 125|0x0000000087d00000, 0x0000000087e00000, 0x0000000087e00000|100%|HS|  |TAMS 0x0000000087d00000| PB 0x0000000087d00000| Complete 
| 126|0x0000000087e00000, 0x0000000087f00000, 0x0000000087f00000|100%| O|  |TAMS 0x0000000087e00000| PB 0x0000000087e00000| Untracked 
| 127|0x0000000087f00000, 0x0000000088000000, 0x0000000088000000|100%| O|  |TAMS 0x0000000087f00000| PB 0x0000000087f00000| Untracked 
| 128|0x0000000088000000, 0x0000000088100000, 0x0000000088100000|100%| O|  |TAMS 0x0000000088000000| PB 0x0000000088000000| Untracked 
| 129|0x0000000088100000, 0x0000000088200000, 0x0000000088200000|100%| O|  |TAMS 0x0000000088100000| PB 0x0000000088100000| Untracked 
| 130|0x0000000088200000, 0x0000000088300000, 0x0000000088300000|100%| O|  |TAMS 0x0000000088200000| PB 0x0000000088200000| Untracked 
| 131|0x0000000088300000, 0x0000000088400000, 0x0000000088400000|100%| O|  |TAMS 0x0000000088300000| PB 0x0000000088300000| Untracked 
| 132|0x0000000088400000, 0x0000000088500000, 0x0000000088500000|100%| O|  |TAMS 0x0000000088400000| PB 0x0000000088400000| Untracked 
| 133|0x0000000088500000, 0x0000000088600000, 0x0000000088600000|100%| O|  |TAMS 0x0000000088500000| PB 0x0000000088500000| Untracked 
| 134|0x0000000088600000, 0x0000000088700000, 0x0000000088700000|100%| O|  |TAMS 0x0000000088600000| PB 0x0000000088600000| Untracked 
| 135|0x0000000088700000, 0x0000000088800000, 0x0000000088800000|100%| O|  |TAMS 0x0000000088700000| PB 0x0000000088700000| Untracked 
| 136|0x0000000088800000, 0x0000000088900000, 0x0000000088900000|100%| O|  |TAMS 0x0000000088800000| PB 0x0000000088800000| Untracked 
| 137|0x0000000088900000, 0x0000000088a00000, 0x0000000088a00000|100%| O|  |TAMS 0x0000000088900000| PB 0x0000000088900000| Untracked 
| 138|0x0000000088a00000, 0x0000000088b00000, 0x0000000088b00000|100%| O|  |TAMS 0x0000000088a00000| PB 0x0000000088a00000| Untracked 
| 139|0x0000000088b00000, 0x0000000088c00000, 0x0000000088c00000|100%| O|  |TAMS 0x0000000088b00000| PB 0x0000000088b00000| Untracked 
| 140|0x0000000088c00000, 0x0000000088d00000, 0x0000000088d00000|100%| O|  |TAMS 0x0000000088c00000| PB 0x0000000088c00000| Untracked 
| 141|0x0000000088d00000, 0x0000000088e00000, 0x0000000088e00000|100%| O|  |TAMS 0x0000000088d00000| PB 0x0000000088d00000| Untracked 
| 142|0x0000000088e00000, 0x0000000088f00000, 0x0000000088f00000|100%| O|  |TAMS 0x0000000088e00000| PB 0x0000000088e00000| Untracked 
| 143|0x0000000088f00000, 0x0000000089000000, 0x0000000089000000|100%| O|  |TAMS 0x0000000088f00000| PB 0x0000000088f00000| Untracked 
| 144|0x0000000089000000, 0x0000000089100000, 0x0000000089100000|100%| O|  |TAMS 0x0000000089000000| PB 0x0000000089000000| Untracked 
| 145|0x0000000089100000, 0x0000000089200000, 0x0000000089200000|100%| O|  |TAMS 0x0000000089100000| PB 0x0000000089100000| Untracked 
| 146|0x0000000089200000, 0x0000000089300000, 0x0000000089300000|100%| O|  |TAMS 0x0000000089200000| PB 0x0000000089200000| Untracked 
| 147|0x0000000089300000, 0x0000000089400000, 0x0000000089400000|100%| O|  |TAMS 0x0000000089300000| PB 0x0000000089300000| Untracked 
| 148|0x0000000089400000, 0x0000000089500000, 0x0000000089500000|100%| O|  |TAMS 0x0000000089400000| PB 0x0000000089400000| Untracked 
| 149|0x0000000089500000, 0x0000000089600000, 0x0000000089600000|100%| O|  |TAMS 0x0000000089500000| PB 0x0000000089500000| Untracked 
| 150|0x0000000089600000, 0x0000000089700000, 0x0000000089700000|100%| O|  |TAMS 0x0000000089600000| PB 0x0000000089600000| Untracked 
| 151|0x0000000089700000, 0x0000000089700000, 0x0000000089800000|  0%| F|  |TAMS 0x0000000089700000| PB 0x0000000089700000| Untracked 
| 152|0x0000000089800000, 0x0000000089800000, 0x0000000089900000|  0%| F|  |TAMS 0x0000000089800000| PB 0x0000000089800000| Untracked 
| 153|0x0000000089900000, 0x0000000089900000, 0x0000000089a00000|  0%| F|  |TAMS 0x0000000089900000| PB 0x0000000089900000| Untracked 
| 154|0x0000000089a00000, 0x0000000089a00000, 0x0000000089b00000|  0%| F|  |TAMS 0x0000000089a00000| PB 0x0000000089a00000| Untracked 
| 155|0x0000000089b00000, 0x0000000089b00000, 0x0000000089c00000|  0%| F|  |TAMS 0x0000000089b00000| PB 0x0000000089b00000| Untracked 
| 156|0x0000000089c00000, 0x0000000089c00000, 0x0000000089d00000|  0%| F|  |TAMS 0x0000000089c00000| PB 0x0000000089c00000| Untracked 
| 157|0x0000000089d00000, 0x0000000089d00000, 0x0000000089e00000|  0%| F|  |TAMS 0x0000000089d00000| PB 0x0000000089d00000| Untracked 
| 158|0x0000000089e00000, 0x0000000089e00000, 0x0000000089f00000|  0%| F|  |TAMS 0x0000000089e00000| PB 0x0000000089e00000| Untracked 
| 159|0x0000000089f00000, 0x0000000089f00000, 0x000000008a000000|  0%| F|  |TAMS 0x0000000089f00000| PB 0x0000000089f00000| Untracked 
| 160|0x000000008a000000, 0x000000008a100000, 0x000000008a100000|100%| O|  |TAMS 0x000000008a000000| PB 0x000000008a000000| Untracked 
| 161|0x000000008a100000, 0x000000008a100000, 0x000000008a200000|  0%| F|  |TAMS 0x000000008a100000| PB 0x000000008a100000| Untracked 
| 162|0x000000008a200000, 0x000000008a200000, 0x000000008a300000|  0%| F|  |TAMS 0x000000008a200000| PB 0x000000008a200000| Untracked 
| 163|0x000000008a300000, 0x000000008a300000, 0x000000008a400000|  0%| F|  |TAMS 0x000000008a300000| PB 0x000000008a300000| Untracked 
| 164|0x000000008a400000, 0x000000008a400000, 0x000000008a500000|  0%| F|  |TAMS 0x000000008a400000| PB 0x000000008a400000| Untracked 
| 165|0x000000008a500000, 0x000000008a500000, 0x000000008a600000|  0%| F|  |TAMS 0x000000008a500000| PB 0x000000008a500000| Untracked 
| 166|0x000000008a600000, 0x000000008a600000, 0x000000008a700000|  0%| F|  |TAMS 0x000000008a600000| PB 0x000000008a600000| Untracked 
| 167|0x000000008a700000, 0x000000008a700000, 0x000000008a800000|  0%| F|  |TAMS 0x000000008a700000| PB 0x000000008a700000| Untracked 
| 168|0x000000008a800000, 0x000000008a800000, 0x000000008a900000|  0%| F|  |TAMS 0x000000008a800000| PB 0x000000008a800000| Untracked 
| 169|0x000000008a900000, 0x000000008a900000, 0x000000008aa00000|  0%| F|  |TAMS 0x000000008a900000| PB 0x000000008a900000| Untracked 
| 170|0x000000008aa00000, 0x000000008aa00000, 0x000000008ab00000|  0%| F|  |TAMS 0x000000008aa00000| PB 0x000000008aa00000| Untracked 
| 171|0x000000008ab00000, 0x000000008ab00000, 0x000000008ac00000|  0%| F|  |TAMS 0x000000008ab00000| PB 0x000000008ab00000| Untracked 
| 172|0x000000008ac00000, 0x000000008ac00000, 0x000000008ad00000|  0%| F|  |TAMS 0x000000008ac00000| PB 0x000000008ac00000| Untracked 
| 173|0x000000008ad00000, 0x000000008ad00000, 0x000000008ae00000|  0%| F|  |TAMS 0x000000008ad00000| PB 0x000000008ad00000| Untracked 
| 174|0x000000008ae00000, 0x000000008af00000, 0x000000008af00000|100%| S|CS|TAMS 0x000000008ae00000| PB 0x000000008ae00000| Complete 
| 175|0x000000008af00000, 0x000000008b000000, 0x000000008b000000|100%| S|CS|TAMS 0x000000008af00000| PB 0x000000008af00000| Complete 
| 176|0x000000008b000000, 0x000000008b100000, 0x000000008b100000|100%| S|CS|TAMS 0x000000008b000000| PB 0x000000008b000000| Complete 
| 177|0x000000008b100000, 0x000000008b200000, 0x000000008b200000|100%| S|CS|TAMS 0x000000008b100000| PB 0x000000008b100000| Complete 
| 178|0x000000008b200000, 0x000000008b300000, 0x000000008b300000|100%| S|CS|TAMS 0x000000008b200000| PB 0x000000008b200000| Complete 
| 179|0x000000008b300000, 0x000000008b400000, 0x000000008b400000|100%| S|CS|TAMS 0x000000008b300000| PB 0x000000008b300000| Complete 
| 180|0x000000008b400000, 0x000000008b500000, 0x000000008b500000|100%| S|CS|TAMS 0x000000008b400000| PB 0x000000008b400000| Complete 
| 181|0x000000008b500000, 0x000000008b500000, 0x000000008b600000|  0%| F|  |TAMS 0x000000008b500000| PB 0x000000008b500000| Untracked 
| 182|0x000000008b600000, 0x000000008b600000, 0x000000008b700000|  0%| F|  |TAMS 0x000000008b600000| PB 0x000000008b600000| Untracked 
| 183|0x000000008b700000, 0x000000008b700000, 0x000000008b800000|  0%| F|  |TAMS 0x000000008b700000| PB 0x000000008b700000| Untracked 
| 184|0x000000008b800000, 0x000000008b800000, 0x000000008b900000|  0%| F|  |TAMS 0x000000008b800000| PB 0x000000008b800000| Untracked 
| 185|0x000000008b900000, 0x000000008b900000, 0x000000008ba00000|  0%| F|  |TAMS 0x000000008b900000| PB 0x000000008b900000| Untracked 
| 186|0x000000008ba00000, 0x000000008ba00000, 0x000000008bb00000|  0%| F|  |TAMS 0x000000008ba00000| PB 0x000000008ba00000| Untracked 
| 187|0x000000008bb00000, 0x000000008bb00000, 0x000000008bc00000|  0%| F|  |TAMS 0x000000008bb00000| PB 0x000000008bb00000| Untracked 
| 188|0x000000008bc00000, 0x000000008bc00000, 0x000000008bd00000|  0%| F|  |TAMS 0x000000008bc00000| PB 0x000000008bc00000| Untracked 
| 189|0x000000008bd00000, 0x000000008bd00000, 0x000000008be00000|  0%| F|  |TAMS 0x000000008bd00000| PB 0x000000008bd00000| Untracked 
| 190|0x000000008be00000, 0x000000008be00000, 0x000000008bf00000|  0%| F|  |TAMS 0x000000008be00000| PB 0x000000008be00000| Untracked 
| 191|0x000000008bf00000, 0x000000008bf00000, 0x000000008c000000|  0%| F|  |TAMS 0x000000008bf00000| PB 0x000000008bf00000| Untracked 
| 192|0x000000008c000000, 0x000000008c000000, 0x000000008c100000|  0%| F|  |TAMS 0x000000008c000000| PB 0x000000008c000000| Untracked 
| 193|0x000000008c100000, 0x000000008c100000, 0x000000008c200000|  0%| F|  |TAMS 0x000000008c100000| PB 0x000000008c100000| Untracked 
| 194|0x000000008c200000, 0x000000008c200000, 0x000000008c300000|  0%| F|  |TAMS 0x000000008c200000| PB 0x000000008c200000| Untracked 
| 195|0x000000008c300000, 0x000000008c300000, 0x000000008c400000|  0%| F|  |TAMS 0x000000008c300000| PB 0x000000008c300000| Untracked 
| 196|0x000000008c400000, 0x000000008c400000, 0x000000008c500000|  0%| F|  |TAMS 0x000000008c400000| PB 0x000000008c400000| Untracked 
| 197|0x000000008c500000, 0x000000008c500000, 0x000000008c600000|  0%| F|  |TAMS 0x000000008c500000| PB 0x000000008c500000| Untracked 
| 198|0x000000008c600000, 0x000000008c600000, 0x000000008c700000|  0%| F|  |TAMS 0x000000008c600000| PB 0x000000008c600000| Untracked 
| 199|0x000000008c700000, 0x000000008c700000, 0x000000008c800000|  0%| F|  |TAMS 0x000000008c700000| PB 0x000000008c700000| Untracked 
| 200|0x000000008c800000, 0x000000008c800000, 0x000000008c900000|  0%| F|  |TAMS 0x000000008c800000| PB 0x000000008c800000| Untracked 
| 201|0x000000008c900000, 0x000000008c900000, 0x000000008ca00000|  0%| F|  |TAMS 0x000000008c900000| PB 0x000000008c900000| Untracked 
| 202|0x000000008ca00000, 0x000000008ca00000, 0x000000008cb00000|  0%| F|  |TAMS 0x000000008ca00000| PB 0x000000008ca00000| Untracked 
| 203|0x000000008cb00000, 0x000000008cb00000, 0x000000008cc00000|  0%| F|  |TAMS 0x000000008cb00000| PB 0x000000008cb00000| Untracked 
| 204|0x000000008cc00000, 0x000000008cc00000, 0x000000008cd00000|  0%| F|  |TAMS 0x000000008cc00000| PB 0x000000008cc00000| Untracked 
| 205|0x000000008cd00000, 0x000000008cd00000, 0x000000008ce00000|  0%| F|  |TAMS 0x000000008cd00000| PB 0x000000008cd00000| Untracked 
| 206|0x000000008ce00000, 0x000000008ce80000, 0x000000008cf00000| 50%| E|  |TAMS 0x000000008ce00000| PB 0x000000008ce00000| Complete 
| 207|0x000000008cf00000, 0x000000008d000000, 0x000000008d000000|100%| E|CS|TAMS 0x000000008cf00000| PB 0x000000008cf00000| Complete 
| 208|0x000000008d000000, 0x000000008d100000, 0x000000008d100000|100%| E|CS|TAMS 0x000000008d000000| PB 0x000000008d000000| Complete 
| 209|0x000000008d100000, 0x000000008d200000, 0x000000008d200000|100%| E|CS|TAMS 0x000000008d100000| PB 0x000000008d100000| Complete 
| 210|0x000000008d200000, 0x000000008d300000, 0x000000008d300000|100%| E|CS|TAMS 0x000000008d200000| PB 0x000000008d200000| Complete 
| 211|0x000000008d300000, 0x000000008d400000, 0x000000008d400000|100%| E|CS|TAMS 0x000000008d300000| PB 0x000000008d300000| Complete 
| 212|0x000000008d400000, 0x000000008d500000, 0x000000008d500000|100%| E|CS|TAMS 0x000000008d400000| PB 0x000000008d400000| Complete 
| 213|0x000000008d500000, 0x000000008d600000, 0x000000008d600000|100%| E|CS|TAMS 0x000000008d500000| PB 0x000000008d500000| Complete 
| 214|0x000000008d600000, 0x000000008d700000, 0x000000008d700000|100%| E|CS|TAMS 0x000000008d600000| PB 0x000000008d600000| Complete 
| 215|0x000000008d700000, 0x000000008d800000, 0x000000008d800000|100%| E|CS|TAMS 0x000000008d700000| PB 0x000000008d700000| Complete 
| 216|0x000000008d800000, 0x000000008d900000, 0x000000008d900000|100%| E|CS|TAMS 0x000000008d800000| PB 0x000000008d800000| Complete 
| 217|0x000000008d900000, 0x000000008da00000, 0x000000008da00000|100%| E|CS|TAMS 0x000000008d900000| PB 0x000000008d900000| Complete 
| 218|0x000000008da00000, 0x000000008db00000, 0x000000008db00000|100%| E|CS|TAMS 0x000000008da00000| PB 0x000000008da00000| Complete 
| 219|0x000000008db00000, 0x000000008dc00000, 0x000000008dc00000|100%| E|CS|TAMS 0x000000008db00000| PB 0x000000008db00000| Complete 
| 220|0x000000008dc00000, 0x000000008dd00000, 0x000000008dd00000|100%| E|CS|TAMS 0x000000008dc00000| PB 0x000000008dc00000| Complete 
| 221|0x000000008dd00000, 0x000000008de00000, 0x000000008de00000|100%| E|CS|TAMS 0x000000008dd00000| PB 0x000000008dd00000| Complete 
| 222|0x000000008de00000, 0x000000008df00000, 0x000000008df00000|100%| E|CS|TAMS 0x000000008de00000| PB 0x000000008de00000| Complete 
| 223|0x000000008df00000, 0x000000008e000000, 0x000000008e000000|100%| E|CS|TAMS 0x000000008df00000| PB 0x000000008df00000| Complete 
| 224|0x000000008e000000, 0x000000008e100000, 0x000000008e100000|100%| E|CS|TAMS 0x000000008e000000| PB 0x000000008e000000| Complete 
| 225|0x000000008e100000, 0x000000008e200000, 0x000000008e200000|100%| E|CS|TAMS 0x000000008e100000| PB 0x000000008e100000| Complete 
| 226|0x000000008e200000, 0x000000008e300000, 0x000000008e300000|100%| E|CS|TAMS 0x000000008e200000| PB 0x000000008e200000| Complete 
| 227|0x000000008e300000, 0x000000008e400000, 0x000000008e400000|100%| E|CS|TAMS 0x000000008e300000| PB 0x000000008e300000| Complete 
| 228|0x000000008e400000, 0x000000008e500000, 0x000000008e500000|100%| E|CS|TAMS 0x000000008e400000| PB 0x000000008e400000| Complete 
| 229|0x000000008e500000, 0x000000008e600000, 0x000000008e600000|100%| E|CS|TAMS 0x000000008e500000| PB 0x000000008e500000| Complete 
| 230|0x000000008e600000, 0x000000008e700000, 0x000000008e700000|100%| E|CS|TAMS 0x000000008e600000| PB 0x000000008e600000| Complete 
| 231|0x000000008e700000, 0x000000008e800000, 0x000000008e800000|100%| E|CS|TAMS 0x000000008e700000| PB 0x000000008e700000| Complete 
| 232|0x000000008e800000, 0x000000008e900000, 0x000000008e900000|100%| E|CS|TAMS 0x000000008e800000| PB 0x000000008e800000| Complete 
| 233|0x000000008e900000, 0x000000008ea00000, 0x000000008ea00000|100%| E|CS|TAMS 0x000000008e900000| PB 0x000000008e900000| Complete 
| 234|0x000000008ea00000, 0x000000008eb00000, 0x000000008eb00000|100%| E|CS|TAMS 0x000000008ea00000| PB 0x000000008ea00000| Complete 
| 235|0x000000008eb00000, 0x000000008ec00000, 0x000000008ec00000|100%| E|CS|TAMS 0x000000008eb00000| PB 0x000000008eb00000| Complete 
| 236|0x000000008ec00000, 0x000000008ed00000, 0x000000008ed00000|100%| E|CS|TAMS 0x000000008ec00000| PB 0x000000008ec00000| Complete 
| 237|0x000000008ed00000, 0x000000008ee00000, 0x000000008ee00000|100%| E|CS|TAMS 0x000000008ed00000| PB 0x000000008ed00000| Complete 
| 238|0x000000008ee00000, 0x000000008ef00000, 0x000000008ef00000|100%| E|CS|TAMS 0x000000008ee00000| PB 0x000000008ee00000| Complete 
| 239|0x000000008ef00000, 0x000000008f000000, 0x000000008f000000|100%| E|CS|TAMS 0x000000008ef00000| PB 0x000000008ef00000| Complete 
| 240|0x000000008f000000, 0x000000008f100000, 0x000000008f100000|100%| E|CS|TAMS 0x000000008f000000| PB 0x000000008f000000| Complete 
| 241|0x000000008f100000, 0x000000008f200000, 0x000000008f200000|100%| E|CS|TAMS 0x000000008f100000| PB 0x000000008f100000| Complete 
| 242|0x000000008f200000, 0x000000008f300000, 0x000000008f300000|100%| E|CS|TAMS 0x000000008f200000| PB 0x000000008f200000| Complete 
| 243|0x000000008f300000, 0x000000008f400000, 0x000000008f400000|100%| E|CS|TAMS 0x000000008f300000| PB 0x000000008f300000| Complete 
| 244|0x000000008f400000, 0x000000008f500000, 0x000000008f500000|100%| E|CS|TAMS 0x000000008f400000| PB 0x000000008f400000| Complete 
| 245|0x000000008f500000, 0x000000008f600000, 0x000000008f600000|100%| E|CS|TAMS 0x000000008f500000| PB 0x000000008f500000| Complete 
| 246|0x000000008f600000, 0x000000008f700000, 0x000000008f700000|100%| E|CS|TAMS 0x000000008f600000| PB 0x000000008f600000| Complete 
| 247|0x000000008f700000, 0x000000008f800000, 0x000000008f800000|100%| E|CS|TAMS 0x000000008f700000| PB 0x000000008f700000| Complete 
| 248|0x000000008f800000, 0x000000008f900000, 0x000000008f900000|100%| E|CS|TAMS 0x000000008f800000| PB 0x000000008f800000| Complete 
| 249|0x000000008f900000, 0x000000008fa00000, 0x000000008fa00000|100%| E|CS|TAMS 0x000000008f900000| PB 0x000000008f900000| Complete 
| 250|0x000000008fa00000, 0x000000008fb00000, 0x000000008fb00000|100%| E|CS|TAMS 0x000000008fa00000| PB 0x000000008fa00000| Complete 
| 251|0x000000008fb00000, 0x000000008fc00000, 0x000000008fc00000|100%| E|CS|TAMS 0x000000008fb00000| PB 0x000000008fb00000| Complete 
| 252|0x000000008fc00000, 0x000000008fd00000, 0x000000008fd00000|100%| E|CS|TAMS 0x000000008fc00000| PB 0x000000008fc00000| Complete 
| 253|0x000000008fd00000, 0x000000008fe00000, 0x000000008fe00000|100%| E|CS|TAMS 0x000000008fd00000| PB 0x000000008fd00000| Complete 
| 254|0x000000008fe00000, 0x000000008ff00000, 0x000000008ff00000|100%| E|CS|TAMS 0x000000008fe00000| PB 0x000000008fe00000| Complete 
| 255|0x000000008ff00000, 0x0000000090000000, 0x0000000090000000|100%| E|CS|TAMS 0x000000008ff00000| PB 0x000000008ff00000| Complete 
| 256|0x0000000090000000, 0x0000000090100000, 0x0000000090100000|100%| E|CS|TAMS 0x0000000090000000| PB 0x0000000090000000| Complete 
| 257|0x0000000090100000, 0x0000000090200000, 0x0000000090200000|100%| E|CS|TAMS 0x0000000090100000| PB 0x0000000090100000| Complete 
| 258|0x0000000090200000, 0x0000000090300000, 0x0000000090300000|100%| E|CS|TAMS 0x0000000090200000| PB 0x0000000090200000| Complete 
| 259|0x0000000090300000, 0x0000000090400000, 0x0000000090400000|100%| E|CS|TAMS 0x0000000090300000| PB 0x0000000090300000| Complete 
| 260|0x0000000090400000, 0x0000000090500000, 0x0000000090500000|100%| E|CS|TAMS 0x0000000090400000| PB 0x0000000090400000| Complete 
| 261|0x0000000090500000, 0x0000000090600000, 0x0000000090600000|100%| E|CS|TAMS 0x0000000090500000| PB 0x0000000090500000| Complete 
| 262|0x0000000090600000, 0x0000000090700000, 0x0000000090700000|100%| E|CS|TAMS 0x0000000090600000| PB 0x0000000090600000| Complete 
| 263|0x0000000090700000, 0x0000000090800000, 0x0000000090800000|100%| E|CS|TAMS 0x0000000090700000| PB 0x0000000090700000| Complete 
| 264|0x0000000090800000, 0x0000000090900000, 0x0000000090900000|100%| E|CS|TAMS 0x0000000090800000| PB 0x0000000090800000| Complete 
| 265|0x0000000090900000, 0x0000000090a00000, 0x0000000090a00000|100%| E|CS|TAMS 0x0000000090900000| PB 0x0000000090900000| Complete 
| 266|0x0000000090a00000, 0x0000000090b00000, 0x0000000090b00000|100%| E|CS|TAMS 0x0000000090a00000| PB 0x0000000090a00000| Complete 
| 267|0x0000000090b00000, 0x0000000090c00000, 0x0000000090c00000|100%| E|CS|TAMS 0x0000000090b00000| PB 0x0000000090b00000| Complete 

Card table byte_map: [0x000001f33a6b0000,0x000001f33aab0000] _byte_map_base: 0x000001f33a2b0000

Marking Bits: (CMBitMap*) 0x000001f3282d7660
 Bits: [0x000001f33aab0000, 0x000001f33cab0000)

Polling page: 0x000001f3278a0000

Metaspace:

Usage:
  Non-class:     22.37 MB used.
      Class:      2.50 MB used.
       Both:     24.87 MB used.

Virtual space:
  Non-class space:       64.00 MB reserved,      22.50 MB ( 35%) committed,  1 nodes.
      Class space:        1.00 GB reserved,       2.62 MB ( <1%) committed,  1 nodes.
             Both:        1.06 GB reserved,      25.12 MB (  2%) committed. 

Chunk freelists:
   Non-Class:  9.41 MB
       Class:  13.33 MB
        Both:  22.73 MB

MaxMetaspaceSize: unlimited
CompressedClassSpaceSize: 1.00 GB
Initial GC threshold: 21.00 MB
Current GC threshold: 41.19 MB
CDS: off
 - commit_granule_bytes: 65536.
 - commit_granule_words: 8192.
 - virtual_space_node_default_size: 8388608.
 - enlarge_chunks_in_place: 1.
 - use_allocation_guard: 0.


Internal statistics:

num_allocs_failed_limit: 3.
num_arena_births: 186.
num_arena_deaths: 0.
num_vsnodes_births: 2.
num_vsnodes_deaths: 0.
num_space_committed: 401.
num_space_uncommitted: 0.
num_chunks_returned_to_freelist: 3.
num_chunks_taken_from_freelist: 611.
num_chunk_merges: 3.
num_chunk_splits: 388.
num_chunks_enlarged: 268.
num_inconsistent_stats: 0.

CodeHeap 'non-profiled nmethods': size=120000Kb used=2821Kb max_used=2821Kb free=117178Kb
 bounds [0x000001f332830000, 0x000001f332b00000, 0x000001f339d60000]
CodeHeap 'profiled nmethods': size=120000Kb used=5224Kb max_used=6448Kb free=114775Kb
 bounds [0x000001f32ad60000, 0x000001f32b3d0000, 0x000001f332290000]
CodeHeap 'non-nmethods': size=5760Kb used=1494Kb max_used=1553Kb free=4265Kb
 bounds [0x000001f332290000, 0x000001f332500000, 0x000001f332830000]
CodeCache: size=245760Kb, used=9539Kb, max_used=10822Kb, free=236218Kb
 total_blobs=3531, nmethods=2963, adapters=472, full_count=0
Compilation: enabled, stopped_count=0, restarted_count=0

Compilation events (20 events):
Event: 14.488 Thread 0x000001f33f6bfb00 3809       3       org.languagetool.tokenizers.el.GreekWordTokenizerImpl::getText (25 bytes)
Event: 14.488 Thread 0x000001f33f6bfb00 nmethod 3809 0x000001f32b1e7210 code [0x000001f32b1e73c0, 0x000001f32b1e7578]
Event: 14.488 Thread 0x000001f33f6bfb00 3807       3       java.io.StringReader::<init> (28 bytes)
Event: 14.488 Thread 0x000001f33f6bfb00 nmethod 3807 0x000001f32b1e6b10 code [0x000001f32b1e6ce0, 0x000001f32b1e7098]
Event: 14.490 Thread 0x000001f33f6e05d0 nmethod 3802 0x000001f332ae8690 code [0x000001f332ae8860, 0x000001f332ae8c48]
Event: 14.490 Thread 0x000001f33f6e05d0 3808   !   4       java.io.StringReader::read (105 bytes)
Event: 14.490 Thread 0x000001f33f6bfb00 3811   !   3       org.languagetool.tokenizers.el.GreekWordTokenizer::tokenize (91 bytes)
Event: 14.491 Thread 0x000001f33f6bfb00 nmethod 3811 0x000001f32b1e4e10 code [0x000001f32b1e50e0, 0x000001f32b1e60c8]
Event: 14.491 Thread 0x000001f33f6bfb00 3812       3       org.languagetool.tokenizers.el.GreekWordTokenizerImpl::yyreset (61 bytes)
Event: 14.491 Thread 0x000001f33f6bfb00 nmethod 3812 0x000001f32b357890 code [0x000001f32b357a20, 0x000001f32b357bd0]
Event: 14.494 Thread 0x000001f33f6e05d0 nmethod 3808 0x000001f332ae8f10 code [0x000001f332ae90e0, 0x000001f332ae99f0]
Event: 14.494 Thread 0x000001f33f6e05d0 3813 %s    4       org.languagetool.rules.spelling.SpellingCheckRule::init @ 150 (314 bytes)
Event: 14.587 Thread 0x000001f33f6bfb00 3820   !   3       java.lang.ref.ReferenceQueue::remove (61 bytes)
Event: 14.588 Thread 0x000001f33f6bfb00 nmethod 3820 0x000001f32b356710 code [0x000001f32b3569a0, 0x000001f32b3574e0]
Event: 14.588 Thread 0x000001f33f6bfb00 3821       3       java.lang.ref.ReferenceQueue::remove0 (64 bytes)
Event: 14.589 Thread 0x000001f33f6bfb00 nmethod 3821 0x000001f32b355f10 code [0x000001f32b356120, 0x000001f32b356590]
Event: 14.608 Thread 0x000001f33f6e05d0 nmethod 3813% 0x000001f332ae9e90 code [0x000001f332aea3e0, 0x000001f332aed278]
Event: 14.608 Thread 0x000001f33f6e05d0 3816       4       org.languagetool.tokenizers.WordTokenizer::joinEMails (235 bytes)
Event: 14.646 Thread 0x000001f33f6e05d0 nmethod 3816 0x000001f332aeef90 code [0x000001f332aef240, 0x000001f332af09d8]
Event: 14.646 Thread 0x000001f33f6e05d0 3823  s    4       org.languagetool.rules.spelling.SpellingCheckRule::init (314 bytes)

GC Heap History (20 events):
Event: 9.184 GC heap before
{Heap before GC invocations=13 (full 0):
 garbage-first heap   total 82944K, used 72548K [0x0000000080000000, 0x0000000100000000)
  region size 1024K, 24 young (24576K), 4 survivors (4096K)
 Metaspace       used 23980K, committed 24192K, reserved 1114112K
  class space    used 2323K, committed 2432K, reserved 1048576K
}
Event: 9.202 GC heap after
{Heap after GC invocations=14 (full 0):
 garbage-first heap   total 123904K, used 55234K [0x0000000080000000, 0x0000000100000000)
  region size 1024K, 3 young (3072K), 3 survivors (3072K)
 Metaspace       used 23980K, committed 24192K, reserved 1114112K
  class space    used 2323K, committed 2432K, reserved 1048576K
}
Event: 9.669 GC heap before
{Heap before GC invocations=14 (full 0):
 garbage-first heap   total 123904K, used 105410K [0x0000000080000000, 0x0000000100000000)
  region size 1024K, 50 young (51200K), 3 survivors (3072K)
 Metaspace       used 24100K, committed 24384K, reserved 1114112K
  class space    used 2334K, committed 2496K, reserved 1048576K
}
Event: 9.709 GC heap after
{Heap after GC invocations=15 (full 0):
 garbage-first heap   total 123904K, used 70144K [0x0000000080000000, 0x0000000100000000)
  region size 1024K, 7 young (7168K), 7 survivors (7168K)
 Metaspace       used 24100K, committed 24384K, reserved 1114112K
  class space    used 2334K, committed 2496K, reserved 1048576K
}
Event: 9.877 GC heap before
{Heap before GC invocations=15 (full 0):
 garbage-first heap   total 123904K, used 104960K [0x0000000080000000, 0x0000000100000000)
  region size 1024K, 41 young (41984K), 7 survivors (7168K)
 Metaspace       used 24100K, committed 24384K, reserved 1114112K
  class space    used 2334K, committed 2496K, reserved 1048576K
}
Event: 9.915 GC heap after
{Heap after GC invocations=16 (full 0):
 garbage-first heap   total 123904K, used 79360K [0x0000000080000000, 0x0000000100000000)
  region size 1024K, 6 young (6144K), 6 survivors (6144K)
 Metaspace       used 24100K, committed 24384K, reserved 1114112K
  class space    used 2334K, committed 2496K, reserved 1048576K
}
Event: 10.112 GC heap before
{Heap before GC invocations=17 (full 0):
 garbage-first heap   total 137216K, used 109056K [0x0000000080000000, 0x0000000100000000)
  region size 1024K, 33 young (33792K), 6 survivors (6144K)
 Metaspace       used 24105K, committed 24384K, reserved 1114112K
  class space    used 2334K, committed 2496K, reserved 1048576K
}
Event: 10.141 GC heap after
{Heap after GC invocations=18 (full 0):
 garbage-first heap   total 137216K, used 89088K [0x0000000080000000, 0x0000000100000000)
  region size 1024K, 5 young (5120K), 5 survivors (5120K)
 Metaspace       used 24105K, committed 24384K, reserved 1114112K
  class space    used 2334K, committed 2496K, reserved 1048576K
}
Event: 10.690 GC heap before
{Heap before GC invocations=18 (full 0):
 garbage-first heap   total 137216K, used 118784K [0x0000000080000000, 0x0000000100000000)
  region size 1024K, 34 young (34816K), 5 survivors (5120K)
 Metaspace       used 24153K, committed 24448K, reserved 1114112K
  class space    used 2337K, committed 2496K, reserved 1048576K
}
Event: 10.711 GC heap after
{Heap after GC invocations=19 (full 0):
 garbage-first heap   total 137216K, used 93696K [0x0000000080000000, 0x0000000100000000)
  region size 1024K, 5 young (5120K), 5 survivors (5120K)
 Metaspace       used 24153K, committed 24448K, reserved 1114112K
  class space    used 2337K, committed 2496K, reserved 1048576K
}
Event: 10.930 GC heap before
{Heap before GC invocations=19 (full 0):
 garbage-first heap   total 137216K, used 121344K [0x0000000080000000, 0x0000000100000000)
  region size 1024K, 32 young (32768K), 5 survivors (5120K)
 Metaspace       used 24153K, committed 24448K, reserved 1114112K
  class space    used 2337K, committed 2496K, reserved 1048576K
}
Event: 10.952 GC heap after
{Heap after GC invocations=20 (full 0):
 garbage-first heap   total 274432K, used 99256K [0x0000000080000000, 0x0000000100000000)
  region size 1024K, 4 young (4096K), 4 survivors (4096K)
 Metaspace       used 24153K, committed 24448K, reserved 1114112K
  class space    used 2337K, committed 2496K, reserved 1048576K
}
Event: 11.495 GC heap before
{Heap before GC invocations=21 (full 0):
 garbage-first heap   total 274432K, used 207800K [0x0000000080000000, 0x0000000100000000)
  region size 1024K, 112 young (114688K), 4 survivors (4096K)
 Metaspace       used 24162K, committed 24448K, reserved 1114112K
  class space    used 2337K, committed 2496K, reserved 1048576K
}
Event: 11.523 GC heap after
{Heap after GC invocations=22 (full 0):
 garbage-first heap   total 274432K, used 112640K [0x0000000080000000, 0x0000000100000000)
  region size 1024K, 14 young (14336K), 14 survivors (14336K)
 Metaspace       used 24162K, committed 24448K, reserved 1114112K
  class space    used 2337K, committed 2496K, reserved 1048576K
}
Event: 11.950 GC heap before
{Heap before GC invocations=22 (full 0):
 garbage-first heap   total 274432K, used 215040K [0x0000000080000000, 0x0000000100000000)
  region size 1024K, 114 young (116736K), 14 survivors (14336K)
 Metaspace       used 24188K, committed 24512K, reserved 1114112K
  class space    used 2338K, committed 2496K, reserved 1048576K
}
Event: 11.975 GC heap after
{Heap after GC invocations=23 (full 0):
 garbage-first heap   total 274432K, used 123651K [0x0000000080000000, 0x0000000100000000)
  region size 1024K, 12 young (12288K), 12 survivors (12288K)
 Metaspace       used 24188K, committed 24512K, reserved 1114112K
  class space    used 2338K, committed 2496K, reserved 1048576K
}
Event: 13.229 GC heap before
{Heap before GC invocations=23 (full 0):
 garbage-first heap   total 274432K, used 237315K [0x0000000080000000, 0x0000000100000000)
  region size 1024K, 107 young (109568K), 12 survivors (12288K)
 Metaspace       used 25041K, committed 25216K, reserved 1114112K
  class space    used 2520K, committed 2624K, reserved 1048576K
}
Event: 13.252 GC heap after
{Heap after GC invocations=24 (full 0):
 garbage-first heap   total 274432K, used 143872K [0x0000000080000000, 0x0000000100000000)
  region size 1024K, 14 young (14336K), 14 survivors (14336K)
 Metaspace       used 25041K, committed 25216K, reserved 1114112K
  class space    used 2520K, committed 2624K, reserved 1048576K
}
Event: 14.563 GC heap before
{Heap before GC invocations=25 (full 0):
 garbage-first heap   total 274432K, used 242176K [0x0000000080000000, 0x0000000100000000)
  region size 1024K, 101 young (103424K), 14 survivors (14336K)
 Metaspace       used 25467K, committed 25728K, reserved 1114112K
  class space    used 2561K, committed 2688K, reserved 1048576K
}
Event: 14.580 GC heap after
{Heap after GC invocations=26 (full 0):
 garbage-first heap   total 274432K, used 156672K [0x0000000080000000, 0x0000000100000000)
  region size 1024K, 7 young (7168K), 7 survivors (7168K)
 Metaspace       used 25467K, committed 25728K, reserved 1114112K
  class space    used 2561K, committed 2688K, reserved 1048576K
}

Dll operation events (9 events):
Event: 0.016 Loaded shared library c:\Users\yusen\.vscode\extensions\ltex-plus.vscode-ltex-plus-15.6.1\lib\ltex-ls-plus-18.6.1\jdk-21.0.8+9\bin\java.dll
Event: 0.024 Loaded shared library c:\Users\yusen\.vscode\extensions\ltex-plus.vscode-ltex-plus-15.6.1\lib\ltex-ls-plus-18.6.1\jdk-21.0.8+9\bin\zip.dll
Event: 0.263 Loaded shared library c:\Users\yusen\.vscode\extensions\ltex-plus.vscode-ltex-plus-15.6.1\lib\ltex-ls-plus-18.6.1\jdk-21.0.8+9\bin\jsvml.dll
Event: 0.714 Loaded shared library C:\Users\yusen\.vscode\extensions\ltex-plus.vscode-ltex-plus-15.6.1\lib\ltex-ls-plus-18.6.1\jdk-21.0.8+9\bin\net.dll
Event: 0.718 Loaded shared library C:\Users\yusen\.vscode\extensions\ltex-plus.vscode-ltex-plus-15.6.1\lib\ltex-ls-plus-18.6.1\jdk-21.0.8+9\bin\nio.dll
Event: 0.730 Loaded shared library C:\Users\yusen\.vscode\extensions\ltex-plus.vscode-ltex-plus-15.6.1\lib\ltex-ls-plus-18.6.1\jdk-21.0.8+9\bin\zip.dll
Event: 1.380 Loaded shared library C:\Users\yusen\.vscode\extensions\ltex-plus.vscode-ltex-plus-15.6.1\lib\ltex-ls-plus-18.6.1\jdk-21.0.8+9\bin\jimage.dll
Event: 1.556 Loaded shared library C:\Users\yusen\AppData\Local\Temp\jansi-2.4.2-2c0a2570b03bf1a4-jansi.dll
Event: 1.620 Loaded shared library c:\Users\yusen\.vscode\extensions\ltex-plus.vscode-ltex-plus-15.6.1\lib\ltex-ls-plus-18.6.1\jdk-21.0.8+9\bin\verify.dll

Deoptimization events (20 events):
Event: 13.450 Thread 0x000001f323060340 DEOPT PACKING pc=0x000001f332a4d400 sp=0x000000eedb7fd7d0
Event: 13.450 Thread 0x000001f323060340 DEOPT UNPACKING pc=0x000001f3322e46a2 sp=0x000000eedb7fd788 mode 2
Event: 13.450 Thread 0x000001f323060340 Uncommon trap: trap_request=0xffffffc6 fr.pc=0x000001f332a4d400 relative=0x0000000000000ba0
Event: 13.450 Thread 0x000001f323060340 Uncommon trap: reason=bimorphic_or_optimized_type_check action=maybe_recompile pc=0x000001f332a4d400 method=java.util.HashMap.computeIfAbsent(Ljava/lang/Object;Ljava/util/function/Function;)Ljava/lang/Object; @ 142 c2
Event: 13.450 Thread 0x000001f323060340 DEOPT PACKING pc=0x000001f332a4d400 sp=0x000000eedb7fd7d0
Event: 13.450 Thread 0x000001f323060340 DEOPT UNPACKING pc=0x000001f3322e46a2 sp=0x000000eedb7fd788 mode 2
Event: 13.450 Thread 0x000001f323060340 Uncommon trap: trap_request=0xffffffc6 fr.pc=0x000001f332a4d400 relative=0x0000000000000ba0
Event: 13.450 Thread 0x000001f323060340 Uncommon trap: reason=bimorphic_or_optimized_type_check action=maybe_recompile pc=0x000001f332a4d400 method=java.util.HashMap.computeIfAbsent(Ljava/lang/Object;Ljava/util/function/Function;)Ljava/lang/Object; @ 142 c2
Event: 13.450 Thread 0x000001f323060340 DEOPT PACKING pc=0x000001f332a4d400 sp=0x000000eedb7fd7d0
Event: 13.450 Thread 0x000001f323060340 DEOPT UNPACKING pc=0x000001f3322e46a2 sp=0x000000eedb7fd788 mode 2
Event: 14.353 Thread 0x000001f323060340 DEOPT PACKING pc=0x000001f32b215d97 sp=0x000000eedb7fd740
Event: 14.353 Thread 0x000001f323060340 DEOPT UNPACKING pc=0x000001f3322e4e42 sp=0x000000eedb7fcbd8 mode 0
Event: 14.354 Thread 0x000001f323060340 Uncommon trap: trap_request=0xffffff45 fr.pc=0x000001f332ade710 relative=0x0000000000000230
Event: 14.354 Thread 0x000001f323060340 Uncommon trap: reason=unstable_if action=reinterpret pc=0x000001f332ade710 method=java.util.HashMap$ValueSpliterator.forEachRemaining(Ljava/util/function/Consumer;)V @ 164 c2
Event: 14.354 Thread 0x000001f323060340 DEOPT PACKING pc=0x000001f332ade710 sp=0x000000eedb7fd740
Event: 14.354 Thread 0x000001f323060340 DEOPT UNPACKING pc=0x000001f3322e46a2 sp=0x000000eedb7fd6e8 mode 2
Event: 14.470 Thread 0x000001f323060340 Uncommon trap: trap_request=0xffffffde fr.pc=0x000001f332945ab0 relative=0x00000000000002f0
Event: 14.470 Thread 0x000001f323060340 Uncommon trap: reason=class_check action=maybe_recompile pc=0x000001f332945ab0 method=org.languagetool.Language.getWordTokenizer()Lorg/languagetool/tokenizers/Tokenizer; @ 23 c2
Event: 14.470 Thread 0x000001f323060340 DEOPT PACKING pc=0x000001f332945ab0 sp=0x000000eedb7fe740
Event: 14.471 Thread 0x000001f323060340 DEOPT UNPACKING pc=0x000001f3322e46a2 sp=0x000000eedb7fe6f0 mode 2

Classes loaded (20 events):
Event: 9.266 Loading class java/text/BreakIterator$BreakIteratorCache
Event: 9.266 Loading class java/text/BreakIterator$BreakIteratorCache done
Event: 9.266 Loading class java/text/StringCharacterIterator
Event: 9.267 Loading class java/text/CharacterIterator
Event: 9.267 Loading class java/text/CharacterIterator done
Event: 9.267 Loading class java/text/StringCharacterIterator done
Event: 10.149 Loading class java/net/URISyntaxException
Event: 10.149 Loading class java/net/URISyntaxException done
Event: 12.294 Loading class java/io/SequenceInputStream
Event: 12.294 Loading class java/io/SequenceInputStream done
Event: 13.367 Loading class java/util/regex/PatternSyntaxException
Event: 13.367 Loading class java/util/regex/PatternSyntaxException done
Event: 13.424 Loading class java/lang/invoke/BoundMethodHandle$Species_LLLLLL
Event: 13.424 Loading class java/lang/invoke/BoundMethodHandle$Species_LLLLLL done
Event: 13.426 Loading class java/lang/invoke/BoundMethodHandle$Species_LLLLLLL
Event: 13.426 Loading class java/lang/invoke/BoundMethodHandle$Species_LLLLLLL done
Event: 13.443 Loading class java/util/function/IntUnaryOperator
Event: 13.443 Loading class java/util/function/IntUnaryOperator done
Event: 14.472 Loading class java/lang/ArrayIndexOutOfBoundsException
Event: 14.473 Loading class java/lang/ArrayIndexOutOfBoundsException done

Classes unloaded (0 events):
No events

Classes redefined (0 events):
No events

Internal exceptions (20 events):
Event: 1.581 Thread 0x000001f323060340 Exception <a 'java/lang/NullPointerException'{0x0000000083750a88}> (0x0000000083750a88) 
thrown [s\src\hotspot\share\interpreter\linkResolver.cpp, line 1372]
Event: 1.581 Thread 0x000001f323060340 Exception <a 'java/lang/NullPointerException'{0x0000000083750d68}> (0x0000000083750d68) 
thrown [s\src\hotspot\share\interpreter\linkResolver.cpp, line 1372]
Event: 1.581 Thread 0x000001f323060340 Exception <a 'java/lang/NullPointerException'{0x0000000083751048}> (0x0000000083751048) 
thrown [s\src\hotspot\share\interpreter\linkResolver.cpp, line 1372]
Event: 1.581 Thread 0x000001f323060340 Exception <a 'java/lang/NullPointerException'{0x0000000083751328}> (0x0000000083751328) 
thrown [s\src\hotspot\share\interpreter\linkResolver.cpp, line 1372]
Event: 2.290 Thread 0x000001f323060340 Exception <a 'java/lang/NoSuchMethodError'{0x00000000830462a8}: 'int java.lang.invoke.DirectMethodHandle$Holder.invokeSpecial(java.lang.Object, java.lang.Object, java.lang.Object)'> (0x00000000830462a8) 
thrown [s\src\hotspot\share\interpreter\linkResolver.cpp, line 773]
Event: 2.303 Thread 0x000001f323060340 Exception <a 'java/lang/NoSuchMethodError'{0x0000000083050ca8}: 'void java.lang.invoke.DelegatingMethodHandle$Holder.reinvoke_L(java.lang.Object, java.lang.Object, int)'> (0x0000000083050ca8) 
thrown [s\src\hotspot\share\interpreter\linkResolver.cpp, line 773]
Event: 2.305 Thread 0x000001f323060340 Exception <a 'java/lang/NoSuchMethodError'{0x0000000083057648}: 'int java.lang.invoke.Invokers$Holder.invokeExact_MT(java.lang.Object, java.lang.Object, java.lang.Object)'> (0x0000000083057648) 
thrown [s\src\hotspot\share\interpreter\linkResolver.cpp, line 773]
Event: 2.309 Thread 0x000001f323060340 Exception <a 'java/lang/NoSuchMethodError'{0x0000000083067d30}: 'void java.lang.invoke.Invokers$Holder.invokeExact_MT(java.lang.Object, java.lang.Object, java.lang.Object, java.lang.Object)'> (0x0000000083067d30) 
thrown [s\src\hotspot\share\interpreter\linkResolver.cpp, line 773]
Event: 2.402 Thread 0x000001f323060340 Exception <a 'java/lang/NoSuchMethodError'{0x0000000082fce3f8}: 'void java.lang.invoke.DirectMethodHandle$Holder.invokeVirtual(java.lang.Object, java.lang.Object)'> (0x0000000082fce3f8) 
thrown [s\src\hotspot\share\interpreter\linkResolver.cpp, line 773]
Event: 2.717 Thread 0x000001f323060340 Exception <a 'java/lang/NoSuchMethodError'{0x0000000083f3af50}: 'java.lang.Object java.lang.invoke.DirectMethodHandle$Holder.invokeStaticInit(java.lang.Object, java.lang.Object, java.lang.Object)'> (0x0000000083f3af50) 
thrown [s\src\hotspot\share\interpreter\linkResolver.cpp, line 773]
Event: 2.730 Thread 0x000001f323060340 Exception <a 'java/lang/NoClassDefFoundError'{0x0000000083f60170}: org/apache/logging/log4j/spi/LoggerAdapter> (0x0000000083f60170) 
thrown [s\src\hotspot\share\classfile\systemDictionary.cpp, line 301]
Event: 2.881 Thread 0x000001f323060340 Exception <a 'java/lang/ClassNotFoundException'{0x0000000083e8cb10}: com/sun/org/apache/xerces/internal/impl/xpath/regex/spi/messageProvider> (0x0000000083e8cb10) 
thrown [s\src\hotspot\share\classfile\systemDictionary.cpp, line 312]
Event: 3.702 Thread 0x000001f323060340 Exception <a 'java/lang/NoSuchMethodError'{0x00000000837ac0c8}: 'java.lang.Object java.lang.invoke.DirectMethodHandle$Holder.invokeInterface(java.lang.Object, java.lang.Object)'> (0x00000000837ac0c8) 
thrown [s\src\hotspot\share\interpreter\linkResolver.cpp, line 773]
Event: 3.703 Thread 0x000001f323060340 Exception <a 'java/lang/IncompatibleClassChangeError'{0x00000000837af6a0}: Found class java.lang.Object, but interface was expected> (0x00000000837af6a0) 
thrown [s\src\hotspot\share\interpreter\linkResolver.cpp, line 840]
Event: 4.017 Thread 0x000001f323060340 Exception <a 'java/lang/NoSuchMethodError'{0x0000000083f7e8f0}: 'java.lang.Object java.lang.invoke.Invokers$Holder.invokeExact_MT(java.lang.Object, java.lang.Object, java.lang.Object, java.lang.Object, java.lang.Object, java.lang.Object)'> (0x0000000083f7e8f0) 
thrown [s\src\hotspot\share\interpreter\linkResolver.cpp, line 773]
Event: 4.086 Thread 0x000001f323060340 Exception <a 'java/lang/NoSuchMethodError'{0x0000000083e86d50}: 'int java.lang.invoke.DirectMethodHandle$Holder.invokeVirtual(java.lang.Object, java.lang.Object, java.lang.Object)'> (0x0000000083e86d50) 
thrown [s\src\hotspot\share\interpreter\linkResolver.cpp, line 773]
Event: 4.131 Thread 0x000001f323060340 Exception <a 'java/lang/NoSuchMethodError'{0x0000000083b6bd90}: 'void java.lang.invoke.DirectMethodHandle$Holder.invokeInterface(java.lang.Object, java.lang.Object, java.lang.Object)'> (0x0000000083b6bd90) 
thrown [s\src\hotspot\share\interpreter\linkResolver.cpp, line 773]
Event: 4.174 Thread 0x000001f323060340 Exception <a 'java/lang/NoSuchMethodError'{0x0000000083a51be0}: 'java.lang.Object java.lang.invoke.DirectMethodHandle$Holder.invokeVirtual(java.lang.Object, java.lang.Object, java.lang.Object)'> (0x0000000083a51be0) 
thrown [s\src\hotspot\share\interpreter\linkResolver.cpp, line 773]
Event: 8.722 Thread 0x000001f323060340 Implicit null exception at 0x000001f3329eba81 to 0x000001f3329ebab4
Event: 12.951 Thread 0x000001f323060340 Exception <a 'java/lang/NoSuchMethodError'{0x000000008bc1cd50}: 'java.lang.Object java.lang.invoke.DirectMethodHandle$Holder.invokeStaticInit(java.lang.Object, java.lang.Object, java.lang.Object, java.lang.Object)'> (0x000000008bc1cd50) 
thrown [s\src\hotspot\share\interpreter\linkResolver.cpp, line 773]

ZGC Phase Switch (0 events):
No events

VM Operations (20 events):
Event: 11.171 Executing VM operation: HandshakeAllThreads (Deoptimize)
Event: 11.171 Executing VM operation: HandshakeAllThreads (Deoptimize) done
Event: 11.495 Executing VM operation: G1CollectForAllocation (G1 Evacuation Pause)
Event: 11.523 Executing VM operation: G1CollectForAllocation (G1 Evacuation Pause) done
Event: 11.950 Executing VM operation: G1CollectForAllocation (G1 Evacuation Pause)
Event: 11.975 Executing VM operation: G1CollectForAllocation (G1 Evacuation Pause) done
Event: 12.237 Executing VM operation: HandshakeAllThreads (Deoptimize)
Event: 12.237 Executing VM operation: HandshakeAllThreads (Deoptimize) done
Event: 12.945 Executing VM operation: HandshakeAllThreads (Deoptimize)
Event: 12.945 Executing VM operation: HandshakeAllThreads (Deoptimize) done
Event: 13.229 Executing VM operation: G1TryInitiateConcMark (G1 Humongous Allocation)
Event: 13.252 Executing VM operation: G1TryInitiateConcMark (G1 Humongous Allocation) done
Event: 13.364 Executing VM operation: G1PauseRemark
Event: 13.367 Executing VM operation: G1PauseRemark done
Event: 13.410 Executing VM operation: G1PauseCleanup
Event: 13.410 Executing VM operation: G1PauseCleanup done
Event: 14.417 Executing VM operation: Cleanup
Event: 14.433 Executing VM operation: Cleanup done
Event: 14.563 Executing VM operation: G1CollectForAllocation (G1 Evacuation Pause)
Event: 14.580 Executing VM operation: G1CollectForAllocation (G1 Evacuation Pause) done

Memory protections (0 events):
No events

Nmethod flushes (20 events):
Event: 13.366 Thread 0x000001f3284360f0 flushing  nmethod 0x000001f32b2b7f90
Event: 13.366 Thread 0x000001f3284360f0 flushing osr nmethod 0x000001f32b3bd990
Event: 13.366 Thread 0x000001f3284360f0 flushing  nmethod 0x000001f332ac4d90
Event: 13.366 Thread 0x000001f3284360f0 flushing  nmethod 0x000001f32ae05490
Event: 13.366 Thread 0x000001f3284360f0 flushing  nmethod 0x000001f32aebc510
Event: 13.366 Thread 0x000001f3284360f0 flushing osr nmethod 0x000001f32af78210
Event: 13.366 Thread 0x000001f3284360f0 flushing  nmethod 0x000001f32b0c6990
Event: 13.366 Thread 0x000001f3284360f0 flushing  nmethod 0x000001f32b158610
Event: 13.366 Thread 0x000001f3284360f0 flushing  nmethod 0x000001f32b1cea10
Event: 13.366 Thread 0x000001f3284360f0 flushing  nmethod 0x000001f32b1d1710
Event: 13.366 Thread 0x000001f3284360f0 flushing  nmethod 0x000001f32b1d7690
Event: 13.366 Thread 0x000001f3284360f0 flushing  nmethod 0x000001f32b2e9910
Event: 13.366 Thread 0x000001f3284360f0 flushing  nmethod 0x000001f332ad3f90
Event: 13.366 Thread 0x000001f3284360f0 flushing  nmethod 0x000001f32af1f110
Event: 13.366 Thread 0x000001f3284360f0 flushing  nmethod 0x000001f32b052990
Event: 13.366 Thread 0x000001f3284360f0 flushing osr nmethod 0x000001f32b136f90
Event: 13.366 Thread 0x000001f3284360f0 flushing  nmethod 0x000001f32b143990
Event: 13.366 Thread 0x000001f3284360f0 flushing  nmethod 0x000001f32b1fa510
Event: 13.366 Thread 0x000001f3284360f0 flushing  nmethod 0x000001f32b1fb490
Event: 13.366 Thread 0x000001f3284360f0 flushing  nmethod 0x000001f32b289990

Events (20 events):
Event: 0.251 Thread 0x000001f323060340 Thread added: 0x000001f33f6de990
Event: 0.251 Thread 0x000001f323060340 Thread added: 0x000001f33f6df3e0
Event: 0.251 Thread 0x000001f323060340 Thread added: 0x000001f33f6e05d0
Event: 0.258 Thread 0x000001f323060340 Thread added: 0x000001f33f6bfb00
Event: 0.676 Thread 0x000001f323060340 Thread added: 0x000001f33f948c90
Event: 0.697 Thread 0x000001f323060340 Thread added: 0x000001f33f957880
Event: 1.354 Thread 0x000001f323060340 Thread added: 0x000001f32569e330
Event: 1.505 Thread 0x000001f32569e330 Thread exited: 0x000001f32569e330
Event: 1.753 Thread 0x000001f33f6bfb00 Thread added: 0x000001f325d08a50
Event: 2.031 Thread 0x000001f325d08a50 Thread exited: 0x000001f325d08a50
Event: 2.484 Thread 0x000001f33f6bfb00 Thread added: 0x000001f325e17c40
Event: 2.986 Thread 0x000001f325e17c40 Thread exited: 0x000001f325e17c40
Event: 3.888 Thread 0x000001f33f6bfb00 Thread added: 0x000001f326235fb0
Event: 9.724 Thread 0x000001f326235fb0 Thread exited: 0x000001f326235fb0
Event: 10.154 Thread 0x000001f33f6bfb00 Thread added: 0x000001f326ce0e30
Event: 10.879 Thread 0x000001f33f6e05d0 Thread added: 0x000001f326ce1500
Event: 12.891 Thread 0x000001f326ce1500 Thread exited: 0x000001f326ce1500
Event: 12.891 Thread 0x000001f326ce0e30 Thread exited: 0x000001f326ce0e30
Event: 12.894 Thread 0x000001f33f6bfb00 Thread added: 0x000001f326ce3040
Event: 13.861 Thread 0x000001f326ce3040 Thread exited: 0x000001f326ce3040


Dynamic libraries:
0x00007ff60f130000 - 0x00007ff60f13e000 	c:\Users\yusen\.vscode\extensions\ltex-plus.vscode-ltex-plus-15.6.1\lib\ltex-ls-plus-18.6.1\jdk-21.0.8+9\bin\java.exe
0x00007ffcac290000 - 0x00007ffcac4a7000 	C:\Windows\SYSTEM32\ntdll.dll
0x00007ffcab090000 - 0x00007ffcab154000 	C:\Windows\System32\KERNEL32.DLL
0x00007ffca9c10000 - 0x00007ffca9fb7000 	C:\Windows\System32\KERNELBASE.dll
0x00007ffca1690000 - 0x00007ffca1727000 	C:\Windows\SYSTEM32\apphelp.dll
0x00007ffca9900000 - 0x00007ffca9a11000 	C:\Windows\System32\ucrtbase.dll
0x00007ffca36a0000 - 0x00007ffca37b6000 	C:\Windows\SYSTEM32\winahframe64.dll
0x00007ffc80c50000 - 0x00007ffc80c68000 	c:\Users\yusen\.vscode\extensions\ltex-plus.vscode-ltex-plus-15.6.1\lib\ltex-ls-plus-18.6.1\jdk-21.0.8+9\bin\jli.dll
0x00007ffcaa0e0000 - 0x00007ffcaa28e000 	C:\Windows\System32\USER32.dll
0x00007ffc9cb40000 - 0x00007ffc9d1eb000 	C:\Windows\SYSTEM32\tsafedoc64.dll
0x00007ffca9a20000 - 0x00007ffca9a46000 	C:\Windows\System32\win32u.dll
0x00007ffcab330000 - 0x00007ffcab3e2000 	C:\Windows\System32\ADVAPI32.dll
0x00007ffcab860000 - 0x00007ffcab889000 	C:\Windows\System32\GDI32.dll
0x00007ffcab430000 - 0x00007ffcab4d7000 	C:\Windows\System32\msvcrt.dll
0x00007ffca9a50000 - 0x00007ffca9b69000 	C:\Windows\System32\gdi32full.dll
0x00007ffc7f990000 - 0x00007ffc7f9ae000 	c:\Users\yusen\.vscode\extensions\ltex-plus.vscode-ltex-plus-15.6.1\lib\ltex-ls-plus-18.6.1\jdk-21.0.8+9\bin\VCRUNTIME140.dll
0x00007ffcabb60000 - 0x00007ffcabc08000 	C:\Windows\System32\sechost.dll
0x00007ffcac090000 - 0x00007ffcac101000 	C:\Windows\System32\WS2_32.dll
0x00007ffca95b0000 - 0x00007ffca964a000 	C:\Windows\System32\msvcp_win.dll
0x00007ffca9b70000 - 0x00007ffca9b98000 	C:\Windows\System32\bcrypt.dll
0x00007ffca9fc0000 - 0x00007ffcaa0d5000 	C:\Windows\System32\RPCRT4.dll
0x00007ffcab990000 - 0x00007ffcabb35000 	C:\Windows\System32\ole32.dll
0x00007ffcaa830000 - 0x00007ffcab08c000 	C:\Windows\System32\SHELL32.dll
0x00007ffcaa4a0000 - 0x00007ffcaa828000 	C:\Windows\System32\combase.dll
0x00007ffca12a0000 - 0x00007ffca1533000 	C:\Windows\WinSxS\amd64_microsoft.windows.common-controls_6595b64144ccf1df_6.0.22621.3527_none_270e469b73872a76\COMCTL32.dll
0x00007ffcab8b0000 - 0x00007ffcab987000 	C:\Windows\System32\OLEAUT32.dll
0x00007ffca8250000 - 0x00007ffca825a000 	C:\Windows\SYSTEM32\VERSION.dll
0x00007ffc9e730000 - 0x00007ffc9e7d8000 	C:\Windows\SYSTEM32\WINSPOOL.DRV
0x00007ffcab160000 - 0x00007ffcab255000 	C:\Windows\System32\shcore.dll
0x00007ffca1670000 - 0x00007ffca168e000 	C:\Windows\SYSTEM32\MPR.dll
0x00007ffcab3f0000 - 0x00007ffcab421000 	C:\Windows\System32\IMM32.DLL
0x00007ffca17c0000 - 0x00007ffca2034000 	C:\Windows\SYSTEM32\winahdcore64.dll
0x00007ffcab700000 - 0x00007ffcab75e000 	C:\Windows\System32\SHLWAPI.dll
0x00007ffcab760000 - 0x00007ffcab857000 	C:\Windows\System32\COMDLG32.dll
0x00007ffca1540000 - 0x00007ffca15a9000 	C:\Windows\SYSTEM32\OLEACC.dll
0x00007ffca1630000 - 0x00007ffca1664000 	C:\Windows\SYSTEM32\WINMM.dll
0x00007ffca97c0000 - 0x00007ffca9839000 	C:\Windows\System32\bcryptPrimitives.dll
0x00007ffc9e990000 - 0x00007ffc9ebf4000 	C:\Windows\SYSTEM32\dtframe64.dll
0x00007ffc9e820000 - 0x00007ffc9e852000 	C:\Windows\SYSTEM32\TIjtDrvd64.dll
0x00007ffc9e5e0000 - 0x00007ffc9e707000 	C:\Windows\SYSTEM32\dtsframe64.dll
0x00007ffca8b30000 - 0x00007ffca8b99000 	C:\Windows\SYSTEM32\mswsock.dll
0x00007ffcaa330000 - 0x00007ffcaa338000 	C:\Windows\System32\psapi.dll
0x00007ffc9e1d0000 - 0x00007ffc9e4e3000 	C:\Windows\SYSTEM32\windlgctl64.dll
0x00007ffc9dcb0000 - 0x00007ffc9de6a000 	C:\Windows\WinSxS\amd64_microsoft.windows.gdiplus_6595b64144ccf1df_1.1.22621.3527_none_57f93980ce19a444\gdiplus.dll
0x00007ffc9de90000 - 0x00007ffc9de97000 	C:\Windows\SYSTEM32\MSIMG32.dll
0x00007ffca3870000 - 0x00007ffca391b000 	C:\Windows\SYSTEM32\UxTheme.dll
0x00007ffca3ab0000 - 0x00007ffca3adb000 	C:\Windows\SYSTEM32\dwmapi.dll
0x00007ffc90e00000 - 0x00007ffc90e0c000 	C:\Windows\SYSTEM32\WinUsb.dll
0x00007ffc90d70000 - 0x00007ffc90dfa000 	C:\Windows\SYSTEM32\mf.dll
0x00007ffc909d0000 - 0x00007ffc90d69000 	C:\Windows\SYSTEM32\MFCORE.DLL
0x00007ffcabc10000 - 0x00007ffcac084000 	C:\Windows\System32\setupapi.dll
0x00007ffc9d8e0000 - 0x00007ffc9da33000 	C:\Windows\SYSTEM32\TMailHook64.dll
0x00007ffc9d480000 - 0x00007ffc9d6a1000 	C:\Windows\SYSTEM32\winncap364.dll
0x00007ffc794a0000 - 0x00007ffc7961e000 	C:\Windows\SYSTEM32\TAuxMod64.dll
0x00007ffca8230000 - 0x00007ffca8249000 	C:\Windows\SYSTEM32\NetApi32.dll
0x00007ffca7f40000 - 0x00007ffca7f68000 	C:\Windows\SYSTEM32\SRVCLI.DLL
0x00007ffc8b730000 - 0x00007ffc8b75a000 	C:\Windows\SYSTEM32\hlink.dll
0x00007ffc914a0000 - 0x00007ffc9175e000 	C:\Windows\SYSTEM32\iertutil.dll
0x00007ffc9d2c0000 - 0x00007ffc9d2cc000 	c:\Users\yusen\.vscode\extensions\ltex-plus.vscode-ltex-plus-15.6.1\lib\ltex-ls-plus-18.6.1\jdk-21.0.8+9\bin\vcruntime140_1.dll
0x00007ffc5b7f0000 - 0x00007ffc5b87d000 	c:\Users\yusen\.vscode\extensions\ltex-plus.vscode-ltex-plus-15.6.1\lib\ltex-ls-plus-18.6.1\jdk-21.0.8+9\bin\msvcp140.dll
0x00007ffbf6250000 - 0x00007ffbf6fe7000 	c:\Users\yusen\.vscode\extensions\ltex-plus.vscode-ltex-plus-15.6.1\lib\ltex-ls-plus-18.6.1\jdk-21.0.8+9\bin\server\jvm.dll
0x00007ffca8430000 - 0x00007ffca847d000 	C:\Windows\SYSTEM32\POWRPROF.dll
0x00007ffca8410000 - 0x00007ffca8423000 	C:\Windows\SYSTEM32\UMPDC.dll
0x00007ffca86c0000 - 0x00007ffca86d8000 	C:\Windows\SYSTEM32\kernel.appcore.dll
0x00007ffc88830000 - 0x00007ffc8883a000 	c:\Users\yusen\.vscode\extensions\ltex-plus.vscode-ltex-plus-15.6.1\lib\ltex-ls-plus-18.6.1\jdk-21.0.8+9\bin\jimage.dll
0x00007ffca65b0000 - 0x00007ffca67e2000 	C:\Windows\SYSTEM32\DBGHELP.DLL
0x00007ffc7d850000 - 0x00007ffc7d882000 	C:\Windows\SYSTEM32\dbgcore.DLL
0x00007ffc7f400000 - 0x00007ffc7f41f000 	c:\Users\yusen\.vscode\extensions\ltex-plus.vscode-ltex-plus-15.6.1\lib\ltex-ls-plus-18.6.1\jdk-21.0.8+9\bin\java.dll
0x00007ffc7f320000 - 0x00007ffc7f338000 	c:\Users\yusen\.vscode\extensions\ltex-plus.vscode-ltex-plus-15.6.1\lib\ltex-ls-plus-18.6.1\jdk-21.0.8+9\bin\zip.dll
0x00007ffca70c0000 - 0x00007ffca79b6000 	C:\Windows\SYSTEM32\windows.storage.dll
0x00007ffca6f30000 - 0x00007ffca706e000 	C:\Windows\SYSTEM32\wintypes.dll
0x00007ffca94e0000 - 0x00007ffca9501000 	C:\Windows\SYSTEM32\profapi.dll
0x00007ffc59890000 - 0x00007ffc59967000 	c:\Users\yusen\.vscode\extensions\ltex-plus.vscode-ltex-plus-15.6.1\lib\ltex-ls-plus-18.6.1\jdk-21.0.8+9\bin\jsvml.dll
0x00007ffc803c0000 - 0x00007ffc803d0000 	C:\Users\yusen\.vscode\extensions\ltex-plus.vscode-ltex-plus-15.6.1\lib\ltex-ls-plus-18.6.1\jdk-21.0.8+9\bin\net.dll
0x00007ffca0e70000 - 0x00007ffca0fa6000 	C:\Windows\SYSTEM32\WINHTTP.dll
0x00007ffc7f130000 - 0x00007ffc7f146000 	C:\Users\yusen\.vscode\extensions\ltex-plus.vscode-ltex-plus-15.6.1\lib\ltex-ls-plus-18.6.1\jdk-21.0.8+9\bin\nio.dll
0x00007ffca84b0000 - 0x00007ffca84bc000 	C:\Windows\SYSTEM32\secur32.dll
0x00007ffca8920000 - 0x00007ffca896c000 	C:\Windows\SYSTEM32\SSPICLI.DLL
0x00007ffc889f0000 - 0x00007ffc88a14000 	C:\Users\yusen\AppData\Local\Temp\jansi-2.4.2-2c0a2570b03bf1a4-jansi.dll
0x00007ffc7f980000 - 0x00007ffc7f990000 	c:\Users\yusen\.vscode\extensions\ltex-plus.vscode-ltex-plus-15.6.1\lib\ltex-ls-plus-18.6.1\jdk-21.0.8+9\bin\verify.dll

JVMTI agents: none

dbghelp: loaded successfully - version: 4.0.5 - missing functions: none
symbol engine: initialized successfully - sym options: 0x614 - pdb path: .;c:\Users\yusen\.vscode\extensions\ltex-plus.vscode-ltex-plus-15.6.1\lib\ltex-ls-plus-18.6.1\jdk-21.0.8+9\bin;C:\Windows\SYSTEM32;C:\Windows\WinSxS\amd64_microsoft.windows.common-controls_6595b64144ccf1df_6.0.22621.3527_none_270e469b73872a76;C:\Windows\WinSxS\amd64_microsoft.windows.gdiplus_6595b64144ccf1df_1.1.22621.3527_none_57f93980ce19a444;c:\Users\yusen\.vscode\extensions\ltex-plus.vscode-ltex-plus-15.6.1\lib\ltex-ls-plus-18.6.1\jdk-21.0.8+9\bin\server;C:\Users\yusen\AppData\Local\Temp

VM Arguments:
jvm_args: -Xms64m -Xmx2048m -Dapp.name=ltex-ls-plus -Dapp.repo=c:\Users\yusen\.vscode\extensions\ltex-plus.vscode-ltex-plus-15.6.1\lib\ltex-ls-plus-18.6.1\lib -Dapp.home=c:\Users\yusen\.vscode\extensions\ltex-plus.vscode-ltex-plus-15.6.1\lib\ltex-ls-plus-18.6.1 -Dbasedir=c:\Users\yusen\.vscode\extensions\ltex-plus.vscode-ltex-plus-15.6.1\lib\ltex-ls-plus-18.6.1 
java_command: org.bsplines.ltexls.LtexLanguageServerLauncher
java_class_path (initial): c:\Users\yusen\.vscode\extensions\ltex-plus.vscode-ltex-plus-15.6.1\lib\ltex-ls-plus-18.6.1\etc;c:\Users\yusen\.vscode\extensions\ltex-plus.vscode-ltex-plus-15.6.1\lib\ltex-ls-plus-18.6.1\lib\aho-corasick-double-array-trie-1.2.2.jar;c:\Users\yusen\.vscode\extensions\ltex-plus.vscode-ltex-plus-15.6.1\lib\ltex-ls-plus-18.6.1\lib\angus-activation-2.0.2.jar;c:\Users\yusen\.vscode\extensions\ltex-plus.vscode-ltex-plus-15.6.1\lib\ltex-ls-plus-18.6.1\lib\animal-sniffer-annotations-1.24.jar;c:\Users\yusen\.vscode\extensions\ltex-plus.vscode-ltex-plus-15.6.1\lib\ltex-ls-plus-18.6.1\lib\annotations-12.0.jar;c:\Users\yusen\.vscode\extensions\ltex-plus.vscode-ltex-plus-15.6.1\lib\ltex-ls-plus-18.6.1\lib\annotations-13.0.jar;c:\Users\yusen\.vscode\extensions\ltex-plus.vscode-ltex-plus-15.6.1\lib\ltex-ls-plus-18.6.1\lib\annotations-4.1.1.4.jar;c:\Users\yusen\.vscode\extensions\ltex-plus.vscode-ltex-plus-15.6.1\lib\ltex-ls-plus-18.6.1\lib\asturian-pos-dict-0.1.jar;c:\Users\yusen\.vscode\extensions\ltex-plus.vscode-ltex-plus-15.6.1\lib\ltex-ls-plus-18.6.1\lib\catalan-pos-dict-2.27.jar;c:\Users\yusen\.vscode\extensions\ltex-plus.vscode-ltex-plus-15.6.1\lib\ltex-ls-plus-18.6.1\lib\checker-qual-3.43.0.jar;c:\Users\yusen\.vscode\extensions\ltex-plus.vscode-ltex-plus-15.6.1\lib\ltex-ls-plus-18.6.1\lib\commons-digester-2.1.jar;c:\Users\yusen\.vscode\extensions\ltex-plus.vscode-ltex-plus-15.6.1\lib\ltex-ls-plus-18.6.1\lib\commons-lang3-3.18.0.jar;c:\Users\yusen\.vscode\extensions\ltex-plus.vscode-ltex-plus-15.6.1\lib\ltex-ls-plus-18.6.1\lib\commons-logging-1.3.4.jar;c:\Users\yusen\.vscode\extensions\ltex-plus.vscode-ltex-plus-15.6.1\lib\ltex-ls-plus-18.6.1\lib\commons-pool2-2.12.0.jar;c:\Users\yusen\.vscode\extensions\ltex-plus.vscode-ltex-plus-15.6.1\lib\ltex-ls-plus-18.6.1\lib\commons-text-1.12.0.jar;c:\Users\yusen\.vscode\extensions\ltex-plus.vscode-ltex-plus-15.6.1\lib\ltex-ls-plus-18.6.1\lib\commons-validator-1.9.0.jar;c:\Users\yusen\.vscode\extensions\ltex-plus.vscode-ltex-plus-15.6.1\lib\ltex-ls-plus-18.6.1\lib\dutch-pos-dict-0.1.jar;c:\Users\yusen\.vscode\extensions\ltex-plus.vscode-ltex-plus-15.6.1\lib\ltex-ls-plus-18.6.1\lib\english-pos-dict-0.6.jar;c:\Users\yusen\.vscode\extensions\ltex-plus.vscode-ltex-plus-15.6.1\lib\ltex-ls-plus-18.6.1\lib\error_prone_annotations-2.38.0.jar;c:\Users\yusen\.vscode\extensions\ltex-plus.vscode-ltex-plus-15.6.1\lib\ltex-ls-plus-18.6.1\lib\error_prone_annotations-2.41.0.jar;c:\Users\yusen\.vscode\extensions\ltex-plus.vscode-ltex-plus-15.6.1\lib\ltex-ls-plus-18.6.1\lib\failureaccess-1.0.2.jar;c:\Users\yusen\.vscode\extensions\ltex-plus.vscode-ltex-plus-15.6.1\lib\ltex-ls-plus-18.6.1\lib\fastutil-core-8.5.14.jar;c:\Users\yusen\.vscode\extensions\ltex-plus.vscode-ltex-plus-15.6.1\lib\ltex-ls-plus-18.6.1\lib\flexmark-0.64.8.jar;c:\Users\yusen\.vscode\extensions\ltex-plus.vscode-ltex-plus-15.6.1\lib\ltex-ls-plus-18.6.1\lib\flexmark-ext-definition-0.64.8.jar;c:\Users\yusen\.vscode\extensions\ltex-plus.vscode-ltex-plus-15.6.1\lib\ltex-ls-plus-18.6.1\lib\flexmark-ext-gfm-strikethrough-0.64.8.jar;c:\Users\yusen\.vscode\extensions\ltex-plus.vscode-ltex-plus-15.6.1\lib\ltex-ls-plus-18.6.1\lib\flexmark-ext-gitlab-0.64.8.jar;c:\Users\yusen\.vscode\extensions\ltex-plus.vscode-ltex-plus-15.6.1\lib\ltex-ls-plus-18.6.1\lib\flexmark-ext-tables-0.64.8.jar;c:\Users\yusen\.vscode\extensions\ltex-plus.vscode-ltex-plus-15.6.1\lib\ltex-ls-plus-18.6.1\lib\flexmark-ext-yaml-front-matter-0.64.8.jar;c:\Users\yusen\.vscode\extensions\ltex-plus.vscode-ltex-plus-15.6.1\lib\ltex-ls-plus-18.6.1\lib\flexmark-test-util-0.64.8.jar;c:\Users\yusen\.vscode\extensions\ltex-plus.vscode-ltex-plus-15.6.1\lib\ltex-ls-plus-18.6.1\lib\flexmark-util-0.64.8.jar;c:\Users\yusen\.vscode\extensions\ltex-plus.vscode-ltex-plus-15.6.1\lib\ltex-ls-plus-18.6.1\lib\flexmark-util-ast-0.64.8.jar;c:\Users\yusen\.vscode\extensions\ltex-plus.vscode-ltex-plus-15.6.1\lib\ltex-ls-plus-18.6.1\lib\flexmark-util-builder-0.64.8.jar;c:\Users\yusen\.vscode\extensions\ltex-plus.vscode-ltex-plus-15.6.1\lib\ltex-ls-plus-18.6.1\lib\flexmark-util-collection-0.64.8.jar;c:\Users\yusen\.vscode\extensions\ltex-plus.vscode-ltex-plus-15.6.1\lib\ltex-ls-plus-18.6.1\lib\flexmark-util-data-0.64.8.jar;c:\Users\yusen\.vscode\extensions\ltex-plus.vscode-ltex-plus-15.6.1\lib\ltex-ls-plus-18.6.1\lib\flexmark-util-dependency-0.64.8.jar;c:\Users\yusen\.vscode\extensions\ltex-plus.vscode-ltex-plus-15.6.1\lib\ltex-ls-plus-18.6.1\lib\flexmark-util-format-0.64.8.jar;c:\Users\yusen\.vscode\extensions\ltex-plus.vscode-ltex-plus-15.6.1\lib\ltex-ls-plus-18.6.1\lib\flexmark-util-html-0.64.8.jar;c:\Users\yusen\.vscode\extensions\ltex-plus.vscode-ltex-plus-15.6.1\lib\ltex-ls-plus-18.6.1\lib\flexmark-util-misc-0.64.8.jar;c:\Users\yusen\.vscode\extensions\ltex-plus.vscode-ltex-plus-15.6.1\lib\ltex-ls-plus-18.6.1\lib\flexmark-util-options-0.64.8.jar;c:\Users\yusen\.vscode\extensions\ltex-plus.vscode-ltex-plus-15.6.1\lib\ltex-ls-plus-18.6.1\lib\flexmark-util-sequence-0.64.8.jar;c:\Users\yusen\.vscode\extensions\ltex-plus.vscode-ltex-plus-15.6.1\lib\ltex-ls-plus-18.6.1\lib\flexmark-util-visitor-0.64.8.jar;c:\Users\yusen\.vscode\extensions\ltex-plus.vscode-ltex-plus-15.6.1\lib\ltex-ls-plus-18.6.1\lib\french-pos-dict-0.7.jar;c:\Users\yusen\.vscode\extensions\ltex-plus.vscode-ltex-plus-15.6.1\lib\ltex-ls-plus-18.6.1\lib\german-pos-dict-1.2.4.jar;c:\Users\yusen\.vscode\extensions\ltex-plus.vscode-ltex-plus-15.6.1\lib\ltex-ls-plus-18.6.1\lib\grpc-api-1.75.0.jar;c:\Users\yusen\.vscode\extensions\ltex-plus.vscode-ltex-plus-15.6.1\lib\ltex-ls-plus-18.6.1\lib\grpc-context-1.75.0.jar;c:\Users\yusen\.vscode\extensions\ltex-plus.vscode-ltex-plus-15.6.1\lib\ltex-ls-plus-18.6.1\lib\grpc-core-1.75.0.jar;c:\Users\yusen\.vscode\extensions\ltex-plus.vscode-ltex-plus-15.6.1\lib\ltex-ls-plus-18.6.1\lib\grpc-netty-shaded-1.75.0.jar;c:\Users\yusen\.vscode\extensions\ltex-plus.vscode-ltex-plus-15.6.1\lib\ltex-ls-plus-18.6.1\lib\grpc-protobuf-1.75.0.jar;c:\Users\yusen\.vscode\extensions\ltex-plus.vscode-ltex-plus-15.6.1\lib\ltex-ls-plus-18.6.1\lib\grpc-protobuf-lite-1.75.0.jar;c:\Users\yusen\.vscode\extensions\ltex-plus.vscode-ltex-plus-15.6.1\lib\ltex-ls-plus-18.6.1\lib\grpc-stub-1.75.0.jar;c:\Users\yusen\.vscode\extensions\ltex-plus.vscode-ltex-plus-15.6.1\lib\ltex-ls-plus-18.6.1\lib\grpc-util-1.75.0.jar;c:\Users\yusen\.vscode\extensions\ltex-plus.vscode-ltex-plus-15.6.1\lib\ltex-ls-plus-18.6.1\lib\gson-2.13.1.jar;c:\Users\yusen\.vscode\extensions\ltex-plus.vscode-ltex-plus-15.6.1\lib\ltex-ls-plus-18.6.1\lib\gson-2.13.2.jar;c:\Users\yusen\.vscode\extensions\ltex-plus.vscode-ltex-plus-15.6.1\lib\ltex-ls-plus-18.6.1\lib\guava-33.3.1-jre.jar;c:\Users\yusen\.vscode\extensions\ltex-plus.vscode-ltex-plus-15.6.1\lib\ltex-ls-plus-18.6.1\lib\hamcrest-core-1.3.jar;c:\Users\yusen\.vscode\extensions\ltex-plus.vscode-ltex-plus-15.6.1\lib\ltex-ls-plus-18.6.1\lib\hanlp-portable-1.8.2.jar;c:\Users\yusen\.vscode\extensions\ltex-plus.vscode-ltex-plus-15.6.1\lib\ltex-ls-plus-18.6.1\lib\HdrHistogram-2.1.12.jar;c:\Users\yusen\.vscode\extensions\ltex-plus.vscode-ltex-plus-15.6.1\lib\ltex-ls-plus-18.6.1\lib\hppc-0.8.2.jar;c:\Users\yusen\.vscode\extensions\ltex-plus.vscode-ltex-plus-15.6.1\lib\ltex-ls-plus-18.6.1\lib\hunspell-2.1.2.jar;c:\Users\yusen\.vscode\extensions\ltex-plus.vscode-ltex-plus-15.6.1\lib\ltex-ls-plus-18.6.1\lib\icu4j-77.1.jar;c:\Users\yusen\.vscode\extensions\ltex-plus.vscode-ltex-plus-15.6.1\lib\ltex-ls-plus-18.6.1\lib\indriya-1.3.jar;c:\Users\yusen\.vscode\extensions\ltex-plus.vscode-ltex-plus-15.6.1\lib\ltex-ls-plus-18.6.1\lib\istack-commons-runtime-4.1.2.jar;c:\Users\yusen\.vscode\extensions\ltex-plus.vscode-ltex-plus-15.6.1\lib\ltex-ls-plus-18.6.1\lib\j2objc-annotations-3.0.0.jar;c:\Users\yusen\.vscode\extensions\ltex-plus.vscode-ltex-plus-15.6.1\lib\ltex-ls-plus-18.6.1\lib\jackson-annotations-2.18.0.jar;c:\Users\yusen\.vscode\extensions\ltex-plus.vscode-ltex-plus-15.6.1\lib\ltex-ls-plus-18.6.1\lib\jackson-core-2.18.0.jar;c:\Users\yusen\.vscode\extensions\ltex-plus.vscode-ltex-plus-15.6.1\lib\ltex-ls-plus-18.6.1\lib\jackson-databind-2.18.0.jar;c:\Users\yusen\.vscode\extensions\ltex-plus.vscode-ltex-plus-15.6.1\lib\ltex-ls-plus-18.6.1\lib\jakarta.activation-1.2.2.jar;c:\Users\yusen\.vscode\extensions\ltex-plus.vscode-ltex-plus-15.6.1\lib\ltex-ls-plus-18.6.1\lib\jakarta.activation-api-2.1.3.jar;c:\Users\yusen\.vscode\extensions\ltex-plus.vscode-ltex-plus-15.6.1\lib\ltex-ls-plus-18.6.1\lib\jakarta.xml.bind-api-2.3.3.jar;c:\Users\yusen\.vscode\extensions\ltex-plus.vscode-ltex-plus-15.6.1\lib\ltex-ls-plus-18.6.1\lib\jansi-2.4.2.jar;c:\Users\yusen\.vscode\extensions\ltex-plus.vscode-ltex-plus-15.6.1\lib\ltex-ls-plus-18.6.1\lib\java-diff-utils-4.12.jar;c:\Users\yusen\.vscode\extensions\ltex-plus.vscode-ltex-plus-15.6.1\lib\ltex-ls-plus-18.6.1\lib\javax.activation-api-1.2.0.jar;c:\Users\yusen\.vscode\extensions\ltex-plus.vscode-ltex-plus-15.6.1\lib\ltex-ls-plus-18.6.1\lib\javax.annotation-api-1.3.2.jar;c:\Users\yusen\.vscode\extensions\ltex-plus.vscode-ltex-plus-15.6.1\lib\ltex-ls-plus-18.6.1\lib\jaxb-api-2.3.1.jar;c:\Users\yusen\.vscode\extensions\ltex-plus.vscode-ltex-plus-15.6.1\lib\ltex-ls-plus-18.6.1\lib\jaxb-core-2.3.0.1.jar;c:\Users\yusen\.vscode\extensions\ltex-plus.vscode-ltex-plus-15.6.1\lib\ltex-ls-plus-18.6.1\lib\jaxb-core-4.0.5.jar;c:\Users\yusen\.vscode\extensions\ltex-plus.vscode-ltex-plus-15.6.1\lib\ltex-ls-plus-18.6.1\lib\jaxb-impl-2.3.3.jar;c:\Users\yusen\.vscode\extensions\ltex-plus.vscode-ltex-plus-15.6.1\lib\ltex-ls-plus-18.6.1\lib\jaxb-runtime-4.0.5.jar;c:\Users\yusen\.vscode\extensions\ltex-plus.vscode-ltex-plus-15.6.1\lib\ltex-ls-plus-18.6.1\lib\jna-5.12.1.jar;c:\Users\yusen\.vscode\extensions\ltex-plus.vscode-ltex-plus-15.6.1\lib\ltex-ls-plus-18.6.1\lib\jna-platform-5.12.1.jar;c:\Users\yusen\.vscode\extensions\ltex-plus.vscode-ltex-plus-15.6.1\lib\ltex-ls-plus-18.6.1\lib\json-20240303.jar;c:\Users\yusen\.vscode\extensions\ltex-plus.vscode-ltex-plus-15.6.1\lib\ltex-ls-plus-18.6.1\lib\jsonic-1.2.11.jar;c:\Users\yusen\.vscode\extensions\ltex-plus.vscode-ltex-plus-15.6.1\lib\ltex-ls-plus-18.6.1\lib\jsr305-3.0.2.jar;c:\Users\yusen\.vscode\extensions\ltex-plus.vscode-ltex-plus-15.6.1\lib\ltex-ls-plus-18.6.1\lib\junit-4.13.2.jar;c:\Users\yusen\.vscode\extensions\ltex-plus.vscode-ltex-plus-15.6.1\lib\ltex-ls-plus-18.6.1\lib\jwordsplitter-4.7.jar;c:\Users\yusen\.vscode\extensions\ltex-plus.vscode-ltex-plus-15.6.1\lib\ltex-ls-plus-18.6.1\lib\kotlin-stdlib-2.2.10.jar;c:\Users\yusen\.vscode\extensions\ltex-plus.vscode-ltex-plus-15.6.1\lib\ltex-ls-plus-18.6.1\lib\kotlin-stdlib-2.2.20.jar;c:\Users\yusen\.vscode\extensions\ltex-plus.vscode-ltex-plus-15.6.1\lib\ltex-ls-plus-18.6.1\lib\language-all-6.7.jar;c:\Users\yusen\.vscode\extensions\ltex-plus.vscode-ltex-plus-15.6.1\lib\ltex-ls-plus-18.6.1\lib\language-ar-6.7.jar;c:\Users\yusen\.vscode\extensions\ltex-plus.vscode-ltex-plus-15.6.1\lib\ltex-ls-plus-18.6.1\lib\language-ast-6.7.jar;c:\Users\yusen\.vscode\extensions\ltex-plus.vscode-ltex-plus-15.6.1\lib\ltex-ls-plus-18.6.1\lib\language-be-6.7.jar;c:\Users\yusen\.vscode\extensions\ltex-plus.vscode-ltex-plus-15.6.1\lib\ltex-ls-plus-18.6.1\lib\language-br-6.7.jar;c:\Users\yusen\.vscode\extensions\ltex-plus.vscode-ltex-plus-15.6.1\lib\ltex-ls-plus-18.6.1\lib\language-ca-6.7.jar;c:\Users\yusen\.vscode\extensions\ltex-plus.vscode-ltex-plus-15.6.1\lib\ltex-ls-plus-18.6.1\lib\language-crh-6.7.jar;c:\Users\yusen\.vscode\extensions\ltex-plus.vscode-ltex-plus-15.6.1\lib\ltex-ls-plus-18.6.1\lib\language-da-6.7.jar;c:\Users\yusen\.vscode\extensions\ltex-plus.vscode-ltex-plus-15.6.1\lib\ltex-ls-plus-18.6.1\lib\language-de-6.7.jar;c:\Users\yusen\.vscode\extensions\ltex-plus.vscode-ltex-plus-15.6.1\lib\ltex-ls-plus-18.6.1\lib\language-de-DE-x-simple-language-6.7.jar;c:\Users\yusen\.vscode\extensions\ltex-plus.vscode-ltex-plus-15.6.1\lib\ltex-ls-plus-18.6.1\lib\language-detector-0.6.jar;c:\Users\yusen\.vscode\extensions\ltex-plus.vscode-ltex-plus-15.6.1\lib\ltex-ls-plus-18.6.1\lib\language-el-6.7.jar;c:\Users\yusen\.vscode\extensions\ltex-plus.vscode-ltex-plus-15.6.1\lib\ltex-ls-plus-18.6.1\lib\language-en-6.7.jar;c:\Users\yusen\.vscode\extensions\ltex-plus.vscode-ltex-plus-15.6.1\lib\ltex-ls-plus-18.6.1\lib\language-eo-6.7.jar;c:\Users\yusen\.vscode\extensions\ltex-plus.vscode-ltex-plus-15.6.1\lib\ltex-ls-plus-18.6.1\lib\language-es-6.7.jar;c:\Users\yusen\.vscode\extensions\ltex-plus.vscode-ltex-plus-15.6.1\lib\ltex-ls-plus-18.6.1\lib\language-fa-6.7.jar;c:\Users\yusen\.vscode\extensions\ltex-plus.vscode-ltex-plus-15.6.1\lib\ltex-ls-plus-18.6.1\lib\language-fr-6.7.jar;c:\Users\yusen\.vscode\extensions\ltex-plus.vscode-ltex-plus-15.6.1\lib\ltex-ls-plus-18.6.1\lib\language-ga-6.7.jar;c:\Users\yusen\.vscode\extensions\ltex-plus.vscode-ltex-plus-15.6.1\lib\ltex-ls-plus-18.6.1\lib\language-gl-6.7.jar;c:\Users\yusen\.vscode\extensions\ltex-plus.vscode-ltex-plus-15.6.1\lib\ltex-ls-plus-18.6.1\lib\language-it-6.7.jar;c:\Users\yusen\.vscode\extensions\ltex-plus.vscode-ltex-plus-15.6.1\lib\ltex-ls-plus-18.6.1\lib\language-ja-6.7.jar;c:\Users\yusen\.vscode\extensions\ltex-plus.vscode-ltex-plus-15.6.1\lib\ltex-ls-plus-18.6.1\lib\language-km-6.7.jar;c:\Users\yusen\.vscode\extensions\ltex-plus.vscode-ltex-plus-15.6.1\lib\ltex-ls-plus-18.6.1\lib\language-nl-6.7.jar;c:\Users\yusen\.vscode\extensions\ltex-plus.vscode-ltex-plus-15.6.1\lib\ltex-ls-plus-18.6.1\lib\language-pl-6.7.jar;c:\Users\yusen\.vscode\extensions\ltex-plus.vscode-ltex-plus-15.6.1\lib\ltex-ls-plus-18.6.1\lib\language-pt-6.7.jar;c:\Users\yusen\.vscode\extensions\ltex-plus.vscode-ltex-plus-15.6.1\lib\ltex-ls-plus-18.6.1\lib\language-ro-6.7.jar;c:\Users\yusen\.vscode\extensions\ltex-plus.vscode-ltex-plus-15.6.1\lib\ltex-ls-plus-18.6.1\lib\language-ru-6.7.jar;c:\Users\yusen\.vscode\extensions\ltex-plus.vscode-ltex-plus-15.6.1\lib\ltex-ls-plus-18.6.1\lib\language-sk-6.7.jar;c:\Users\yusen\.vscode\extensions\ltex-plus.vscode-ltex-plus-15.6.1\lib\ltex-ls-plus-18.6.1\lib\language-sl-6.7.jar;c:\Users\yusen\.vscode\extensions\ltex-plus.vscode-ltex-plus-15.6.1\lib\ltex-ls-plus-18.6.1\lib\language-sv-6.7.jar;c:\Users\yusen\.vscode\extensions\ltex-plus.vscode-ltex-plus-15.6.1\lib\ltex-ls-plus-18.6.1\lib\language-ta-6.7.jar;c:\Users\yusen\.vscode\extensions\ltex-plus.vscode-ltex-plus-15.6.1\lib\ltex-ls-plus-18.6.1\lib\language-tl-6.7.jar;c:\Users\yusen\.vscode\extensions\ltex-plus.vscode-ltex-plus-15.6.1\lib\ltex-ls-plus-18.6.1\lib\language-uk-6.7.jar;c:\Users\yusen\.vscode\extensions\ltex-plus.vscode-ltex-plus-15.6.1\lib\ltex-ls-plus-18.6.1\lib\language-zh-6.7.jar;c:\Users\yusen\.vscode\extensions\ltex-plus.vscode-ltex-plus-15.6.1\lib\ltex-ls-plus-18.6.1\lib\languagetool-core-6.7.jar;c:\Users\yusen\.vscode\extensions\ltex-plus.vscode-ltex-plus-15.6.1\lib\ltex-ls-plus-18.6.1\lib\languagetool-ga-dicts-0.02.jar;c:\Users\yusen\.vscode\extensions\ltex-plus.vscode-ltex-plus-15.6.1\lib\ltex-ls-plus-18.6.1\lib\LatencyUtils-2.0.3.jar;c:\Users\yusen\.vscode\extensions\ltex-plus.vscode-ltex-plus-15.6.1\lib\ltex-ls-plus-18.6.1\lib\linguistics.grammardb.spell.languagetool-1.0.2.jar;c:\Users\yusen\.vscode\extensions\ltex-plus.vscode-ltex-plus-15.6.1\lib\ltex-ls-plus-18.6.1\lib\listenablefuture-9999.0-empty-to-avoid-conflict-with-guava.jar;c:\Users\yusen\.vscode\extensions\ltex-plus.vscode-ltex-plus-15.6.1\lib\ltex-ls-plus-18.6.1\lib\lspcli-2.2.1.jar;c:\Users\yusen\.vscode\extensions\ltex-plus.vscode-ltex-plus-15.6.1\lib\ltex-ls-plus-18.6.1\lib\ltexls-plus-18.6.1.jar;c:\Users\yusen\.vscode\extensions\ltex-plus.vscode-ltex-plus-15.6.1\lib\ltex-ls-plus-18.6.1\lib\lucene-backward-codecs-5.5.5.jar;c:\Users\yusen\.vscode\extensions\ltex-plus.vscode-ltex-plus-15.6.1\lib\ltex-ls-plus-18.6.1\lib\lucene-core-5.5.5.jar;c:\Users\yusen\.vscode\extensions\ltex-plus.vscode-ltex-plus-15.6.1\lib\ltex-ls-plus-18.6.1\lib\lucene-gosen-6.2.1-ipadic.jar;c:\Users\yusen\.vscode\extensions\ltex-plus.vscode-ltex-plus-15.6.1\lib\ltex-ls-plus-18.6.1\lib\micrometer-core-1.7.12.jar;c:\Users\yusen\.vscode\extensions\ltex-plus.vscode-ltex-plus-15.6.1\lib\ltex-ls-plus-18.6.1\lib\micrometer-registry-prometheus-1.7.12.jar;c:\Users\yusen\.vscode\extensions\ltex-plus.vscode-ltex-plus-15.6.1\lib\ltex-ls-plus-18.6.1\lib\morfologik-crh-lt-1.0.1.jar;c:\Users\yusen\.vscode\extensions\ltex-plus.vscode-ltex-plus-15.6.1\lib\ltex-ls-plus-18.6.1\lib\morfologik-fsa-2.1.9.jar;c:\Users\yusen\.vscode\extensions\ltex-plus.vscode-ltex-plus-15.6.1\lib\ltex-ls-plus-18.6.1\lib\morfologik-fsa-builders-2.1.9.jar;c:\Users\yusen\.vscode\extensions\ltex-plus.vscode-ltex-plus-15.6.1\lib\ltex-ls-plus-18.6.1\lib\morfologik-speller-2.1.9.jar;c:\Users\yusen\.vscode\extensions\ltex-plus.vscode-ltex-plus-15.6.1\lib\ltex-ls-plus-18.6.1\lib\morfologik-stemming-2.1.9.jar;c:\Users\yusen\.vscode\extensions\ltex-plus.vscode-ltex-plus-15.6.1\lib\ltex-ls-plus-18.6.1\lib\morfologik-ukrainian-lt-6.7.1.jar;c:\Users\yusen\.vscode\extensions\ltex-plus.vscode-ltex-plus-15.6.1\lib\ltex-ls-plus-18.6.1\lib\morphology-el-1.0.0.jar;c:\Users\yusen\.vscode\extensions\ltex-plus.vscode-ltex-plus-15.6.1\lib\ltex-ls-plus-18.6.1\lib\opennlp-chunk-models-1.5.jar;c:\Users\yusen\.vscode\extensions\ltex-plus.vscode-ltex-plus-15.6.1\lib\ltex-ls-plus-18.6.1\lib\opennlp-postag-models-1.5.jar;c:\Users\yusen\.vscode\extensions\ltex-plus.vscode-ltex-plus-15.6.1\lib\ltex-ls-plus-18.6.1\lib\opennlp-tokenize-models-1.5.jar;c:\Users\yusen\.vscode\extensions\ltex-plus.vscode-ltex-plus-15.6.1\lib\ltex-ls-plus-18.6.1\lib\opennlp-tools-1.9.4.jar;c:\Users\yusen\.vscode\extensions\ltex-plus.vscode-ltex-plus-15.6.1\lib\ltex-ls-plus-18.6.1\lib\openregex-1.1.1.jar;c:\Users\yusen\.vscode\extensions\ltex-plus.vscode-ltex-plus-15.6.1\lib\ltex-ls-plus-18.6.1\lib\opentelemetry-api-1.42.1.jar;c:\Users\yusen\.vscode\extensions\ltex-plus.vscode-ltex-plus-15.6.1\lib\ltex-ls-plus-18.6.1\lib\opentelemetry-context-1.42.1.jar;c:\Users\yusen\.vscode\extensions\ltex-plus.vscode-ltex-plus-15.6.1\lib\ltex-ls-plus-18.6.1\lib\opentelemetry-semconv-1.30.1-alpha.jar;c:\Users\yusen\.vscode\extensions\ltex-plus.vscode-ltex-plus-15.6.1\lib\ltex-ls-plus-18.6.1\lib\org.eclipse.lsp4j-0.24.0.jar;c:\Users\yusen\.vscode\extensions\ltex-plus.vscode-ltex-plus-15.6.1\lib\ltex-ls-plus-18.6.1\lib\org.eclipse.lsp4j.jsonrpc-0.24.0.jar;c:\Users\yusen\.vscode\extensions\ltex-plus.vscode-ltex-plus-15.6.1\lib\ltex-ls-plus-18.6.1\lib\perfmark-api-0.27.0.jar;c:\Users\yusen\.vscode\extensions\ltex-plus.vscode-ltex-plus-15.6.1\lib\ltex-ls-plus-18.6.1\lib\picocli-4.7.7.jar;c:\Users\yusen\.vscode\extensions\ltex-plus.vscode-ltex-plus-15.6.1\lib\ltex-ls-plus-18.6.1\lib\portuguese-pos-dict-1.2.0.jar;c:\Users\yusen\.vscode\extensions\ltex-plus.vscode-ltex-plus-15.6.1\lib\ltex-ls-plus-18.6.1\lib\proto-google-common-protos-2.59.2.jar;c:\Users\yusen\.vscode\extensions\ltex-plus.vscode-ltex-plus-15.6.1\lib\ltex-ls-plus-18.6.1\lib\protobuf-java-3.25.8.jar;c:\Users\yusen\.vscode\extensions\ltex-plus.vscode-ltex-plus-15.6.1\lib\ltex-ls-plus-18.6.1\lib\resilience4j-circuitbreaker-1.7.1.jar;c:\Users\yusen\.vscode\extensions\ltex-plus.vscode-ltex-plus-15.6.1\lib\ltex-ls-plus-18.6.1\lib\resilience4j-core-1.7.1.jar;c:\Users\yusen\.vscode\extensions\ltex-plus.vscode-ltex-plus-15.6.1\lib\ltex-ls-plus-18.6.1\lib\resilience4j-micrometer-1.7.1.jar;c:\Users\yusen\.vscode\extensions\ltex-plus.vscode-ltex-plus-15.6.1\lib\ltex-ls-plus-18.6.1\lib\segment-2.0.3.jar;c:\Users\yusen\.vscode\extensions\ltex-plus.vscode-ltex-plus-15.6.1\lib\ltex-ls-plus-18.6.1\lib\simpleclient-0.16.0.jar;c:\Users\yusen\.vscode\extensions\ltex-plus.vscode-ltex-plus-15.6.1\lib\ltex-ls-plus-18.6.1\lib\simpleclient_common-0.10.0.jar;c:\Users\yusen\.vscode\extensions\ltex-plus.vscode-ltex-plus-15.6.1\lib\ltex-ls-plus-18.6.1\lib\simpleclient_guava-0.16.0.jar;c:\Users\yusen\.vscode\extensions\ltex-plus.vscode-ltex-plus-15.6.1\lib\ltex-ls-plus-18.6.1\lib\simpleclient_tracer_common-0.16.0.jar;c:\Users\yusen\.vscode\extensions\ltex-plus.vscode-ltex-plus-15.6.1\lib\ltex-ls-plus-18.6.1\lib\simpleclient_tracer_otel-0.16.0.jar;c:\Users\yusen\.vscode\extensions\ltex-plus.vscode-ltex-plus-15.6.1\lib\ltex-ls-plus-18.6.1\lib\simpleclient_tracer_otel_agent-0.16.0.jar;c:\Users\yusen\.vscode\extensions\ltex-plus.vscode-ltex-plus-15.6.1\lib\ltex-ls-plus-18.6.1\lib\slf4j-api-2.0.16.jar;c:\Users\yusen\.vscode\extensions\ltex-plus.vscode-ltex-plus-15.6.1\lib\ltex-ls-plus-18.6.1\lib\slf4j-nop-2.0.17.jar;c:\Users\yusen\.vscode\extensions\ltex-plus.vscode-ltex-plus-15.6.1\lib\ltex-ls-plus-18.6.1\lib\spanish-pos-dict-2.5.jar;c:\Users\yusen\.vscode\extensions\ltex-plus.vscode-ltex-plus-15.6.1\lib\ltex-ls-plus-18.6.1\lib\stax2-api-4.2.2.jar;c:\Users\yusen\.vscode\extensions\ltex-plus.vscode-ltex-plus-15.6.1\lib\ltex-ls-plus-18.6.1\lib\txw2-4.0.5.jar;c:\Users\yusen\.vscode\extensions\ltex-plus.vscode-ltex-plus-15.6.1\lib\ltex-ls-plus-18.6.1\lib\unit-api-1.0.jar;c:\Users\yusen\.vscode\extensions\ltex-plus.vscode-ltex-plus-15.6.1\lib\ltex-ls-plus-18.6.1\lib\uom-lib-common-1.1.jar;c:\Users\yusen\.vscode\extensions\ltex-plus.vscode-ltex-plus-15.6.1\lib\ltex-ls-plus-18.6.1\lib\vavr-0.10.2.jar;c:\Users\yusen\.vscode\extensions\ltex-plus.vscode-ltex-plus-15.6.1\lib\ltex-ls-plus-18.6.1\lib\vavr-match-0.10.2.jar;c:\Users\yusen\.vscode\extensions\ltex-plus.vscode-ltex-plus-15.6.1\lib\ltex-ls-plus-18.6.1\lib\woodstox-core-7.1.1.jar
Launcher Type: SUN_STANDARD

[Global flags]
     intx CICompilerCount                          = 4                                         {product} {ergonomic}
     uint ConcGCThreads                            = 3                                         {product} {ergonomic}
     uint G1ConcRefinementThreads                  = 10                                        {product} {ergonomic}
   size_t G1HeapRegionSize                         = 1048576                                   {product} {ergonomic}
    uintx GCDrainStackTargetSize                   = 64                                        {product} {ergonomic}
   size_t InitialHeapSize                          = 67108864                                  {product} {command line}
   size_t MarkStackSize                            = 4194304                                   {product} {ergonomic}
   size_t MaxHeapSize                              = 2147483648                                {product} {command line}
   size_t MaxNewSize                               = 1287651328                                {product} {ergonomic}
   size_t MinHeapDeltaBytes                        = 1048576                                   {product} {ergonomic}
   size_t MinHeapSize                              = 67108864                                  {product} {command line}
    uintx NonNMethodCodeHeapSize                   = 5839372                                {pd product} {ergonomic}
    uintx NonProfiledCodeHeapSize                  = 122909434                              {pd product} {ergonomic}
    uintx ProfiledCodeHeapSize                     = 122909434                              {pd product} {ergonomic}
    uintx ReservedCodeCacheSize                    = 251658240                              {pd product} {ergonomic}
     bool SegmentedCodeCache                       = true                                      {product} {ergonomic}
   size_t SoftMaxHeapSize                          = 2147483648                             {manageable} {ergonomic}
     bool UseCompressedOops                        = true                           {product lp64_product} {ergonomic}
     bool UseG1GC                                  = true                                      {product} {ergonomic}
     bool UseLargePagesIndividualAllocation        = false                                  {pd product} {ergonomic}

Logging:
Log output configuration:
 #0: stdout all=warning uptime,level,tags foldmultilines=false
 #1: stderr all=off uptime,level,tags foldmultilines=false

Environment Variables:
JAVA_HOME=c:\Users\yusen\.vscode\extensions\ltex-plus.vscode-ltex-plus-15.6.1\lib\ltex-ls-plus-18.6.1\jdk-21.0.8+9
CLASSPATH="c:\Users\yusen\.vscode\extensions\ltex-plus.vscode-ltex-plus-15.6.1\lib\ltex-ls-plus-18.6.1"\etc;"c:\Users\yusen\.vscode\extensions\ltex-plus.vscode-ltex-plus-15.6.1\lib\ltex-ls-plus-18.6.1\lib"\*
PATH=C:\Users\yusen\AppData\Local\Programs\Microsoft VS Code;C:\Windows\system32;C:\Windows;C:\Windows\System32\Wbem;C:\Windows\System32\WindowsPowerShell\v1.0\;C:\Windows\System32\OpenSSH\;C:\Program Files\dotnet\;C:\Users\yusen\AppData\Local\Microsoft\WindowsApps;C:\Users\yusen\AppData\Local\Programs\Microsoft VS Code\bin;C:\Users\yusen\AppData\Local\Programs\Git\cmd;C:\Users\yusen\AppData\Local\Programs\cursor\resources\app\bin
USERNAME=yusen
OS=Windows_NT
PROCESSOR_IDENTIFIER=Intel64 Family 6 Model 186 Stepping 2, GenuineIntel
TMP=C:\Users\yusen\AppData\Local\Temp
TEMP=C:\Users\yusen\AppData\Local\Temp




Periodic native trim disabled

---------------  S Y S T E M  ---------------

OS:
 Windows 11 , 64 bit Build 22621 (10.0.22621.3527)
OS uptime: 19 days 0:47 hours

CPU: total 12 (initial active 12) (6 cores per cpu, 2 threads per core) family 6 model 186 stepping 2 microcode 0x410c, cx8, cmov, fxsr, ht, mmx, 3dnowpref, sse, sse2, sse3, ssse3, sse4.1, sse4.2, popcnt, lzcnt, tsc, tscinvbit, avx, avx2, aes, erms, clmul, bmi1, bmi2, adx, sha, fma, vzeroupper, clflush, clflushopt, clwb, serialize, rdtscp, rdpid, fsrm, f16c, pku, cet_ibt, cet_ss
Processor Information for processor 0
  Max Mhz: 2100, Current Mhz: 2100, Mhz Limit: 2100
Processor Information for processor 1
  Max Mhz: 2100, Current Mhz: 2100, Mhz Limit: 2100
Processor Information for processor 2
  Max Mhz: 2100, Current Mhz: 2100, Mhz Limit: 2100
Processor Information for processor 3
  Max Mhz: 2100, Current Mhz: 2100, Mhz Limit: 2100
Processor Information for processor 4
  Max Mhz: 2100, Current Mhz: 2100, Mhz Limit: 2100
Processor Information for processor 5
  Max Mhz: 2100, Current Mhz: 2100, Mhz Limit: 2100
Processor Information for processor 6
  Max Mhz: 2100, Current Mhz: 2100, Mhz Limit: 2100
Processor Information for processor 7
  Max Mhz: 2100, Current Mhz: 2100, Mhz Limit: 2100
Processor Information for processor 8
  Max Mhz: 2100, Current Mhz: 1500, Mhz Limit: 1491
Processor Information for processor 9
  Max Mhz: 2100, Current Mhz: 1500, Mhz Limit: 1491
Processor Information for processor 10
  Max Mhz: 2100, Current Mhz: 1500, Mhz Limit: 1491
Processor Information for processor 11
  Max Mhz: 2100, Current Mhz: 1500, Mhz Limit: 1491

Memory: 4k page, system-wide physical 16019M (91M free)
TotalPageFile size 51427M (AvailPageFile size 0M)
current process WorkingSet (physical memory assigned to process): 410M, peak: 410M
current process commit charge ("private bytes"): 437M, peak: 440M

vm_info: OpenJDK 64-Bit Server VM (21.0.8+9-LTS) for windows-amd64 JRE (21.0.8+9-LTS), built on 2025-07-15T00:00:00Z by "admin" with MS VC++ 17.7 (VS2022)

END.
