#
# A fatal error has been detected by the Java Runtime Environment:
#
#  SIGBUS (0x7) at pc=0x00007f2295d55c0e, pid=1154350, tid=1154388
#
# JRE version: OpenJDK Runtime Environment Temurin-21.0.10+7 (21.0.10+7) (build 21.0.10+7-LTS)
# Java VM: OpenJDK 64-Bit Server VM Temurin-21.0.10+7 (21.0.10+7-LTS, mixed mode, tiered, compressed oops, compressed class ptrs, g1 gc, linux-amd64)
# Problematic frame:
# V  [libjvm.so+0xd55c0e]  PerfLongVariant::sample()+0x1e
#
# Core dump will be written. Default location: Core dumps may be processed with "/usr/lib/systemd/systemd-coredump %P %u %g %s %t %c %h %d %F" (or dumping to /home/yusen/Obsidian Vault/core.1154350)
#
# If you would like to submit a bug report, please visit:
#   https://github.com/adoptium/adoptium-support/issues
#

---------------  S U M M A R Y ------------

Command Line: -Xms64m -Xmx2048m -Dapp.name=ltex-ls-plus -Dapp.pid=1154350 -Dapp.repo=/home/yusen/.vscode/extensions/ltex-plus.vscode-ltex-plus-15.7.1/lib/ltex-ls-plus-18.7.0/lib -Dapp.home=/home/yusen/.vscode/extensions/ltex-plus.vscode-ltex-plus-15.7.1/lib/ltex-ls-plus-18.7.0 -Dbasedir=/home/yusen/.vscode/extensions/ltex-plus.vscode-ltex-plus-15.7.1/lib/ltex-ls-plus-18.7.0 org.bsplines.ltexls.LtexLanguageServerLauncher

Host: 11th Gen Intel(R) Core(TM) i7-11800H @ 2.30GHz, 16 cores, 15G, LSB_VERSION="core-2.0-noarch:core-3.2-noarch:core-4.0-noarch:core-2.0-x86_64:core-3.2-x86_64:core-4.0-x86_64"
Time: Thu Jul 30 01:00:07 2026 CST elapsed time: 986.106438 seconds (0d 0h 16m 26s)

---------------  T H R E A D  ---------------

Current thread (0x00007f22901025d0):  WatcherThread "VM Periodic Task Thread" [id=1154388, stack(0x00007f2278915000,0x00007f2278a15000) (1024K)]

Stack: [0x00007f2278915000,0x00007f2278a15000],  sp=0x00007f2278a13d30,  free space=1019k
Native frames: (J=compiled Java code, j=interpreted, Vv=VM code, C=native code)
V  [libjvm.so+0xd55c0e]  PerfLongVariant::sample()+0x1e
V  [libjvm.so+0xe99052]  StatSamplerTask::task()+0x32
V  [libjvm.so+0xf4d0fd]  PeriodicTask::real_time_tick(int)+0x5d
V  [libjvm.so+0xcd9830]  WatcherThread::run()+0x80
V  [libjvm.so+0xf84d48]  Thread::call_run()+0xa8
V  [libjvm.so+0xd0e2da]  thread_native_entry(Thread*)+0xda

siginfo: si_signo: 7 (SIGBUS), si_code: 2 (BUS_ADRERR), si_addr: 0x00007f229696f5c8

Registers:
RAX=0x000000e597c6be4e, RBX=0x00007f229696f5c8, RCX=0x00000000030d231e, RDX=0x0000000000006410
RSP=0x00007f2278a13d30, RBP=0x00007f2278a13d40, RSI=0x00007f22969b3010, RDI=0x0000000000000001
R8 =0x00000000030d231e, R9 =0x00007f2278a13d10, R10=0x0000000000000000, R11=0x00007f22969b3000
R12=0x00007f2290281bf0, R13=0x0000000000000001, R14=0x0000000000000002, R15=0x00007f2296566440
RIP=0x00007f2295d55c0e, EFLAGS=0x0000000000010216, CSGSFS=0x002b000000000033, ERR=0x0000000000000007
  TRAPNO=0x000000000000000e

XMM[0]=0x0000000000000000 0x0000000000000000
XMM[1]=0x0000000000000000 0x00007f223814ca30
XMM[2]=0x00007f22901025d0 0x00007f22901025d0
XMM[3]=0x00007f2278a13e50 0x00007f2278a146c0
XMM[4]=0x00007f22901025d0 0x0000000000000000
XMM[5]=0x00007f22969ce4ef 0x00007f22964f13a0
XMM[6]=0x0000000000000008 0x0000000000100000
XMM[7]=0x00007f2278a15000 0x0000000000000004
XMM[8]=0xcafebabecafebabe 0xcafebabecafebabe
XMM[9]=0x2e2e5e5b415c494d 0x015d48015d575d01
XMM[10]=0x2e2e2e2e2e2e2e0b 0x2e2e2e2e2e2e2e2e
XMM[11]=0x0000000000000000 0x00007f22961c71e0
XMM[12]=0x0000000000000000 0x0000000000000000
XMM[13]=0x0000000000000000 0x0000000000000000
XMM[14]=0x0000000000000000 0x0000000000000000
XMM[15]=0x0000000000000000 0x0000000000000000
  MXCSR=0x00001fa2


Register to memory mapping:

RAX=0x000000e597c6be4e is an unknown value
RBX=0x00007f229696f5c8 points into unknown readable memory: 0x000000e593c9db93 | 93 db c9 93 e5 00 00 00
RCX=0x00000000030d231e is an unknown value
RDX=0x0000000000006410 is an unknown value
RSP=0x00007f2278a13d30 points into unknown readable memory: 0x00007f2278a13d60 | 60 3d a1 78 22 7f 00 00
RBP=0x00007f2278a13d40 points into unknown readable memory: 0x00007f2278a13d60 | 60 3d a1 78 22 7f 00 00
RSI=0x00007f22969b3010 points into unknown readable memory: 0x000002135f7c97c8 | c8 97 7c 5f 13 02 00 00
RDI=0x0000000000000001 is an unknown value
R8 =0x00000000030d231e is an unknown value
R9 =0x00007f2278a13d10 points into unknown readable memory: 0x0000000000006410 | 10 64 00 00 00 00 00 00
R10=0x0 is null
R11=0x00007f22969b3000 points into unknown readable memory: 0x00000001030d2344 | 44 23 0d 03 01 00 00 00
R12=0x00007f2290281bf0 points into unknown readable memory: 0x00007f2290281c10 | 10 1c 28 90 22 7f 00 00
R13=0x0000000000000001 is an unknown value
R14=0x0000000000000002 is an unknown value
R15=0x00007f2296566440: <offset 0x0000000001566440> in /home/yusen/.vscode/extensions/ltex-plus.vscode-ltex-plus-15.7.1/lib/ltex-ls-plus-18.7.0/jdk-21.0.10+7/lib/server/libjvm.so at 0x00007f2295000000

Top of Stack: (sp=0x00007f2278a13d30)
0x00007f2278a13d30:   00007f2278a13d60 0000000000000001
0x00007f2278a13d40:   00007f2278a13d60 00007f2295e99052
0x00007f2278a13d50:   0000000000000032 0000000000000032
0x00007f2278a13d60:   00007f2278a13db0 00007f2295f4d0fd
0x00007f2278a13d70:   00007f22901031f0 00007f2296554e58
0x00007f2278a13d80:   00007f2278a13d90 00007f22901025d0
0x00007f2278a13d90:   0000000000000032 00007f2278915000
0x00007f2278a13da0:   0000000000100000 00007f2278914000
0x00007f2278a13db0:   00007f2278a13e10 00007f2295cd9830
0x00007f2278a13dc0:   00007f22901031f0 00007f2278a13e10
0x00007f2278a13dd0:   00007f2278a13de0 00007f2295d0c1f3
0x00007f2278a13de0:   6f69726550204d56 0073615420636964
0x00007f2278a13df0:   00007f2278a13e10 5aa21af0d9e4d700
0x00007f2278a13e00:   00007f22901031f0 00007f22901025d0
0x00007f2278a13e10:   00007f2278a13e70 00007f2295f84d48
0x00007f2278a13e20:   00007f2278a146c0 00007f22901032c0
0x00007f2278a13e30:   0000000000000000 00007f22901025d0
0x00007f2278a13e40:   00007f2278a13e70 00007f2295cc0e49
0x00007f2278a13e50:   00007f2278a13e70 00007f22901032c0
0x00007f2278a13e60:   00007f22901025d0 00007f2278a14ce4
0x00007f2278a13e70:   00007f2278a13ea0 00007f2295d0e2da
0x00007f2278a13e80:   0000000000000000 00007f2278a146c0
0x00007f2278a13e90:   00007f2294ffe7b0 00007f2294ffe8a6
0x00007f2278a13ea0:   0000000000000000 00007f229669b8f0
0x00007f2278a13eb0:   0000000000000000 00007f2278a146c0
0x00007f2278a13ec0:   0000000000000000 0000002100000000
0x00007f2278a13ed0:   ffffffffffffff40 0000000000000000
0x00007f2278a13ee0:   0000000000000000 0000000000000000
0x00007f2278a13ef0:   00007f2278a146c0 ef0ae9ee13e145ea
0x00007f2278a13f00:   00007f2294ffe7b0 00007f2294ffe8a6
0x00007f2278a13f10:   0000000000000002 00007f2278914000
0x00007f2278a13f20:   114e18ac6e8145ea 114fc53d7dfb45ea 

Instructions: (pc=0x00007f2295d55c0e)
0x00007f2295d55b0e:   00 04 00 00 00 48 83 c4 08 5b 41 5c 41 5d 41 5e
0x00007f2295d55b1e:   41 5f 5d c3 66 0f 1f 44 00 00 f0 83 04 24 00 48
0x00007f2295d55b2e:   8b 83 50 04 00 00 a8 01 0f 84 69 ff ff ff 31 d2
0x00007f2295d55b3e:   be 01 00 00 00 48 89 df e8 b5 d8 06 00 8b 83 48
0x00007f2295d55b4e:   04 00 00 a8 0c 0f 84 5a ff ff ff 48 89 df e8 9f
0x00007f2295d55b5e:   a7 bd ff e9 4d ff ff ff 66 2e 0f 1f 84 00 00 00
0x00007f2295d55b6e:   00 00 48 89 df e8 88 a7 bd ff e9 be fe ff ff 0f
0x00007f2295d55b7e:   1f 00 31 d2 be 01 00 00 00 48 89 df e8 71 d8 06
0x00007f2295d55b8e:   00 e9 99 fe ff ff 0f 1f 40 00 48 89 df e8 d0 96
0x00007f2295d55b9e:   bd ff e9 5d fe ff ff 48 8d 05 c4 13 7a 00 48 8d
0x00007f2295d55bae:   0d 47 ca 3e 00 48 8d 15 56 ca 3e 00 be 35 01 00
0x00007f2295d55bbe:   00 48 8d 3d 32 6f 44 00 48 8b 00 c6 00 58 31 c0
0x00007f2295d55bce:   e8 fd 97 96 ff 66 66 66 66 2e 0f 1f 84 00 00 00
0x00007f2295d55bde:   00 00 0f 1f 44 00 00 00 00 00 00 00 00 00 00 00
0x00007f2295d55bee:   00 00 4c 8b 47 38 4d 85 c0 74 27 55 48 89 e5 53
0x00007f2295d55bfe:   48 83 ec 08 49 8b 00 48 8b 5f 28 4c 89 c7 ff 10
0x00007f2295d55c0e:   48 89 03 48 8b 5d f8 c9 c3 66 0f 1f 84 00 00 00
0x00007f2295d55c1e:   00 00 c3 90 66 66 2e 0f 1f 84 00 00 00 00 00 0f
0x00007f2295d55c2e:   1f 00 55 48 8d 05 e0 5c 79 00 66 41 0f 6e c0 66
0x00007f2295d55c3e:   0f 6e c9 66 0f 62 c1 48 89 e5 41 57 49 89 d7 41
0x00007f2295d55c4e:   56 41 55 4c 63 ee 41 54 53 48 89 fb 48 83 ec 18
0x00007f2295d55c5e:   48 89 07 48 8d 05 d8 f8 7a 00 48 c7 47 08 00 00
0x00007f2295d55c6e:   00 00 4e 8b 34 e8 c6 47 18 00 48 c7 47 28 00 00
0x00007f2295d55c7e:   00 00 66 0f d6 47 10 48 89 d7 e8 63 dc 54 ff 4c
0x00007f2295d55c8e:   89 f7 48 89 45 c8 e8 57 dc 54 ff 48 8b 55 c8 be
0x00007f2295d55c9e:   09 00 00 00 4c 8d 4c 02 02 31 d2 4c 89 cf 4c 89
0x00007f2295d55cae:   4d c8 e8 3b cb 6d ff 41 83 fd 18 4c 8b 4d c8 48
0x00007f2295d55cbe:   89 43 08 48 89 c7 74 5a 48 8d 15 4b 13 3d 00 4d
0x00007f2295d55cce:   89 f8 4c 89 f1 4c 89 ce 31 c0 4d 89 ec e8 10 ac
0x00007f2295d55cde:   fa ff 49 69 c5 56 55 55 55 44 89 ea c1 fa 1f 48
0x00007f2295d55cee:   c1 e8 20 29 d0 8d 04 40 41 29 c4 41 83 fc 01 77
0x00007f2295d55cfe:   5d b8 01 00 00 00 89 43 1c 48 83 c4 18 5b 41 5c 


Stack slot to memory mapping:

stack at sp + 0 slots: 0x00007f2278a13d60 points into unknown readable memory: 0x00007f2278a13db0 | b0 3d a1 78 22 7f 00 00
stack at sp + 1 slots: 0x0000000000000001 is an unknown value
stack at sp + 2 slots: 0x00007f2278a13d60 points into unknown readable memory: 0x00007f2278a13db0 | b0 3d a1 78 22 7f 00 00
stack at sp + 3 slots: 0x00007f2295e99052: <offset 0x0000000000e99052> in /home/yusen/.vscode/extensions/ltex-plus.vscode-ltex-plus-15.7.1/lib/ltex-ls-plus-18.7.0/jdk-21.0.10+7/lib/server/libjvm.so at 0x00007f2295000000
stack at sp + 4 slots: 0x0000000000000032 is an unknown value
stack at sp + 5 slots: 0x0000000000000032 is an unknown value
stack at sp + 6 slots: 0x00007f2278a13db0 points into unknown readable memory: 0x00007f2278a13e10 | 10 3e a1 78 22 7f 00 00
stack at sp + 7 slots: 0x00007f2295f4d0fd: <offset 0x0000000000f4d0fd> in /home/yusen/.vscode/extensions/ltex-plus.vscode-ltex-plus-15.7.1/lib/ltex-ls-plus-18.7.0/jdk-21.0.10+7/lib/server/libjvm.so at 0x00007f2295000000


---------------  P R O C E S S  ---------------

Threads class SMR info:
_java_thread_list=0x00007f2230233210, length=13, elements={
0x00007f2290032c60, 0x00007f22901da8e0, 0x00007f22901db780, 0x00007f22901dd080,
0x00007f22901de5f0, 0x00007f22901e81c0, 0x00007f22901e9700, 0x00007f22901eadc0,
0x00007f22902802e0, 0x00007f2290287130, 0x00007f2291128f60, 0x00007f22911a21c0,
0x00007f221410d600
}

Java Threads: ( => current thread )
  0x00007f2290032c60 JavaThread "main"                              [_thread_blocked, id=1154371, stack(0x00007f2294f00000,0x00007f2295000000) (1024K)]
  0x00007f22901da8e0 JavaThread "Reference Handler"          daemon [_thread_blocked, id=1154402, stack(0x00007f22786b8000,0x00007f22787b8000) (1024K)]
  0x00007f22901db780 JavaThread "Finalizer"                  daemon [_thread_blocked, id=1154404, stack(0x00007f2278300000,0x00007f2278400000) (1024K)]
  0x00007f22901dd080 JavaThread "Signal Dispatcher"          daemon [_thread_blocked, id=1154405, stack(0x00007f22781ff000,0x00007f22782ff000) (1024K)]
  0x00007f22901de5f0 JavaThread "Service Thread"             daemon [_thread_blocked, id=1154406, stack(0x00007f22780fe000,0x00007f22781fe000) (1024K)]
  0x00007f22901e81c0 JavaThread "Monitor Deflation Thread"   daemon [_thread_blocked, id=1154407, stack(0x00007f2247f00000,0x00007f2248000000) (1024K)]
  0x00007f22901e9700 JavaThread "C2 CompilerThread0"         daemon [_thread_blocked, id=1154408, stack(0x00007f2247dff000,0x00007f2247eff000) (1024K)]
  0x00007f22901eadc0 JavaThread "C1 CompilerThread0"         daemon [_thread_blocked, id=1154409, stack(0x00007f2247cfe000,0x00007f2247dfe000) (1024K)]
  0x00007f22902802e0 JavaThread "Notification Thread"        daemon [_thread_blocked, id=1154421, stack(0x00007f2247afc000,0x00007f2247bfc000) (1024K)]
  0x00007f2290287130 JavaThread "Common-Cleaner"             daemon [_thread_blocked, id=1154423, stack(0x00007f22479fb000,0x00007f2247afb000) (1024K)]
  0x00007f2291128f60 JavaThread "ltex-fragment-cache-sweeper" daemon [_thread_blocked, id=1154898, stack(0x00007f22478fa000,0x00007f22479fa000) (1024K)]
  0x00007f22911a21c0 JavaThread "pool-2-thread-1"                   [_thread_in_native, id=1154900, stack(0x00007f2246ffd000,0x00007f22470fd000) (1024K)]
  0x00007f221410d600 JavaThread "pool-1-thread-1"                   [_thread_blocked, id=1154901, stack(0x00007f2246efc000,0x00007f2246ffc000) (1024K)]
Total: 13

Other Threads:
  0x00007f229010dc60 VMThread "VM Thread"                           [id=1154398, stack(0x00007f2278814000,0x00007f2278914000) (1024K)]
=>0x00007f22901025d0 WatcherThread "VM Periodic Task Thread"        [id=1154388, stack(0x00007f2278915000,0x00007f2278a15000) (1024K)]
  0x00007f229006c230 WorkerThread "GC Thread#0"                     [id=1154376, stack(0x00007f227bc3b000,0x00007f227bd3b000) (1024K)]
  0x00007f22600089b0 WorkerThread "GC Thread#1"                     [id=1154473, stack(0x00007f22477f9000,0x00007f22478f9000) (1024K)]
  0x00007f22600116f0 WorkerThread "GC Thread#2"                     [id=1154478, stack(0x00007f22476f8000,0x00007f22477f8000) (1024K)]
  0x00007f2260011fd0 WorkerThread "GC Thread#3"                     [id=1154479, stack(0x00007f2247300000,0x00007f2247400000) (1024K)]
  0x00007f2260012ac0 WorkerThread "GC Thread#4"                     [id=1154480, stack(0x00007f22471ff000,0x00007f22472ff000) (1024K)]
  0x00007f22600135d0 WorkerThread "GC Thread#5"                     [id=1154481, stack(0x00007f22470fe000,0x00007f22471fe000) (1024K)]
  0x00007f2260010b90 WorkerThread "GC Thread#6"                     [id=1154516, stack(0x00007f2246cfa000,0x00007f2246dfa000) (1024K)]
  0x00007f226000af90 WorkerThread "GC Thread#7"                     [id=1154517, stack(0x00007f2246bf9000,0x00007f2246cf9000) (1024K)]
  0x00007f226000ba80 WorkerThread "GC Thread#8"                     [id=1154518, stack(0x00007f2246af8000,0x00007f2246bf8000) (1024K)]
  0x00007f22600164d0 WorkerThread "GC Thread#9"                     [id=1154519, stack(0x00007f22469f7000,0x00007f2246af7000) (1024K)]
  0x00007f2260016f40 WorkerThread "GC Thread#10"                    [id=1154520, stack(0x00007f22468f6000,0x00007f22469f6000) (1024K)]
  0x00007f2260017a30 WorkerThread "GC Thread#11"                    [id=1154521, stack(0x00007f22467f5000,0x00007f22468f5000) (1024K)]
  0x00007f22600102e0 WorkerThread "GC Thread#12"                    [id=1154554, stack(0x00007f22462f0000,0x00007f22463f0000) (1024K)]
  0x00007f229007d7a0 ConcurrentGCThread "G1 Main Marker"            [id=1154379, stack(0x00007f227bb3a000,0x00007f227bc3a000) (1024K)]
  0x00007f229007e670 WorkerThread "G1 Conc#0"                       [id=1154381, stack(0x00007f227ba39000,0x00007f227bb39000) (1024K)]
  0x00007f226c000d00 WorkerThread "G1 Conc#1"                       [id=1154522, stack(0x00007f22466f4000,0x00007f22467f4000) (1024K)]
  0x00007f226c001830 WorkerThread "G1 Conc#2"                       [id=1154523, stack(0x00007f22465f3000,0x00007f22466f3000) (1024K)]
  0x00007f22900f0de0 ConcurrentGCThread "G1 Refine#0"               [id=1154384, stack(0x00007f2278bf3000,0x00007f2278cf3000) (1024K)]
  0x00007f22900f1cd0 ConcurrentGCThread "G1 Service"                [id=1154385, stack(0x00007f2278af2000,0x00007f2278bf2000) (1024K)]
Total: 21

Threads with active compile tasks:
Total: 0

VM state: not at safepoint (normal execution)

VM Mutex/Monitor currently owned by a thread:  ([mutex/lock_event])
[0x00007f2296554e58] PeriodicTask_lock - owner thread: 0x00007f22901025d0

Heap address: 0x0000000080000000, size: 2048 MB, Compressed Oops mode: 32-bit

CDS archive(s) not mapped
Compressed class space mapped at: 0x0000000100000000-0x0000000140000000, reserved size: 1073741824
Narrow klass base: 0x0000000000000000, Narrow klass shift: 3, Narrow klass range: 0x140000000

GC Precious Log:
 CardTable entry size: 512
 Card Set container configuration: InlinePtr #cards 5 size 8 Array Of Cards #cards 12 size 40 Howl #buckets 4 coarsen threshold 1843 Howl Bitmap #cards 512 size 80 coarsen threshold 460 Card regions per heap region 1 cards per card region 2048
 CPUs: 16 total, 16 available
 Memory: 15716M
 Large Page Support: Disabled
 NUMA Support: Disabled
 Compressed Oops: Enabled (32-bit)
 Heap Region Size: 1M
 Heap Min Capacity: 64M
 Heap Initial Capacity: 64M
 Heap Max Capacity: 2G
 Pre-touch: Disabled
 Parallel Workers: 13
 Concurrent Workers: 3
 Concurrent Refinement Workers: 13
 Periodic GC: Disabled

Heap:
 garbage-first heap   total 833536K, used 496525K [0x0000000080000000, 0x0000000100000000)
  region size 1024K, 20 young (20480K), 4 survivors (4096K)
 Metaspace       used 37113K, committed 37568K, reserved 1114112K
  class space    used 3796K, committed 4032K, reserved 1048576K

Heap Regions: E=young(eden), S=young(survivor), O=old, HS=humongous(starts), HC=humongous(continues), CS=collection set, F=free, TAMS=top-at-mark-start, PB=parsable bottom
|   0|0x0000000080000000, 0x0000000080100000, 0x0000000080100000|100%| O|  |TAMS 0x0000000080000000| PB 0x0000000080000000| Untracked 
|   1|0x0000000080100000, 0x0000000080200000, 0x0000000080200000|100%| O|  |TAMS 0x0000000080100000| PB 0x0000000080100000| Untracked 
|   2|0x0000000080200000, 0x0000000080300000, 0x0000000080300000|100%| O|  |TAMS 0x0000000080200000| PB 0x0000000080200000| Untracked 
|   3|0x0000000080300000, 0x0000000080400000, 0x0000000080400000|100%| O|  |TAMS 0x0000000080300000| PB 0x0000000080300000| Untracked 
|   4|0x0000000080400000, 0x0000000080500000, 0x0000000080500000|100%| O|  |TAMS 0x0000000080400000| PB 0x0000000080400000| Untracked 
|   5|0x0000000080500000, 0x0000000080600000, 0x0000000080600000|100%| O|  |TAMS 0x0000000080500000| PB 0x0000000080500000| Untracked 
|   6|0x0000000080600000, 0x0000000080700000, 0x0000000080700000|100%| O|  |TAMS 0x0000000080600000| PB 0x0000000080600000| Untracked 
|   7|0x0000000080700000, 0x0000000080800000, 0x0000000080800000|100%| O|  |TAMS 0x0000000080700000| PB 0x0000000080700000| Untracked 
|   8|0x0000000080800000, 0x0000000080900000, 0x0000000080900000|100%|HS|  |TAMS 0x0000000080800000| PB 0x0000000080800000| Complete 
|   9|0x0000000080900000, 0x0000000080a00000, 0x0000000080a00000|100%| O|  |TAMS 0x0000000080900000| PB 0x0000000080900000| Untracked 
|  10|0x0000000080a00000, 0x0000000080b00000, 0x0000000080b00000|100%| O|  |TAMS 0x0000000080a00000| PB 0x0000000080a00000| Untracked 
|  11|0x0000000080b00000, 0x0000000080c00000, 0x0000000080c00000|100%| O|  |TAMS 0x0000000080b00000| PB 0x0000000080b00000| Untracked 
|  12|0x0000000080c00000, 0x0000000080d00000, 0x0000000080d00000|100%| O|  |TAMS 0x0000000080c00000| PB 0x0000000080c00000| Untracked 
|  13|0x0000000080d00000, 0x0000000080e00000, 0x0000000080e00000|100%| O|  |TAMS 0x0000000080d00000| PB 0x0000000080d00000| Untracked 
|  14|0x0000000080e00000, 0x0000000080f00000, 0x0000000080f00000|100%| O|  |TAMS 0x0000000080e00000| PB 0x0000000080e00000| Untracked 
|  15|0x0000000080f00000, 0x0000000081000000, 0x0000000081000000|100%| O|  |TAMS 0x0000000080f00000| PB 0x0000000080f00000| Untracked 
|  16|0x0000000081000000, 0x0000000081100000, 0x0000000081100000|100%| O|  |TAMS 0x0000000081000000| PB 0x0000000081000000| Untracked 
|  17|0x0000000081100000, 0x0000000081200000, 0x0000000081200000|100%| O|  |TAMS 0x0000000081100000| PB 0x0000000081100000| Untracked 
|  18|0x0000000081200000, 0x0000000081300000, 0x0000000081300000|100%| O|  |TAMS 0x0000000081200000| PB 0x0000000081200000| Untracked 
|  19|0x0000000081300000, 0x0000000081400000, 0x0000000081400000|100%| O|  |TAMS 0x0000000081300000| PB 0x0000000081300000| Untracked 
|  20|0x0000000081400000, 0x0000000081500000, 0x0000000081500000|100%| O|  |TAMS 0x0000000081400000| PB 0x0000000081400000| Untracked 
|  21|0x0000000081500000, 0x0000000081600000, 0x0000000081600000|100%| O|  |TAMS 0x0000000081500000| PB 0x0000000081500000| Untracked 
|  22|0x0000000081600000, 0x0000000081700000, 0x0000000081700000|100%| O|  |TAMS 0x0000000081600000| PB 0x0000000081600000| Untracked 
|  23|0x0000000081700000, 0x0000000081800000, 0x0000000081800000|100%| O|  |TAMS 0x0000000081700000| PB 0x0000000081700000| Untracked 
|  24|0x0000000081800000, 0x0000000081900000, 0x0000000081900000|100%| O|  |TAMS 0x0000000081800000| PB 0x0000000081800000| Untracked 
|  25|0x0000000081900000, 0x0000000081a00000, 0x0000000081a00000|100%|HS|  |TAMS 0x0000000081900000| PB 0x0000000081900000| Complete 
|  26|0x0000000081a00000, 0x0000000081b00000, 0x0000000081b00000|100%| O|  |TAMS 0x0000000081a00000| PB 0x0000000081a00000| Untracked 
|  27|0x0000000081b00000, 0x0000000081c00000, 0x0000000081c00000|100%| O|  |TAMS 0x0000000081b00000| PB 0x0000000081b00000| Untracked 
|  28|0x0000000081c00000, 0x0000000081d00000, 0x0000000081d00000|100%| O|  |TAMS 0x0000000081c00000| PB 0x0000000081c00000| Untracked 
|  29|0x0000000081d00000, 0x0000000081e00000, 0x0000000081e00000|100%| O|  |TAMS 0x0000000081d00000| PB 0x0000000081d00000| Untracked 
|  30|0x0000000081e00000, 0x0000000081f00000, 0x0000000081f00000|100%| O|  |TAMS 0x0000000081e00000| PB 0x0000000081e00000| Untracked 
|  31|0x0000000081f00000, 0x0000000082000000, 0x0000000082000000|100%| O|  |TAMS 0x0000000081f00000| PB 0x0000000081f00000| Untracked 
|  32|0x0000000082000000, 0x0000000082100000, 0x0000000082100000|100%| O|  |TAMS 0x0000000082000000| PB 0x0000000082000000| Untracked 
|  33|0x0000000082100000, 0x0000000082200000, 0x0000000082200000|100%| O|  |TAMS 0x0000000082100000| PB 0x0000000082100000| Untracked 
|  34|0x0000000082200000, 0x0000000082300000, 0x0000000082300000|100%| O|  |TAMS 0x0000000082200000| PB 0x0000000082200000| Untracked 
|  35|0x0000000082300000, 0x0000000082400000, 0x0000000082400000|100%| O|  |TAMS 0x0000000082300000| PB 0x0000000082300000| Untracked 
|  36|0x0000000082400000, 0x0000000082500000, 0x0000000082500000|100%| O|  |TAMS 0x0000000082400000| PB 0x0000000082400000| Untracked 
|  37|0x0000000082500000, 0x0000000082500000, 0x0000000082600000|  0%| F|  |TAMS 0x0000000082500000| PB 0x0000000082500000| Untracked 
|  38|0x0000000082600000, 0x0000000082700000, 0x0000000082700000|100%|HS|  |TAMS 0x0000000082600000| PB 0x0000000082600000| Complete 
|  39|0x0000000082700000, 0x0000000082800000, 0x0000000082800000|100%| O|  |TAMS 0x0000000082700000| PB 0x0000000082700000| Untracked 
|  40|0x0000000082800000, 0x0000000082900000, 0x0000000082900000|100%| O|  |TAMS 0x0000000082800000| PB 0x0000000082800000| Untracked 
|  41|0x0000000082900000, 0x0000000082a00000, 0x0000000082a00000|100%| O|  |TAMS 0x0000000082900000| PB 0x0000000082900000| Untracked 
|  42|0x0000000082a00000, 0x0000000082b00000, 0x0000000082b00000|100%| O|  |TAMS 0x0000000082a00000| PB 0x0000000082a00000| Untracked 
|  43|0x0000000082b00000, 0x0000000082c00000, 0x0000000082c00000|100%| O|  |TAMS 0x0000000082b00000| PB 0x0000000082b00000| Untracked 
|  44|0x0000000082c00000, 0x0000000082d00000, 0x0000000082d00000|100%| O|  |TAMS 0x0000000082c00000| PB 0x0000000082c00000| Untracked 
|  45|0x0000000082d00000, 0x0000000082e00000, 0x0000000082e00000|100%| O|  |TAMS 0x0000000082d00000| PB 0x0000000082d00000| Untracked 
|  46|0x0000000082e00000, 0x0000000082f00000, 0x0000000082f00000|100%| O|  |TAMS 0x0000000082e00000| PB 0x0000000082e00000| Untracked 
|  47|0x0000000082f00000, 0x0000000083000000, 0x0000000083000000|100%| O|  |TAMS 0x0000000082f00000| PB 0x0000000082f00000| Untracked 
|  48|0x0000000083000000, 0x0000000083100000, 0x0000000083100000|100%|HS|  |TAMS 0x0000000083000000| PB 0x0000000083000000| Complete 
|  49|0x0000000083100000, 0x0000000083200000, 0x0000000083200000|100%|HC|  |TAMS 0x0000000083100000| PB 0x0000000083100000| Complete 
|  50|0x0000000083200000, 0x0000000083300000, 0x0000000083300000|100%|HC|  |TAMS 0x0000000083200000| PB 0x0000000083200000| Complete 
|  51|0x0000000083300000, 0x0000000083400000, 0x0000000083400000|100%| O|  |TAMS 0x0000000083300000| PB 0x0000000083300000| Untracked 
|  52|0x0000000083400000, 0x0000000083500000, 0x0000000083500000|100%| O|  |TAMS 0x0000000083400000| PB 0x0000000083400000| Untracked 
|  53|0x0000000083500000, 0x0000000083600000, 0x0000000083600000|100%| O|  |TAMS 0x0000000083500000| PB 0x0000000083500000| Untracked 
|  54|0x0000000083600000, 0x0000000083700000, 0x0000000083700000|100%| O|  |TAMS 0x0000000083600000| PB 0x0000000083600000| Untracked 
|  55|0x0000000083700000, 0x0000000083800000, 0x0000000083800000|100%|HS|  |TAMS 0x0000000083700000| PB 0x0000000083700000| Complete 
|  56|0x0000000083800000, 0x0000000083900000, 0x0000000083900000|100%| O|  |TAMS 0x0000000083800000| PB 0x0000000083800000| Untracked 
|  57|0x0000000083900000, 0x0000000083a00000, 0x0000000083a00000|100%| O|  |TAMS 0x0000000083900000| PB 0x0000000083900000| Untracked 
|  58|0x0000000083a00000, 0x0000000083b00000, 0x0000000083b00000|100%| O|  |TAMS 0x0000000083a00000| PB 0x0000000083a00000| Untracked 
|  59|0x0000000083b00000, 0x0000000083c00000, 0x0000000083c00000|100%| O|  |TAMS 0x0000000083b00000| PB 0x0000000083b00000| Untracked 
|  60|0x0000000083c00000, 0x0000000083d00000, 0x0000000083d00000|100%| O|  |TAMS 0x0000000083c00000| PB 0x0000000083c00000| Untracked 
|  61|0x0000000083d00000, 0x0000000083e00000, 0x0000000083e00000|100%| O|  |TAMS 0x0000000083d00000| PB 0x0000000083d00000| Untracked 
|  62|0x0000000083e00000, 0x0000000083f00000, 0x0000000083f00000|100%| O|  |TAMS 0x0000000083e00000| PB 0x0000000083e00000| Untracked 
|  63|0x0000000083f00000, 0x0000000084000000, 0x0000000084000000|100%| O|  |TAMS 0x0000000083f00000| PB 0x0000000083f00000| Untracked 
|  64|0x0000000084000000, 0x0000000084100000, 0x0000000084100000|100%| O|  |TAMS 0x0000000084000000| PB 0x0000000084000000| Untracked 
|  65|0x0000000084100000, 0x0000000084200000, 0x0000000084200000|100%| O|  |TAMS 0x0000000084100000| PB 0x0000000084100000| Untracked 
|  66|0x0000000084200000, 0x0000000084300000, 0x0000000084300000|100%| O|  |TAMS 0x0000000084200000| PB 0x0000000084200000| Untracked 
|  67|0x0000000084300000, 0x0000000084400000, 0x0000000084400000|100%| O|  |TAMS 0x0000000084300000| PB 0x0000000084300000| Untracked 
|  68|0x0000000084400000, 0x0000000084500000, 0x0000000084500000|100%| O|  |TAMS 0x0000000084400000| PB 0x0000000084400000| Untracked 
|  69|0x0000000084500000, 0x0000000084600000, 0x0000000084600000|100%| O|  |TAMS 0x0000000084500000| PB 0x0000000084500000| Untracked 
|  70|0x0000000084600000, 0x0000000084700000, 0x0000000084700000|100%| O|  |TAMS 0x0000000084600000| PB 0x0000000084600000| Untracked 
|  71|0x0000000084700000, 0x0000000084800000, 0x0000000084800000|100%| O|  |TAMS 0x0000000084700000| PB 0x0000000084700000| Untracked 
|  72|0x0000000084800000, 0x0000000084900000, 0x0000000084900000|100%| O|  |TAMS 0x0000000084800000| PB 0x0000000084800000| Untracked 
|  73|0x0000000084900000, 0x0000000084a00000, 0x0000000084a00000|100%| O|  |TAMS 0x0000000084900000| PB 0x0000000084900000| Untracked 
|  74|0x0000000084a00000, 0x0000000084b00000, 0x0000000084b00000|100%| O|  |TAMS 0x0000000084a00000| PB 0x0000000084a00000| Untracked 
|  75|0x0000000084b00000, 0x0000000084c00000, 0x0000000084c00000|100%| O|  |TAMS 0x0000000084b00000| PB 0x0000000084b00000| Untracked 
|  76|0x0000000084c00000, 0x0000000084d00000, 0x0000000084d00000|100%| O|  |TAMS 0x0000000084c00000| PB 0x0000000084c00000| Untracked 
|  77|0x0000000084d00000, 0x0000000084e00000, 0x0000000084e00000|100%| O|  |TAMS 0x0000000084d00000| PB 0x0000000084d00000| Untracked 
|  78|0x0000000084e00000, 0x0000000084f00000, 0x0000000084f00000|100%| O|  |TAMS 0x0000000084e00000| PB 0x0000000084e00000| Untracked 
|  79|0x0000000084f00000, 0x0000000085000000, 0x0000000085000000|100%| O|  |TAMS 0x0000000084f00000| PB 0x0000000084f00000| Untracked 
|  80|0x0000000085000000, 0x0000000085100000, 0x0000000085100000|100%| O|  |TAMS 0x0000000085000000| PB 0x0000000085000000| Untracked 
|  81|0x0000000085100000, 0x0000000085200000, 0x0000000085200000|100%| O|  |TAMS 0x0000000085100000| PB 0x0000000085100000| Untracked 
|  82|0x0000000085200000, 0x0000000085300000, 0x0000000085300000|100%| O|  |TAMS 0x0000000085200000| PB 0x0000000085200000| Untracked 
|  83|0x0000000085300000, 0x0000000085400000, 0x0000000085400000|100%| O|  |TAMS 0x0000000085300000| PB 0x0000000085300000| Untracked 
|  84|0x0000000085400000, 0x0000000085500000, 0x0000000085500000|100%| O|  |TAMS 0x0000000085400000| PB 0x0000000085400000| Untracked 
|  85|0x0000000085500000, 0x0000000085600000, 0x0000000085600000|100%| O|  |TAMS 0x0000000085500000| PB 0x0000000085500000| Untracked 
|  86|0x0000000085600000, 0x0000000085700000, 0x0000000085700000|100%| O|  |TAMS 0x0000000085600000| PB 0x0000000085600000| Untracked 
|  87|0x0000000085700000, 0x0000000085800000, 0x0000000085800000|100%| O|  |TAMS 0x0000000085700000| PB 0x0000000085700000| Untracked 
|  88|0x0000000085800000, 0x0000000085900000, 0x0000000085900000|100%| O|  |TAMS 0x0000000085800000| PB 0x0000000085800000| Untracked 
|  89|0x0000000085900000, 0x0000000085a00000, 0x0000000085a00000|100%| O|  |TAMS 0x0000000085900000| PB 0x0000000085900000| Untracked 
|  90|0x0000000085a00000, 0x0000000085b00000, 0x0000000085b00000|100%| O|  |TAMS 0x0000000085a00000| PB 0x0000000085a00000| Untracked 
|  91|0x0000000085b00000, 0x0000000085c00000, 0x0000000085c00000|100%| O|  |TAMS 0x0000000085b00000| PB 0x0000000085b00000| Untracked 
|  92|0x0000000085c00000, 0x0000000085d00000, 0x0000000085d00000|100%| O|  |TAMS 0x0000000085c00000| PB 0x0000000085c00000| Untracked 
|  93|0x0000000085d00000, 0x0000000085e00000, 0x0000000085e00000|100%| O|  |TAMS 0x0000000085d00000| PB 0x0000000085d00000| Untracked 
|  94|0x0000000085e00000, 0x0000000085f00000, 0x0000000085f00000|100%| O|  |TAMS 0x0000000085e00000| PB 0x0000000085e00000| Untracked 
|  95|0x0000000085f00000, 0x0000000086000000, 0x0000000086000000|100%| O|  |TAMS 0x0000000085f00000| PB 0x0000000085f00000| Untracked 
|  96|0x0000000086000000, 0x0000000086100000, 0x0000000086100000|100%| O|  |TAMS 0x0000000086000000| PB 0x0000000086000000| Untracked 
|  97|0x0000000086100000, 0x0000000086200000, 0x0000000086200000|100%| O|  |TAMS 0x0000000086100000| PB 0x0000000086100000| Untracked 
|  98|0x0000000086200000, 0x0000000086300000, 0x0000000086300000|100%| O|  |TAMS 0x0000000086200000| PB 0x0000000086200000| Untracked 
|  99|0x0000000086300000, 0x0000000086400000, 0x0000000086400000|100%| O|  |TAMS 0x0000000086300000| PB 0x0000000086300000| Untracked 
| 100|0x0000000086400000, 0x0000000086500000, 0x0000000086500000|100%| O|  |TAMS 0x0000000086400000| PB 0x0000000086400000| Untracked 
| 101|0x0000000086500000, 0x0000000086600000, 0x0000000086600000|100%| O|  |TAMS 0x0000000086500000| PB 0x0000000086500000| Untracked 
| 102|0x0000000086600000, 0x0000000086700000, 0x0000000086700000|100%| O|  |TAMS 0x0000000086600000| PB 0x0000000086600000| Untracked 
| 103|0x0000000086700000, 0x0000000086800000, 0x0000000086800000|100%| O|  |TAMS 0x0000000086700000| PB 0x0000000086700000| Untracked 
| 104|0x0000000086800000, 0x0000000086900000, 0x0000000086900000|100%| O|  |TAMS 0x0000000086800000| PB 0x0000000086800000| Untracked 
| 105|0x0000000086900000, 0x0000000086a00000, 0x0000000086a00000|100%| O|  |TAMS 0x0000000086900000| PB 0x0000000086900000| Untracked 
| 106|0x0000000086a00000, 0x0000000086b00000, 0x0000000086b00000|100%| O|  |TAMS 0x0000000086a00000| PB 0x0000000086a00000| Untracked 
| 107|0x0000000086b00000, 0x0000000086c00000, 0x0000000086c00000|100%| O|  |TAMS 0x0000000086b00000| PB 0x0000000086b00000| Untracked 
| 108|0x0000000086c00000, 0x0000000086d00000, 0x0000000086d00000|100%| O|  |TAMS 0x0000000086c00000| PB 0x0000000086c00000| Untracked 
| 109|0x0000000086d00000, 0x0000000086e00000, 0x0000000086e00000|100%| O|  |TAMS 0x0000000086d00000| PB 0x0000000086d00000| Untracked 
| 110|0x0000000086e00000, 0x0000000086f00000, 0x0000000086f00000|100%| O|  |TAMS 0x0000000086e00000| PB 0x0000000086e00000| Untracked 
| 111|0x0000000086f00000, 0x0000000087000000, 0x0000000087000000|100%|HS|  |TAMS 0x0000000086f00000| PB 0x0000000086f00000| Complete 
| 112|0x0000000087000000, 0x0000000087100000, 0x0000000087100000|100%|HC|  |TAMS 0x0000000087000000| PB 0x0000000087000000| Complete 
| 113|0x0000000087100000, 0x0000000087200000, 0x0000000087200000|100%|HS|  |TAMS 0x0000000087100000| PB 0x0000000087100000| Complete 
| 114|0x0000000087200000, 0x0000000087300000, 0x0000000087300000|100%|HS|  |TAMS 0x0000000087200000| PB 0x0000000087200000| Complete 
| 115|0x0000000087300000, 0x0000000087400000, 0x0000000087400000|100%|HS|  |TAMS 0x0000000087300000| PB 0x0000000087300000| Complete 
| 116|0x0000000087400000, 0x0000000087500000, 0x0000000087500000|100%|HS|  |TAMS 0x0000000087400000| PB 0x0000000087400000| Complete 
| 117|0x0000000087500000, 0x0000000087600000, 0x0000000087600000|100%|HS|  |TAMS 0x0000000087500000| PB 0x0000000087500000| Complete 
| 118|0x0000000087600000, 0x0000000087700000, 0x0000000087700000|100%| O|  |TAMS 0x0000000087600000| PB 0x0000000087600000| Untracked 
| 119|0x0000000087700000, 0x0000000087800000, 0x0000000087800000|100%| O|  |TAMS 0x0000000087700000| PB 0x0000000087700000| Untracked 
| 120|0x0000000087800000, 0x0000000087900000, 0x0000000087900000|100%| O|  |TAMS 0x0000000087800000| PB 0x0000000087800000| Untracked 
| 121|0x0000000087900000, 0x0000000087a00000, 0x0000000087a00000|100%| O|  |TAMS 0x0000000087900000| PB 0x0000000087900000| Untracked 
| 122|0x0000000087a00000, 0x0000000087b00000, 0x0000000087b00000|100%| O|  |TAMS 0x0000000087a00000| PB 0x0000000087a00000| Untracked 
| 123|0x0000000087b00000, 0x0000000087c00000, 0x0000000087c00000|100%| O|  |TAMS 0x0000000087b00000| PB 0x0000000087b00000| Untracked 
| 124|0x0000000087c00000, 0x0000000087d00000, 0x0000000087d00000|100%|HS|  |TAMS 0x0000000087c00000| PB 0x0000000087c00000| Complete 
| 125|0x0000000087d00000, 0x0000000087e00000, 0x0000000087e00000|100%|HC|  |TAMS 0x0000000087d00000| PB 0x0000000087d00000| Complete 
| 126|0x0000000087e00000, 0x0000000087f00000, 0x0000000087f00000|100%| O|  |TAMS 0x0000000087e00000| PB 0x0000000087e00000| Untracked 
| 127|0x0000000087f00000, 0x0000000088000000, 0x0000000088000000|100%| O|  |TAMS 0x0000000087f00000| PB 0x0000000087f00000| Untracked 
| 128|0x0000000088000000, 0x0000000088100000, 0x0000000088100000|100%| O|  |TAMS 0x0000000088000000| PB 0x0000000088000000| Untracked 
| 129|0x0000000088100000, 0x0000000088200000, 0x0000000088200000|100%| O|  |TAMS 0x0000000088100000| PB 0x0000000088100000| Untracked 
| 130|0x0000000088200000, 0x0000000088300000, 0x0000000088300000|100%| O|  |TAMS 0x0000000088200000| PB 0x0000000088200000| Untracked 
| 131|0x0000000088300000, 0x0000000088400000, 0x0000000088400000|100%| O|  |TAMS 0x0000000088300000| PB 0x0000000088300000| Untracked 
| 132|0x0000000088400000, 0x0000000088500000, 0x0000000088500000|100%| O|  |TAMS 0x0000000088400000| PB 0x0000000088400000| Untracked 
| 133|0x0000000088500000, 0x0000000088600000, 0x0000000088600000|100%| O|  |TAMS 0x0000000088500000| PB 0x0000000088500000| Untracked 
| 134|0x0000000088600000, 0x0000000088700000, 0x0000000088700000|100%| O|  |TAMS 0x0000000088600000| PB 0x0000000088600000| Untracked 
| 135|0x0000000088700000, 0x0000000088800000, 0x0000000088800000|100%| O|  |TAMS 0x0000000088700000| PB 0x0000000088700000| Untracked 
| 136|0x0000000088800000, 0x0000000088900000, 0x0000000088900000|100%| O|  |TAMS 0x0000000088800000| PB 0x0000000088800000| Untracked 
| 137|0x0000000088900000, 0x0000000088a00000, 0x0000000088a00000|100%| O|  |TAMS 0x0000000088900000| PB 0x0000000088900000| Untracked 
| 138|0x0000000088a00000, 0x0000000088b00000, 0x0000000088b00000|100%| O|  |TAMS 0x0000000088a00000| PB 0x0000000088a00000| Untracked 
| 139|0x0000000088b00000, 0x0000000088c00000, 0x0000000088c00000|100%| O|Cm|TAMS 0x0000000088b00000| PB 0x0000000088b00000| Complete 
| 140|0x0000000088c00000, 0x0000000088d00000, 0x0000000088d00000|100%| O|  |TAMS 0x0000000088c00000| PB 0x0000000088c00000| Untracked 
| 141|0x0000000088d00000, 0x0000000088d00000, 0x0000000088e00000|  0%| F|  |TAMS 0x0000000088d00000| PB 0x0000000088d00000| Untracked 
| 142|0x0000000088e00000, 0x0000000088f00000, 0x0000000088f00000|100%| O|Cm|TAMS 0x0000000088e00000| PB 0x0000000088e00000| Complete 
| 143|0x0000000088f00000, 0x0000000089000000, 0x0000000089000000|100%| O|Cm|TAMS 0x0000000088f00000| PB 0x0000000088f00000| Complete 
| 144|0x0000000089000000, 0x0000000089100000, 0x0000000089100000|100%| O|  |TAMS 0x0000000089000000| PB 0x0000000089000000| Untracked 
| 145|0x0000000089100000, 0x0000000089200000, 0x0000000089200000|100%| O|  |TAMS 0x0000000089100000| PB 0x0000000089100000| Untracked 
| 146|0x0000000089200000, 0x0000000089300000, 0x0000000089300000|100%| O|  |TAMS 0x0000000089200000| PB 0x0000000089200000| Untracked 
| 147|0x0000000089300000, 0x0000000089400000, 0x0000000089400000|100%| O|  |TAMS 0x0000000089300000| PB 0x0000000089300000| Untracked 
| 148|0x0000000089400000, 0x0000000089500000, 0x0000000089500000|100%| O|  |TAMS 0x0000000089400000| PB 0x0000000089400000| Untracked 
| 149|0x0000000089500000, 0x0000000089600000, 0x0000000089600000|100%| O|  |TAMS 0x0000000089500000| PB 0x0000000089500000| Untracked 
| 150|0x0000000089600000, 0x0000000089700000, 0x0000000089700000|100%| O|  |TAMS 0x0000000089600000| PB 0x0000000089600000| Untracked 
| 151|0x0000000089700000, 0x0000000089800000, 0x0000000089800000|100%| O|  |TAMS 0x0000000089700000| PB 0x0000000089700000| Untracked 
| 152|0x0000000089800000, 0x0000000089900000, 0x0000000089900000|100%| O|  |TAMS 0x0000000089800000| PB 0x0000000089800000| Untracked 
| 153|0x0000000089900000, 0x0000000089a00000, 0x0000000089a00000|100%| O|Cm|TAMS 0x0000000089900000| PB 0x0000000089900000| Complete 
| 154|0x0000000089a00000, 0x0000000089b00000, 0x0000000089b00000|100%| O|  |TAMS 0x0000000089a00000| PB 0x0000000089a00000| Untracked 
| 155|0x0000000089b00000, 0x0000000089c00000, 0x0000000089c00000|100%| O|  |TAMS 0x0000000089b00000| PB 0x0000000089b00000| Untracked 
| 156|0x0000000089c00000, 0x0000000089d00000, 0x0000000089d00000|100%| O|  |TAMS 0x0000000089c00000| PB 0x0000000089c00000| Untracked 
| 157|0x0000000089d00000, 0x0000000089e00000, 0x0000000089e00000|100%| O|  |TAMS 0x0000000089d00000| PB 0x0000000089d00000| Untracked 
| 158|0x0000000089e00000, 0x0000000089f00000, 0x0000000089f00000|100%| O|  |TAMS 0x0000000089e00000| PB 0x0000000089e00000| Untracked 
| 159|0x0000000089f00000, 0x000000008a000000, 0x000000008a000000|100%| O|  |TAMS 0x0000000089f00000| PB 0x0000000089f00000| Untracked 
| 160|0x000000008a000000, 0x000000008a100000, 0x000000008a100000|100%| O|  |TAMS 0x000000008a000000| PB 0x000000008a000000| Untracked 
| 161|0x000000008a100000, 0x000000008a200000, 0x000000008a200000|100%| O|  |TAMS 0x000000008a100000| PB 0x000000008a100000| Untracked 
| 162|0x000000008a200000, 0x000000008a300000, 0x000000008a300000|100%| O|  |TAMS 0x000000008a200000| PB 0x000000008a200000| Untracked 
| 163|0x000000008a300000, 0x000000008a400000, 0x000000008a400000|100%| O|  |TAMS 0x000000008a300000| PB 0x000000008a300000| Untracked 
| 164|0x000000008a400000, 0x000000008a500000, 0x000000008a500000|100%| O|  |TAMS 0x000000008a400000| PB 0x000000008a400000| Untracked 
| 165|0x000000008a500000, 0x000000008a600000, 0x000000008a600000|100%| O|  |TAMS 0x000000008a500000| PB 0x000000008a500000| Untracked 
| 166|0x000000008a600000, 0x000000008a700000, 0x000000008a700000|100%|HS|  |TAMS 0x000000008a600000| PB 0x000000008a600000| Complete 
| 167|0x000000008a700000, 0x000000008a800000, 0x000000008a800000|100%|HS|  |TAMS 0x000000008a700000| PB 0x000000008a700000| Complete 
| 168|0x000000008a800000, 0x000000008a900000, 0x000000008a900000|100%| O|  |TAMS 0x000000008a800000| PB 0x000000008a800000| Untracked 
| 169|0x000000008a900000, 0x000000008aa00000, 0x000000008aa00000|100%| O|  |TAMS 0x000000008a900000| PB 0x000000008a900000| Untracked 
| 170|0x000000008aa00000, 0x000000008ab00000, 0x000000008ab00000|100%| O|  |TAMS 0x000000008aa00000| PB 0x000000008aa00000| Untracked 
| 171|0x000000008ab00000, 0x000000008ac00000, 0x000000008ac00000|100%| O|  |TAMS 0x000000008ab00000| PB 0x000000008ab00000| Untracked 
| 172|0x000000008ac00000, 0x000000008ad00000, 0x000000008ad00000|100%| O|  |TAMS 0x000000008ac00000| PB 0x000000008ac00000| Untracked 
| 173|0x000000008ad00000, 0x000000008ae00000, 0x000000008ae00000|100%| O|  |TAMS 0x000000008ad00000| PB 0x000000008ad00000| Untracked 
| 174|0x000000008ae00000, 0x000000008af00000, 0x000000008af00000|100%| O|  |TAMS 0x000000008ae00000| PB 0x000000008ae00000| Untracked 
| 175|0x000000008af00000, 0x000000008b000000, 0x000000008b000000|100%| O|  |TAMS 0x000000008af00000| PB 0x000000008af00000| Untracked 
| 176|0x000000008b000000, 0x000000008b100000, 0x000000008b100000|100%| O|  |TAMS 0x000000008b000000| PB 0x000000008b000000| Untracked 
| 177|0x000000008b100000, 0x000000008b200000, 0x000000008b200000|100%| O|  |TAMS 0x000000008b100000| PB 0x000000008b100000| Untracked 
| 178|0x000000008b200000, 0x000000008b300000, 0x000000008b300000|100%| O|  |TAMS 0x000000008b200000| PB 0x000000008b200000| Untracked 
| 179|0x000000008b300000, 0x000000008b400000, 0x000000008b400000|100%|HS|  |TAMS 0x000000008b300000| PB 0x000000008b300000| Complete 
| 180|0x000000008b400000, 0x000000008b500000, 0x000000008b500000|100%|HC|  |TAMS 0x000000008b400000| PB 0x000000008b400000| Complete 
| 181|0x000000008b500000, 0x000000008b600000, 0x000000008b600000|100%|HC|  |TAMS 0x000000008b500000| PB 0x000000008b500000| Complete 
| 182|0x000000008b600000, 0x000000008b700000, 0x000000008b700000|100%| O|  |TAMS 0x000000008b600000| PB 0x000000008b600000| Untracked 
| 183|0x000000008b700000, 0x000000008b800000, 0x000000008b800000|100%| O|  |TAMS 0x000000008b700000| PB 0x000000008b700000| Untracked 
| 184|0x000000008b800000, 0x000000008b900000, 0x000000008b900000|100%| O|  |TAMS 0x000000008b800000| PB 0x000000008b800000| Untracked 
| 185|0x000000008b900000, 0x000000008ba00000, 0x000000008ba00000|100%|HS|  |TAMS 0x000000008b900000| PB 0x000000008b900000| Complete 
| 186|0x000000008ba00000, 0x000000008bb00000, 0x000000008bb00000|100%|HS|  |TAMS 0x000000008ba00000| PB 0x000000008ba00000| Complete 
| 187|0x000000008bb00000, 0x000000008bc00000, 0x000000008bc00000|100%| O|  |TAMS 0x000000008bb00000| PB 0x000000008bb00000| Untracked 
| 188|0x000000008bc00000, 0x000000008bd00000, 0x000000008bd00000|100%|HS|  |TAMS 0x000000008bc00000| PB 0x000000008bc00000| Complete 
| 189|0x000000008bd00000, 0x000000008be00000, 0x000000008be00000|100%|HC|  |TAMS 0x000000008bd00000| PB 0x000000008bd00000| Complete 
| 190|0x000000008be00000, 0x000000008bf00000, 0x000000008bf00000|100%|HS|  |TAMS 0x000000008be00000| PB 0x000000008be00000| Complete 
| 191|0x000000008bf00000, 0x000000008c000000, 0x000000008c000000|100%| O|  |TAMS 0x000000008bf00000| PB 0x000000008bf00000| Untracked 
| 192|0x000000008c000000, 0x000000008c100000, 0x000000008c100000|100%|HS|  |TAMS 0x000000008c000000| PB 0x000000008c000000| Complete 
| 193|0x000000008c100000, 0x000000008c200000, 0x000000008c200000|100%|HC|  |TAMS 0x000000008c100000| PB 0x000000008c100000| Complete 
| 194|0x000000008c200000, 0x000000008c300000, 0x000000008c300000|100%| O|  |TAMS 0x000000008c200000| PB 0x000000008c200000| Untracked 
| 195|0x000000008c300000, 0x000000008c400000, 0x000000008c400000|100%| O|  |TAMS 0x000000008c300000| PB 0x000000008c300000| Untracked 
| 196|0x000000008c400000, 0x000000008c500000, 0x000000008c500000|100%| O|  |TAMS 0x000000008c400000| PB 0x000000008c400000| Untracked 
| 197|0x000000008c500000, 0x000000008c600000, 0x000000008c600000|100%| O|  |TAMS 0x000000008c500000| PB 0x000000008c500000| Untracked 
| 198|0x000000008c600000, 0x000000008c700000, 0x000000008c700000|100%| O|  |TAMS 0x000000008c600000| PB 0x000000008c600000| Untracked 
| 199|0x000000008c700000, 0x000000008c800000, 0x000000008c800000|100%| O|  |TAMS 0x000000008c700000| PB 0x000000008c700000| Untracked 
| 200|0x000000008c800000, 0x000000008c900000, 0x000000008c900000|100%| O|  |TAMS 0x000000008c800000| PB 0x000000008c800000| Untracked 
| 201|0x000000008c900000, 0x000000008ca00000, 0x000000008ca00000|100%| O|  |TAMS 0x000000008c900000| PB 0x000000008c900000| Untracked 
| 202|0x000000008ca00000, 0x000000008cb00000, 0x000000008cb00000|100%| O|  |TAMS 0x000000008ca00000| PB 0x000000008ca00000| Untracked 
| 203|0x000000008cb00000, 0x000000008cc00000, 0x000000008cc00000|100%| O|  |TAMS 0x000000008cb00000| PB 0x000000008cb00000| Untracked 
| 204|0x000000008cc00000, 0x000000008cd00000, 0x000000008cd00000|100%| O|  |TAMS 0x000000008cc00000| PB 0x000000008cc00000| Untracked 
| 205|0x000000008cd00000, 0x000000008ce00000, 0x000000008ce00000|100%| O|Cm|TAMS 0x000000008cd00000| PB 0x000000008cd00000| Complete 
| 206|0x000000008ce00000, 0x000000008cf00000, 0x000000008cf00000|100%| O|  |TAMS 0x000000008ce00000| PB 0x000000008ce00000| Untracked 
| 207|0x000000008cf00000, 0x000000008d000000, 0x000000008d000000|100%| O|  |TAMS 0x000000008cf00000| PB 0x000000008cf00000| Untracked 
| 208|0x000000008d000000, 0x000000008d100000, 0x000000008d100000|100%| O|  |TAMS 0x000000008d000000| PB 0x000000008d000000| Untracked 
| 209|0x000000008d100000, 0x000000008d200000, 0x000000008d200000|100%| O|  |TAMS 0x000000008d100000| PB 0x000000008d100000| Untracked 
| 210|0x000000008d200000, 0x000000008d300000, 0x000000008d300000|100%| O|  |TAMS 0x000000008d200000| PB 0x000000008d200000| Untracked 
| 211|0x000000008d300000, 0x000000008d400000, 0x000000008d400000|100%| O|  |TAMS 0x000000008d300000| PB 0x000000008d300000| Untracked 
| 212|0x000000008d400000, 0x000000008d500000, 0x000000008d500000|100%| O|  |TAMS 0x000000008d400000| PB 0x000000008d400000| Untracked 
| 213|0x000000008d500000, 0x000000008d600000, 0x000000008d600000|100%| O|  |TAMS 0x000000008d500000| PB 0x000000008d500000| Untracked 
| 214|0x000000008d600000, 0x000000008d700000, 0x000000008d700000|100%| O|  |TAMS 0x000000008d600000| PB 0x000000008d600000| Untracked 
| 215|0x000000008d700000, 0x000000008d800000, 0x000000008d800000|100%| O|  |TAMS 0x000000008d700000| PB 0x000000008d700000| Untracked 
| 216|0x000000008d800000, 0x000000008d900000, 0x000000008d900000|100%| O|  |TAMS 0x000000008d800000| PB 0x000000008d800000| Untracked 
| 217|0x000000008d900000, 0x000000008da00000, 0x000000008da00000|100%| O|  |TAMS 0x000000008d900000| PB 0x000000008d900000| Untracked 
| 218|0x000000008da00000, 0x000000008db00000, 0x000000008db00000|100%| O|  |TAMS 0x000000008da00000| PB 0x000000008da00000| Untracked 
| 219|0x000000008db00000, 0x000000008dc00000, 0x000000008dc00000|100%| O|  |TAMS 0x000000008db00000| PB 0x000000008db00000| Untracked 
| 220|0x000000008dc00000, 0x000000008dd00000, 0x000000008dd00000|100%| O|  |TAMS 0x000000008dc00000| PB 0x000000008dc00000| Untracked 
| 221|0x000000008dd00000, 0x000000008de00000, 0x000000008de00000|100%| O|  |TAMS 0x000000008dd00000| PB 0x000000008dd00000| Untracked 
| 222|0x000000008de00000, 0x000000008df00000, 0x000000008df00000|100%| O|  |TAMS 0x000000008de00000| PB 0x000000008de00000| Untracked 
| 223|0x000000008df00000, 0x000000008e000000, 0x000000008e000000|100%| O|  |TAMS 0x000000008df00000| PB 0x000000008df00000| Untracked 
| 224|0x000000008e000000, 0x000000008e100000, 0x000000008e100000|100%| O|  |TAMS 0x000000008e000000| PB 0x000000008e000000| Untracked 
| 225|0x000000008e100000, 0x000000008e200000, 0x000000008e200000|100%| O|  |TAMS 0x000000008e100000| PB 0x000000008e100000| Untracked 
| 226|0x000000008e200000, 0x000000008e300000, 0x000000008e300000|100%| O|  |TAMS 0x000000008e200000| PB 0x000000008e200000| Untracked 
| 227|0x000000008e300000, 0x000000008e400000, 0x000000008e400000|100%| O|  |TAMS 0x000000008e300000| PB 0x000000008e300000| Untracked 
| 228|0x000000008e400000, 0x000000008e500000, 0x000000008e500000|100%| O|  |TAMS 0x000000008e400000| PB 0x000000008e400000| Untracked 
| 229|0x000000008e500000, 0x000000008e600000, 0x000000008e600000|100%| O|  |TAMS 0x000000008e500000| PB 0x000000008e500000| Untracked 
| 230|0x000000008e600000, 0x000000008e700000, 0x000000008e700000|100%| O|  |TAMS 0x000000008e600000| PB 0x000000008e600000| Untracked 
| 231|0x000000008e700000, 0x000000008e800000, 0x000000008e800000|100%| O|  |TAMS 0x000000008e700000| PB 0x000000008e700000| Untracked 
| 232|0x000000008e800000, 0x000000008e900000, 0x000000008e900000|100%| O|  |TAMS 0x000000008e800000| PB 0x000000008e800000| Untracked 
| 233|0x000000008e900000, 0x000000008ea00000, 0x000000008ea00000|100%| O|  |TAMS 0x000000008e900000| PB 0x000000008e900000| Untracked 
| 234|0x000000008ea00000, 0x000000008eb00000, 0x000000008eb00000|100%|HS|  |TAMS 0x000000008ea00000| PB 0x000000008ea00000| Complete 
| 235|0x000000008eb00000, 0x000000008ec00000, 0x000000008ec00000|100%|HC|  |TAMS 0x000000008eb00000| PB 0x000000008eb00000| Complete 
| 236|0x000000008ec00000, 0x000000008ed00000, 0x000000008ed00000|100%| O|  |TAMS 0x000000008ec00000| PB 0x000000008ec00000| Untracked 
| 237|0x000000008ed00000, 0x000000008ee00000, 0x000000008ee00000|100%| O|  |TAMS 0x000000008ed00000| PB 0x000000008ed00000| Untracked 
| 238|0x000000008ee00000, 0x000000008ef00000, 0x000000008ef00000|100%| O|  |TAMS 0x000000008ee00000| PB 0x000000008ee00000| Untracked 
| 239|0x000000008ef00000, 0x000000008f000000, 0x000000008f000000|100%|HS|  |TAMS 0x000000008ef00000| PB 0x000000008ef00000| Complete 
| 240|0x000000008f000000, 0x000000008f100000, 0x000000008f100000|100%| O|  |TAMS 0x000000008f000000| PB 0x000000008f000000| Untracked 
| 241|0x000000008f100000, 0x000000008f200000, 0x000000008f200000|100%| O|  |TAMS 0x000000008f100000| PB 0x000000008f100000| Untracked 
| 242|0x000000008f200000, 0x000000008f300000, 0x000000008f300000|100%| O|  |TAMS 0x000000008f200000| PB 0x000000008f200000| Untracked 
| 243|0x000000008f300000, 0x000000008f400000, 0x000000008f400000|100%| O|  |TAMS 0x000000008f300000| PB 0x000000008f300000| Untracked 
| 244|0x000000008f400000, 0x000000008f500000, 0x000000008f500000|100%| O|  |TAMS 0x000000008f400000| PB 0x000000008f400000| Untracked 
| 245|0x000000008f500000, 0x000000008f600000, 0x000000008f600000|100%| O|  |TAMS 0x000000008f500000| PB 0x000000008f500000| Untracked 
| 246|0x000000008f600000, 0x000000008f700000, 0x000000008f700000|100%| O|  |TAMS 0x000000008f600000| PB 0x000000008f600000| Untracked 
| 247|0x000000008f700000, 0x000000008f800000, 0x000000008f800000|100%| O|  |TAMS 0x000000008f700000| PB 0x000000008f700000| Untracked 
| 248|0x000000008f800000, 0x000000008f900000, 0x000000008f900000|100%| O|  |TAMS 0x000000008f800000| PB 0x000000008f800000| Untracked 
| 249|0x000000008f900000, 0x000000008fa00000, 0x000000008fa00000|100%| O|  |TAMS 0x000000008f900000| PB 0x000000008f900000| Untracked 
| 250|0x000000008fa00000, 0x000000008fb00000, 0x000000008fb00000|100%| O|  |TAMS 0x000000008fa00000| PB 0x000000008fa00000| Untracked 
| 251|0x000000008fb00000, 0x000000008fc00000, 0x000000008fc00000|100%|HS|  |TAMS 0x000000008fb00000| PB 0x000000008fb00000| Complete 
| 252|0x000000008fc00000, 0x000000008fd00000, 0x000000008fd00000|100%|HC|  |TAMS 0x000000008fc00000| PB 0x000000008fc00000| Complete 
| 253|0x000000008fd00000, 0x000000008fe00000, 0x000000008fe00000|100%|HC|  |TAMS 0x000000008fd00000| PB 0x000000008fd00000| Complete 
| 254|0x000000008fe00000, 0x000000008ff00000, 0x000000008ff00000|100%| O|  |TAMS 0x000000008fe00000| PB 0x000000008fe00000| Untracked 
| 255|0x000000008ff00000, 0x0000000090000000, 0x0000000090000000|100%| O|  |TAMS 0x000000008ff00000| PB 0x000000008ff00000| Untracked 
| 256|0x0000000090000000, 0x0000000090100000, 0x0000000090100000|100%| O|  |TAMS 0x0000000090000000| PB 0x0000000090000000| Untracked 
| 257|0x0000000090100000, 0x0000000090200000, 0x0000000090200000|100%| O|  |TAMS 0x0000000090100000| PB 0x0000000090100000| Untracked 
| 258|0x0000000090200000, 0x0000000090300000, 0x0000000090300000|100%| O|  |TAMS 0x0000000090200000| PB 0x0000000090200000| Untracked 
| 259|0x0000000090300000, 0x0000000090400000, 0x0000000090400000|100%| O|  |TAMS 0x0000000090300000| PB 0x0000000090300000| Untracked 
| 260|0x0000000090400000, 0x0000000090500000, 0x0000000090500000|100%| O|  |TAMS 0x0000000090400000| PB 0x0000000090400000| Untracked 
| 261|0x0000000090500000, 0x0000000090600000, 0x0000000090600000|100%| O|  |TAMS 0x0000000090500000| PB 0x0000000090500000| Untracked 
| 262|0x0000000090600000, 0x0000000090700000, 0x0000000090700000|100%| O|  |TAMS 0x0000000090600000| PB 0x0000000090600000| Untracked 
| 263|0x0000000090700000, 0x0000000090800000, 0x0000000090800000|100%| O|  |TAMS 0x0000000090700000| PB 0x0000000090700000| Untracked 
| 264|0x0000000090800000, 0x0000000090900000, 0x0000000090900000|100%| O|  |TAMS 0x0000000090800000| PB 0x0000000090800000| Untracked 
| 265|0x0000000090900000, 0x0000000090a00000, 0x0000000090a00000|100%| O|  |TAMS 0x0000000090900000| PB 0x0000000090900000| Untracked 
| 266|0x0000000090a00000, 0x0000000090b00000, 0x0000000090b00000|100%| O|  |TAMS 0x0000000090a00000| PB 0x0000000090a00000| Untracked 
| 267|0x0000000090b00000, 0x0000000090c00000, 0x0000000090c00000|100%| O|  |TAMS 0x0000000090b00000| PB 0x0000000090b00000| Untracked 
| 268|0x0000000090c00000, 0x0000000090d00000, 0x0000000090d00000|100%| O|  |TAMS 0x0000000090c00000| PB 0x0000000090c00000| Untracked 
| 269|0x0000000090d00000, 0x0000000090e00000, 0x0000000090e00000|100%| O|  |TAMS 0x0000000090d00000| PB 0x0000000090d00000| Untracked 
| 270|0x0000000090e00000, 0x0000000090f00000, 0x0000000090f00000|100%| O|  |TAMS 0x0000000090e00000| PB 0x0000000090e00000| Untracked 
| 271|0x0000000090f00000, 0x0000000091000000, 0x0000000091000000|100%| O|  |TAMS 0x0000000090f00000| PB 0x0000000090f00000| Untracked 
| 272|0x0000000091000000, 0x0000000091100000, 0x0000000091100000|100%| O|  |TAMS 0x0000000091000000| PB 0x0000000091000000| Untracked 
| 273|0x0000000091100000, 0x0000000091200000, 0x0000000091200000|100%| O|  |TAMS 0x0000000091100000| PB 0x0000000091100000| Untracked 
| 274|0x0000000091200000, 0x0000000091300000, 0x0000000091300000|100%| O|  |TAMS 0x0000000091200000| PB 0x0000000091200000| Untracked 
| 275|0x0000000091300000, 0x0000000091400000, 0x0000000091400000|100%| O|  |TAMS 0x0000000091300000| PB 0x0000000091300000| Untracked 
| 276|0x0000000091400000, 0x0000000091500000, 0x0000000091500000|100%| O|  |TAMS 0x0000000091400000| PB 0x0000000091400000| Untracked 
| 277|0x0000000091500000, 0x0000000091600000, 0x0000000091600000|100%| O|  |TAMS 0x0000000091500000| PB 0x0000000091500000| Untracked 
| 278|0x0000000091600000, 0x0000000091700000, 0x0000000091700000|100%| O|  |TAMS 0x0000000091600000| PB 0x0000000091600000| Untracked 
| 279|0x0000000091700000, 0x0000000091800000, 0x0000000091800000|100%| O|  |TAMS 0x0000000091700000| PB 0x0000000091700000| Untracked 
| 280|0x0000000091800000, 0x0000000091900000, 0x0000000091900000|100%| O|  |TAMS 0x0000000091800000| PB 0x0000000091800000| Untracked 
| 281|0x0000000091900000, 0x0000000091a00000, 0x0000000091a00000|100%| O|  |TAMS 0x0000000091900000| PB 0x0000000091900000| Untracked 
| 282|0x0000000091a00000, 0x0000000091b00000, 0x0000000091b00000|100%| O|  |TAMS 0x0000000091a00000| PB 0x0000000091a00000| Untracked 
| 283|0x0000000091b00000, 0x0000000091c00000, 0x0000000091c00000|100%| O|  |TAMS 0x0000000091b00000| PB 0x0000000091b00000| Untracked 
| 284|0x0000000091c00000, 0x0000000091d00000, 0x0000000091d00000|100%| O|  |TAMS 0x0000000091c00000| PB 0x0000000091c00000| Untracked 
| 285|0x0000000091d00000, 0x0000000091e00000, 0x0000000091e00000|100%| O|  |TAMS 0x0000000091d00000| PB 0x0000000091d00000| Untracked 
| 286|0x0000000091e00000, 0x0000000091e00000, 0x0000000091f00000|  0%| F|  |TAMS 0x0000000091e00000| PB 0x0000000091e00000| Untracked 
| 287|0x0000000091f00000, 0x0000000092000000, 0x0000000092000000|100%| O|  |TAMS 0x0000000091f00000| PB 0x0000000091f00000| Untracked 
| 288|0x0000000092000000, 0x0000000092100000, 0x0000000092100000|100%| O|  |TAMS 0x0000000092000000| PB 0x0000000092000000| Untracked 
| 289|0x0000000092100000, 0x0000000092200000, 0x0000000092200000|100%| O|  |TAMS 0x0000000092100000| PB 0x0000000092100000| Untracked 
| 290|0x0000000092200000, 0x0000000092300000, 0x0000000092300000|100%| O|  |TAMS 0x0000000092200000| PB 0x0000000092200000| Untracked 
| 291|0x0000000092300000, 0x0000000092400000, 0x0000000092400000|100%| O|  |TAMS 0x0000000092300000| PB 0x0000000092300000| Untracked 
| 292|0x0000000092400000, 0x0000000092500000, 0x0000000092500000|100%| O|  |TAMS 0x0000000092400000| PB 0x0000000092400000| Untracked 
| 293|0x0000000092500000, 0x0000000092600000, 0x0000000092600000|100%| O|  |TAMS 0x0000000092500000| PB 0x0000000092500000| Untracked 
| 294|0x0000000092600000, 0x0000000092700000, 0x0000000092700000|100%| O|  |TAMS 0x0000000092600000| PB 0x0000000092600000| Untracked 
| 295|0x0000000092700000, 0x0000000092800000, 0x0000000092800000|100%| O|  |TAMS 0x0000000092700000| PB 0x0000000092700000| Untracked 
| 296|0x0000000092800000, 0x0000000092900000, 0x0000000092900000|100%| O|  |TAMS 0x0000000092800000| PB 0x0000000092800000| Untracked 
| 297|0x0000000092900000, 0x0000000092a00000, 0x0000000092a00000|100%| O|  |TAMS 0x0000000092900000| PB 0x0000000092900000| Untracked 
| 298|0x0000000092a00000, 0x0000000092b00000, 0x0000000092b00000|100%| O|  |TAMS 0x0000000092a00000| PB 0x0000000092a00000| Untracked 
| 299|0x0000000092b00000, 0x0000000092c00000, 0x0000000092c00000|100%| O|  |TAMS 0x0000000092b00000| PB 0x0000000092b00000| Untracked 
| 300|0x0000000092c00000, 0x0000000092d00000, 0x0000000092d00000|100%| O|  |TAMS 0x0000000092c00000| PB 0x0000000092c00000| Untracked 
| 301|0x0000000092d00000, 0x0000000092e00000, 0x0000000092e00000|100%| O|  |TAMS 0x0000000092d00000| PB 0x0000000092d00000| Untracked 
| 302|0x0000000092e00000, 0x0000000092f00000, 0x0000000092f00000|100%| O|  |TAMS 0x0000000092e00000| PB 0x0000000092e00000| Untracked 
| 303|0x0000000092f00000, 0x0000000093000000, 0x0000000093000000|100%| O|  |TAMS 0x0000000092f00000| PB 0x0000000092f00000| Untracked 
| 304|0x0000000093000000, 0x0000000093100000, 0x0000000093100000|100%| O|  |TAMS 0x0000000093000000| PB 0x0000000093000000| Untracked 
| 305|0x0000000093100000, 0x0000000093200000, 0x0000000093200000|100%| O|  |TAMS 0x0000000093100000| PB 0x0000000093100000| Untracked 
| 306|0x0000000093200000, 0x0000000093300000, 0x0000000093300000|100%| O|  |TAMS 0x0000000093200000| PB 0x0000000093200000| Untracked 
| 307|0x0000000093300000, 0x0000000093400000, 0x0000000093400000|100%| O|  |TAMS 0x0000000093300000| PB 0x0000000093300000| Untracked 
| 308|0x0000000093400000, 0x0000000093500000, 0x0000000093500000|100%| O|  |TAMS 0x0000000093400000| PB 0x0000000093400000| Untracked 
| 309|0x0000000093500000, 0x0000000093600000, 0x0000000093600000|100%| O|  |TAMS 0x0000000093500000| PB 0x0000000093500000| Untracked 
| 310|0x0000000093600000, 0x0000000093700000, 0x0000000093700000|100%| O|  |TAMS 0x0000000093600000| PB 0x0000000093600000| Untracked 
| 311|0x0000000093700000, 0x0000000093800000, 0x0000000093800000|100%| O|  |TAMS 0x0000000093700000| PB 0x0000000093700000| Untracked 
| 312|0x0000000093800000, 0x0000000093900000, 0x0000000093900000|100%| O|  |TAMS 0x0000000093800000| PB 0x0000000093800000| Untracked 
| 313|0x0000000093900000, 0x0000000093a00000, 0x0000000093a00000|100%| O|  |TAMS 0x0000000093900000| PB 0x0000000093900000| Untracked 
| 314|0x0000000093a00000, 0x0000000093b00000, 0x0000000093b00000|100%| O|  |TAMS 0x0000000093a00000| PB 0x0000000093a00000| Untracked 
| 315|0x0000000093b00000, 0x0000000093c00000, 0x0000000093c00000|100%| O|  |TAMS 0x0000000093b00000| PB 0x0000000093b00000| Untracked 
| 316|0x0000000093c00000, 0x0000000093d00000, 0x0000000093d00000|100%| O|  |TAMS 0x0000000093c00000| PB 0x0000000093c00000| Untracked 
| 317|0x0000000093d00000, 0x0000000093e00000, 0x0000000093e00000|100%| O|  |TAMS 0x0000000093d00000| PB 0x0000000093d00000| Untracked 
| 318|0x0000000093e00000, 0x0000000093f00000, 0x0000000093f00000|100%| O|  |TAMS 0x0000000093e00000| PB 0x0000000093e00000| Untracked 
| 319|0x0000000093f00000, 0x0000000094000000, 0x0000000094000000|100%| O|  |TAMS 0x0000000093f00000| PB 0x0000000093f00000| Untracked 
| 320|0x0000000094000000, 0x0000000094100000, 0x0000000094100000|100%| O|  |TAMS 0x0000000094000000| PB 0x0000000094000000| Untracked 
| 321|0x0000000094100000, 0x0000000094200000, 0x0000000094200000|100%| O|  |TAMS 0x0000000094100000| PB 0x0000000094100000| Untracked 
| 322|0x0000000094200000, 0x0000000094300000, 0x0000000094300000|100%| O|  |TAMS 0x0000000094200000| PB 0x0000000094200000| Untracked 
| 323|0x0000000094300000, 0x0000000094400000, 0x0000000094400000|100%| O|  |TAMS 0x0000000094300000| PB 0x0000000094300000| Untracked 
| 324|0x0000000094400000, 0x0000000094500000, 0x0000000094500000|100%| O|  |TAMS 0x0000000094400000| PB 0x0000000094400000| Untracked 
| 325|0x0000000094500000, 0x0000000094600000, 0x0000000094600000|100%| O|  |TAMS 0x0000000094500000| PB 0x0000000094500000| Untracked 
| 326|0x0000000094600000, 0x0000000094700000, 0x0000000094700000|100%| O|  |TAMS 0x0000000094600000| PB 0x0000000094600000| Untracked 
| 327|0x0000000094700000, 0x0000000094800000, 0x0000000094800000|100%| O|  |TAMS 0x0000000094700000| PB 0x0000000094700000| Untracked 
| 328|0x0000000094800000, 0x0000000094900000, 0x0000000094900000|100%| O|  |TAMS 0x0000000094800000| PB 0x0000000094800000| Untracked 
| 329|0x0000000094900000, 0x0000000094a00000, 0x0000000094a00000|100%| O|  |TAMS 0x0000000094900000| PB 0x0000000094900000| Untracked 
| 330|0x0000000094a00000, 0x0000000094b00000, 0x0000000094b00000|100%| O|  |TAMS 0x0000000094a00000| PB 0x0000000094a00000| Untracked 
| 331|0x0000000094b00000, 0x0000000094c00000, 0x0000000094c00000|100%| O|  |TAMS 0x0000000094b00000| PB 0x0000000094b00000| Untracked 
| 332|0x0000000094c00000, 0x0000000094d00000, 0x0000000094d00000|100%| O|  |TAMS 0x0000000094c00000| PB 0x0000000094c00000| Untracked 
| 333|0x0000000094d00000, 0x0000000094e00000, 0x0000000094e00000|100%| O|  |TAMS 0x0000000094d00000| PB 0x0000000094d00000| Untracked 
| 334|0x0000000094e00000, 0x0000000094f00000, 0x0000000094f00000|100%| O|  |TAMS 0x0000000094e00000| PB 0x0000000094e00000| Untracked 
| 335|0x0000000094f00000, 0x0000000095000000, 0x0000000095000000|100%| O|  |TAMS 0x0000000094f00000| PB 0x0000000094f00000| Untracked 
| 336|0x0000000095000000, 0x0000000095100000, 0x0000000095100000|100%| O|  |TAMS 0x0000000095000000| PB 0x0000000095000000| Untracked 
| 337|0x0000000095100000, 0x0000000095200000, 0x0000000095200000|100%|HS|  |TAMS 0x0000000095100000| PB 0x0000000095100000| Complete 
| 338|0x0000000095200000, 0x0000000095300000, 0x0000000095300000|100%| O|  |TAMS 0x0000000095200000| PB 0x0000000095200000| Untracked 
| 339|0x0000000095300000, 0x0000000095400000, 0x0000000095400000|100%| O|  |TAMS 0x0000000095300000| PB 0x0000000095300000| Untracked 
| 340|0x0000000095400000, 0x0000000095500000, 0x0000000095500000|100%| O|  |TAMS 0x0000000095400000| PB 0x0000000095400000| Untracked 
| 341|0x0000000095500000, 0x0000000095600000, 0x0000000095600000|100%| O|  |TAMS 0x0000000095500000| PB 0x0000000095500000| Untracked 
| 342|0x0000000095600000, 0x0000000095700000, 0x0000000095700000|100%| O|  |TAMS 0x0000000095600000| PB 0x0000000095600000| Untracked 
| 343|0x0000000095700000, 0x0000000095800000, 0x0000000095800000|100%| O|  |TAMS 0x0000000095700000| PB 0x0000000095700000| Untracked 
| 344|0x0000000095800000, 0x0000000095900000, 0x0000000095900000|100%| O|  |TAMS 0x0000000095800000| PB 0x0000000095800000| Untracked 
| 345|0x0000000095900000, 0x0000000095a00000, 0x0000000095a00000|100%| O|  |TAMS 0x0000000095900000| PB 0x0000000095900000| Untracked 
| 346|0x0000000095a00000, 0x0000000095b00000, 0x0000000095b00000|100%| O|  |TAMS 0x0000000095a00000| PB 0x0000000095a00000| Untracked 
| 347|0x0000000095b00000, 0x0000000095c00000, 0x0000000095c00000|100%| O|  |TAMS 0x0000000095b00000| PB 0x0000000095b00000| Untracked 
| 348|0x0000000095c00000, 0x0000000095d00000, 0x0000000095d00000|100%| O|  |TAMS 0x0000000095c00000| PB 0x0000000095c00000| Untracked 
| 349|0x0000000095d00000, 0x0000000095e00000, 0x0000000095e00000|100%| O|  |TAMS 0x0000000095d00000| PB 0x0000000095d00000| Untracked 
| 350|0x0000000095e00000, 0x0000000095f00000, 0x0000000095f00000|100%| O|  |TAMS 0x0000000095e00000| PB 0x0000000095e00000| Untracked 
| 351|0x0000000095f00000, 0x0000000096000000, 0x0000000096000000|100%| O|  |TAMS 0x0000000095f00000| PB 0x0000000095f00000| Untracked 
| 352|0x0000000096000000, 0x0000000096100000, 0x0000000096100000|100%| O|  |TAMS 0x0000000096000000| PB 0x0000000096000000| Untracked 
| 353|0x0000000096100000, 0x0000000096200000, 0x0000000096200000|100%| O|  |TAMS 0x0000000096100000| PB 0x0000000096100000| Untracked 
| 354|0x0000000096200000, 0x0000000096300000, 0x0000000096300000|100%| O|  |TAMS 0x0000000096200000| PB 0x0000000096200000| Untracked 
| 355|0x0000000096300000, 0x0000000096400000, 0x0000000096400000|100%| O|  |TAMS 0x0000000096300000| PB 0x0000000096300000| Untracked 
| 356|0x0000000096400000, 0x0000000096500000, 0x0000000096500000|100%| O|  |TAMS 0x0000000096400000| PB 0x0000000096400000| Untracked 
| 357|0x0000000096500000, 0x0000000096600000, 0x0000000096600000|100%| O|  |TAMS 0x0000000096500000| PB 0x0000000096500000| Untracked 
| 358|0x0000000096600000, 0x0000000096700000, 0x0000000096700000|100%| O|  |TAMS 0x0000000096600000| PB 0x0000000096600000| Untracked 
| 359|0x0000000096700000, 0x0000000096800000, 0x0000000096800000|100%| O|  |TAMS 0x0000000096700000| PB 0x0000000096700000| Untracked 
| 360|0x0000000096800000, 0x0000000096900000, 0x0000000096900000|100%|HS|  |TAMS 0x0000000096800000| PB 0x0000000096800000| Complete 
| 361|0x0000000096900000, 0x0000000096a00000, 0x0000000096a00000|100%|HC|  |TAMS 0x0000000096900000| PB 0x0000000096900000| Complete 
| 362|0x0000000096a00000, 0x0000000096b00000, 0x0000000096b00000|100%| O|  |TAMS 0x0000000096a00000| PB 0x0000000096a00000| Untracked 
| 363|0x0000000096b00000, 0x0000000096c00000, 0x0000000096c00000|100%| O|  |TAMS 0x0000000096b00000| PB 0x0000000096b00000| Untracked 
| 364|0x0000000096c00000, 0x0000000096d00000, 0x0000000096d00000|100%| O|  |TAMS 0x0000000096c00000| PB 0x0000000096c00000| Untracked 
| 365|0x0000000096d00000, 0x0000000096e00000, 0x0000000096e00000|100%| O|  |TAMS 0x0000000096d00000| PB 0x0000000096d00000| Untracked 
| 366|0x0000000096e00000, 0x0000000096f00000, 0x0000000096f00000|100%| O|  |TAMS 0x0000000096e00000| PB 0x0000000096e00000| Untracked 
| 367|0x0000000096f00000, 0x0000000097000000, 0x0000000097000000|100%| O|  |TAMS 0x0000000096f00000| PB 0x0000000096f00000| Untracked 
| 368|0x0000000097000000, 0x0000000097100000, 0x0000000097100000|100%| O|  |TAMS 0x0000000097000000| PB 0x0000000097000000| Untracked 
| 369|0x0000000097100000, 0x0000000097200000, 0x0000000097200000|100%| O|  |TAMS 0x0000000097100000| PB 0x0000000097100000| Untracked 
| 370|0x0000000097200000, 0x0000000097300000, 0x0000000097300000|100%| O|  |TAMS 0x0000000097200000| PB 0x0000000097200000| Untracked 
| 371|0x0000000097300000, 0x0000000097400000, 0x0000000097400000|100%| O|  |TAMS 0x0000000097300000| PB 0x0000000097300000| Untracked 
| 372|0x0000000097400000, 0x0000000097500000, 0x0000000097500000|100%| O|  |TAMS 0x0000000097400000| PB 0x0000000097400000| Untracked 
| 373|0x0000000097500000, 0x0000000097600000, 0x0000000097600000|100%|HS|  |TAMS 0x0000000097500000| PB 0x0000000097500000| Complete 
| 374|0x0000000097600000, 0x0000000097700000, 0x0000000097700000|100%|HS|  |TAMS 0x0000000097600000| PB 0x0000000097600000| Complete 
| 375|0x0000000097700000, 0x0000000097800000, 0x0000000097800000|100%|HC|  |TAMS 0x0000000097700000| PB 0x0000000097700000| Complete 
| 376|0x0000000097800000, 0x0000000097900000, 0x0000000097900000|100%|HS|  |TAMS 0x0000000097800000| PB 0x0000000097800000| Complete 
| 377|0x0000000097900000, 0x0000000097a00000, 0x0000000097a00000|100%|HS|  |TAMS 0x0000000097900000| PB 0x0000000097900000| Complete 
| 378|0x0000000097a00000, 0x0000000097b00000, 0x0000000097b00000|100%| O|  |TAMS 0x0000000097a00000| PB 0x0000000097a00000| Untracked 
| 379|0x0000000097b00000, 0x0000000097c00000, 0x0000000097c00000|100%| O|  |TAMS 0x0000000097b00000| PB 0x0000000097b00000| Untracked 
| 380|0x0000000097c00000, 0x0000000097d00000, 0x0000000097d00000|100%| O|  |TAMS 0x0000000097c00000| PB 0x0000000097c00000| Untracked 
| 381|0x0000000097d00000, 0x0000000097e00000, 0x0000000097e00000|100%| O|  |TAMS 0x0000000097d00000| PB 0x0000000097d00000| Untracked 
| 382|0x0000000097e00000, 0x0000000097f00000, 0x0000000097f00000|100%| O|  |TAMS 0x0000000097e00000| PB 0x0000000097e00000| Untracked 
| 383|0x0000000097f00000, 0x0000000098000000, 0x0000000098000000|100%| O|  |TAMS 0x0000000097f00000| PB 0x0000000097f00000| Untracked 
| 384|0x0000000098000000, 0x0000000098100000, 0x0000000098100000|100%| O|  |TAMS 0x0000000098000000| PB 0x0000000098000000| Untracked 
| 385|0x0000000098100000, 0x0000000098200000, 0x0000000098200000|100%| O|  |TAMS 0x0000000098100000| PB 0x0000000098100000| Untracked 
| 386|0x0000000098200000, 0x0000000098300000, 0x0000000098300000|100%| O|  |TAMS 0x0000000098200000| PB 0x0000000098200000| Untracked 
| 387|0x0000000098300000, 0x0000000098400000, 0x0000000098400000|100%| O|  |TAMS 0x0000000098300000| PB 0x0000000098300000| Untracked 
| 388|0x0000000098400000, 0x0000000098500000, 0x0000000098500000|100%| O|  |TAMS 0x0000000098400000| PB 0x0000000098400000| Untracked 
| 389|0x0000000098500000, 0x0000000098600000, 0x0000000098600000|100%| O|  |TAMS 0x0000000098500000| PB 0x0000000098500000| Untracked 
| 390|0x0000000098600000, 0x0000000098700000, 0x0000000098700000|100%| O|  |TAMS 0x0000000098600000| PB 0x0000000098600000| Untracked 
| 391|0x0000000098700000, 0x0000000098800000, 0x0000000098800000|100%| O|  |TAMS 0x0000000098700000| PB 0x0000000098700000| Untracked 
| 392|0x0000000098800000, 0x0000000098900000, 0x0000000098900000|100%| O|  |TAMS 0x0000000098800000| PB 0x0000000098800000| Untracked 
| 393|0x0000000098900000, 0x0000000098a00000, 0x0000000098a00000|100%| O|  |TAMS 0x0000000098900000| PB 0x0000000098900000| Untracked 
| 394|0x0000000098a00000, 0x0000000098b00000, 0x0000000098b00000|100%| O|  |TAMS 0x0000000098a00000| PB 0x0000000098a00000| Untracked 
| 395|0x0000000098b00000, 0x0000000098be3430, 0x0000000098c00000| 88%| O|  |TAMS 0x0000000098b00000| PB 0x0000000098b00000| Untracked 
| 396|0x0000000098c00000, 0x0000000098d00000, 0x0000000098d00000|100%| O|  |TAMS 0x0000000098c00000| PB 0x0000000098c00000| Untracked 
| 397|0x0000000098d00000, 0x0000000098e00000, 0x0000000098e00000|100%| O|  |TAMS 0x0000000098d00000| PB 0x0000000098d00000| Untracked 
| 398|0x0000000098e00000, 0x0000000098f00000, 0x0000000098f00000|100%| O|  |TAMS 0x0000000098e00000| PB 0x0000000098e00000| Untracked 
| 399|0x0000000098f00000, 0x0000000099000000, 0x0000000099000000|100%| O|  |TAMS 0x0000000098f00000| PB 0x0000000098f00000| Untracked 
| 400|0x0000000099000000, 0x0000000099100000, 0x0000000099100000|100%| O|  |TAMS 0x0000000099000000| PB 0x0000000099000000| Untracked 
| 401|0x0000000099100000, 0x0000000099200000, 0x0000000099200000|100%| O|  |TAMS 0x0000000099100000| PB 0x0000000099100000| Untracked 
| 402|0x0000000099200000, 0x0000000099300000, 0x0000000099300000|100%| O|  |TAMS 0x0000000099200000| PB 0x0000000099200000| Untracked 
| 403|0x0000000099300000, 0x0000000099400000, 0x0000000099400000|100%| O|  |TAMS 0x0000000099300000| PB 0x0000000099300000| Untracked 
| 404|0x0000000099400000, 0x0000000099400000, 0x0000000099500000|  0%| F|  |TAMS 0x0000000099400000| PB 0x0000000099400000| Untracked 
| 405|0x0000000099500000, 0x0000000099500000, 0x0000000099600000|  0%| F|  |TAMS 0x0000000099500000| PB 0x0000000099500000| Untracked 
| 406|0x0000000099600000, 0x0000000099700000, 0x0000000099700000|100%| O|  |TAMS 0x0000000099600000| PB 0x0000000099600000| Untracked 
| 407|0x0000000099700000, 0x0000000099700000, 0x0000000099800000|  0%| F|  |TAMS 0x0000000099700000| PB 0x0000000099700000| Untracked 
| 408|0x0000000099800000, 0x0000000099900000, 0x0000000099900000|100%| O|  |TAMS 0x0000000099800000| PB 0x0000000099800000| Untracked 
| 409|0x0000000099900000, 0x0000000099a00000, 0x0000000099a00000|100%| O|  |TAMS 0x0000000099900000| PB 0x0000000099900000| Untracked 
| 410|0x0000000099a00000, 0x0000000099b00000, 0x0000000099b00000|100%| O|  |TAMS 0x0000000099a00000| PB 0x0000000099a00000| Untracked 
| 411|0x0000000099b00000, 0x0000000099c00000, 0x0000000099c00000|100%| O|  |TAMS 0x0000000099b00000| PB 0x0000000099b00000| Untracked 
| 412|0x0000000099c00000, 0x0000000099d00000, 0x0000000099d00000|100%| O|  |TAMS 0x0000000099c00000| PB 0x0000000099c00000| Untracked 
| 413|0x0000000099d00000, 0x0000000099d00000, 0x0000000099e00000|  0%| F|  |TAMS 0x0000000099d00000| PB 0x0000000099d00000| Untracked 
| 414|0x0000000099e00000, 0x0000000099e00000, 0x0000000099f00000|  0%| F|  |TAMS 0x0000000099e00000| PB 0x0000000099e00000| Untracked 
| 415|0x0000000099f00000, 0x0000000099f00000, 0x000000009a000000|  0%| F|  |TAMS 0x0000000099f00000| PB 0x0000000099f00000| Untracked 
| 416|0x000000009a000000, 0x000000009a100000, 0x000000009a100000|100%| O|  |TAMS 0x000000009a000000| PB 0x000000009a000000| Untracked 
| 417|0x000000009a100000, 0x000000009a200000, 0x000000009a200000|100%| O|  |TAMS 0x000000009a100000| PB 0x000000009a100000| Untracked 
| 418|0x000000009a200000, 0x000000009a300000, 0x000000009a300000|100%| O|  |TAMS 0x000000009a200000| PB 0x000000009a200000| Untracked 
| 419|0x000000009a300000, 0x000000009a400000, 0x000000009a400000|100%| O|  |TAMS 0x000000009a300000| PB 0x000000009a300000| Untracked 
| 420|0x000000009a400000, 0x000000009a400000, 0x000000009a500000|  0%| F|  |TAMS 0x000000009a400000| PB 0x000000009a400000| Untracked 
| 421|0x000000009a500000, 0x000000009a500000, 0x000000009a600000|  0%| F|  |TAMS 0x000000009a500000| PB 0x000000009a500000| Untracked 
| 422|0x000000009a600000, 0x000000009a600000, 0x000000009a700000|  0%| F|  |TAMS 0x000000009a600000| PB 0x000000009a600000| Untracked 
| 423|0x000000009a700000, 0x000000009a700000, 0x000000009a800000|  0%| F|  |TAMS 0x000000009a700000| PB 0x000000009a700000| Untracked 
| 424|0x000000009a800000, 0x000000009a800000, 0x000000009a900000|  0%| F|  |TAMS 0x000000009a800000| PB 0x000000009a800000| Untracked 
| 425|0x000000009a900000, 0x000000009a900000, 0x000000009aa00000|  0%| F|  |TAMS 0x000000009a900000| PB 0x000000009a900000| Untracked 
| 426|0x000000009aa00000, 0x000000009aa00000, 0x000000009ab00000|  0%| F|  |TAMS 0x000000009aa00000| PB 0x000000009aa00000| Untracked 
| 427|0x000000009ab00000, 0x000000009ab00000, 0x000000009ac00000|  0%| F|  |TAMS 0x000000009ab00000| PB 0x000000009ab00000| Untracked 
| 428|0x000000009ac00000, 0x000000009ad00000, 0x000000009ad00000|100%|HS|  |TAMS 0x000000009ac00000| PB 0x000000009ac00000| Complete 
| 429|0x000000009ad00000, 0x000000009ae00000, 0x000000009ae00000|100%|HS|  |TAMS 0x000000009ad00000| PB 0x000000009ad00000| Complete 
| 430|0x000000009ae00000, 0x000000009ae00000, 0x000000009af00000|  0%| F|  |TAMS 0x000000009ae00000| PB 0x000000009ae00000| Untracked 
| 431|0x000000009af00000, 0x000000009af00000, 0x000000009b000000|  0%| F|  |TAMS 0x000000009af00000| PB 0x000000009af00000| Untracked 
| 432|0x000000009b000000, 0x000000009b000000, 0x000000009b100000|  0%| F|  |TAMS 0x000000009b000000| PB 0x000000009b000000| Untracked 
| 433|0x000000009b100000, 0x000000009b100000, 0x000000009b200000|  0%| F|  |TAMS 0x000000009b100000| PB 0x000000009b100000| Untracked 
| 434|0x000000009b200000, 0x000000009b200000, 0x000000009b300000|  0%| F|  |TAMS 0x000000009b200000| PB 0x000000009b200000| Untracked 
| 435|0x000000009b300000, 0x000000009b300000, 0x000000009b400000|  0%| F|  |TAMS 0x000000009b300000| PB 0x000000009b300000| Untracked 
| 436|0x000000009b400000, 0x000000009b400000, 0x000000009b500000|  0%| F|  |TAMS 0x000000009b400000| PB 0x000000009b400000| Untracked 
| 437|0x000000009b500000, 0x000000009b500000, 0x000000009b600000|  0%| F|  |TAMS 0x000000009b500000| PB 0x000000009b500000| Untracked 
| 438|0x000000009b600000, 0x000000009b600000, 0x000000009b700000|  0%| F|  |TAMS 0x000000009b600000| PB 0x000000009b600000| Untracked 
| 439|0x000000009b700000, 0x000000009b700000, 0x000000009b800000|  0%| F|  |TAMS 0x000000009b700000| PB 0x000000009b700000| Untracked 
| 440|0x000000009b800000, 0x000000009b800000, 0x000000009b900000|  0%| F|  |TAMS 0x000000009b800000| PB 0x000000009b800000| Untracked 
| 441|0x000000009b900000, 0x000000009b900000, 0x000000009ba00000|  0%| F|  |TAMS 0x000000009b900000| PB 0x000000009b900000| Untracked 
| 442|0x000000009ba00000, 0x000000009ba00000, 0x000000009bb00000|  0%| F|  |TAMS 0x000000009ba00000| PB 0x000000009ba00000| Untracked 
| 443|0x000000009bb00000, 0x000000009bb00000, 0x000000009bc00000|  0%| F|  |TAMS 0x000000009bb00000| PB 0x000000009bb00000| Untracked 
| 444|0x000000009bc00000, 0x000000009bc00000, 0x000000009bd00000|  0%| F|  |TAMS 0x000000009bc00000| PB 0x000000009bc00000| Untracked 
| 445|0x000000009bd00000, 0x000000009bd00000, 0x000000009be00000|  0%| F|  |TAMS 0x000000009bd00000| PB 0x000000009bd00000| Untracked 
| 446|0x000000009be00000, 0x000000009be00000, 0x000000009bf00000|  0%| F|  |TAMS 0x000000009be00000| PB 0x000000009be00000| Untracked 
| 447|0x000000009bf00000, 0x000000009bf00000, 0x000000009c000000|  0%| F|  |TAMS 0x000000009bf00000| PB 0x000000009bf00000| Untracked 
| 448|0x000000009c000000, 0x000000009c000000, 0x000000009c100000|  0%| F|  |TAMS 0x000000009c000000| PB 0x000000009c000000| Untracked 
| 449|0x000000009c100000, 0x000000009c100000, 0x000000009c200000|  0%| F|  |TAMS 0x000000009c100000| PB 0x000000009c100000| Untracked 
| 450|0x000000009c200000, 0x000000009c200000, 0x000000009c300000|  0%| F|  |TAMS 0x000000009c200000| PB 0x000000009c200000| Untracked 
| 451|0x000000009c300000, 0x000000009c300000, 0x000000009c400000|  0%| F|  |TAMS 0x000000009c300000| PB 0x000000009c300000| Untracked 
| 452|0x000000009c400000, 0x000000009c400000, 0x000000009c500000|  0%| F|  |TAMS 0x000000009c400000| PB 0x000000009c400000| Untracked 
| 453|0x000000009c500000, 0x000000009c500000, 0x000000009c600000|  0%| F|  |TAMS 0x000000009c500000| PB 0x000000009c500000| Untracked 
| 454|0x000000009c600000, 0x000000009c600000, 0x000000009c700000|  0%| F|  |TAMS 0x000000009c600000| PB 0x000000009c600000| Untracked 
| 455|0x000000009c700000, 0x000000009c800000, 0x000000009c800000|100%| S|CS|TAMS 0x000000009c700000| PB 0x000000009c700000| Complete 
| 456|0x000000009c800000, 0x000000009c900000, 0x000000009c900000|100%| S|CS|TAMS 0x000000009c800000| PB 0x000000009c800000| Complete 
| 457|0x000000009c900000, 0x000000009ca00000, 0x000000009ca00000|100%| S|CS|TAMS 0x000000009c900000| PB 0x000000009c900000| Complete 
| 458|0x000000009ca00000, 0x000000009cb00000, 0x000000009cb00000|100%| S|CS|TAMS 0x000000009ca00000| PB 0x000000009ca00000| Complete 
| 459|0x000000009cb00000, 0x000000009cb00000, 0x000000009cc00000|  0%| F|  |TAMS 0x000000009cb00000| PB 0x000000009cb00000| Untracked 
| 460|0x000000009cc00000, 0x000000009cc00000, 0x000000009cd00000|  0%| F|  |TAMS 0x000000009cc00000| PB 0x000000009cc00000| Untracked 
| 461|0x000000009cd00000, 0x000000009cd00000, 0x000000009ce00000|  0%| F|  |TAMS 0x000000009cd00000| PB 0x000000009cd00000| Untracked 
| 462|0x000000009ce00000, 0x000000009ce00000, 0x000000009cf00000|  0%| F|  |TAMS 0x000000009ce00000| PB 0x000000009ce00000| Untracked 
| 463|0x000000009cf00000, 0x000000009cf00000, 0x000000009d000000|  0%| F|  |TAMS 0x000000009cf00000| PB 0x000000009cf00000| Untracked 
| 464|0x000000009d000000, 0x000000009d000000, 0x000000009d100000|  0%| F|  |TAMS 0x000000009d000000| PB 0x000000009d000000| Untracked 
| 465|0x000000009d100000, 0x000000009d100000, 0x000000009d200000|  0%| F|  |TAMS 0x000000009d100000| PB 0x000000009d100000| Untracked 
| 466|0x000000009d200000, 0x000000009d200000, 0x000000009d300000|  0%| F|  |TAMS 0x000000009d200000| PB 0x000000009d200000| Untracked 
| 467|0x000000009d300000, 0x000000009d300000, 0x000000009d400000|  0%| F|  |TAMS 0x000000009d300000| PB 0x000000009d300000| Untracked 
| 468|0x000000009d400000, 0x000000009d400000, 0x000000009d500000|  0%| F|  |TAMS 0x000000009d400000| PB 0x000000009d400000| Untracked 
| 469|0x000000009d500000, 0x000000009d500000, 0x000000009d600000|  0%| F|  |TAMS 0x000000009d500000| PB 0x000000009d500000| Untracked 
| 470|0x000000009d600000, 0x000000009d600000, 0x000000009d700000|  0%| F|  |TAMS 0x000000009d600000| PB 0x000000009d600000| Untracked 
| 471|0x000000009d700000, 0x000000009d700000, 0x000000009d800000|  0%| F|  |TAMS 0x000000009d700000| PB 0x000000009d700000| Untracked 
| 472|0x000000009d800000, 0x000000009d800000, 0x000000009d900000|  0%| F|  |TAMS 0x000000009d800000| PB 0x000000009d800000| Untracked 
| 473|0x000000009d900000, 0x000000009d900000, 0x000000009da00000|  0%| F|  |TAMS 0x000000009d900000| PB 0x000000009d900000| Untracked 
| 474|0x000000009da00000, 0x000000009da00000, 0x000000009db00000|  0%| F|  |TAMS 0x000000009da00000| PB 0x000000009da00000| Untracked 
| 475|0x000000009db00000, 0x000000009db00000, 0x000000009dc00000|  0%| F|  |TAMS 0x000000009db00000| PB 0x000000009db00000| Untracked 
| 476|0x000000009dc00000, 0x000000009dc00000, 0x000000009dd00000|  0%| F|  |TAMS 0x000000009dc00000| PB 0x000000009dc00000| Untracked 
| 477|0x000000009dd00000, 0x000000009dd00000, 0x000000009de00000|  0%| F|  |TAMS 0x000000009dd00000| PB 0x000000009dd00000| Untracked 
| 478|0x000000009de00000, 0x000000009de00000, 0x000000009df00000|  0%| F|  |TAMS 0x000000009de00000| PB 0x000000009de00000| Untracked 
| 479|0x000000009df00000, 0x000000009df00000, 0x000000009e000000|  0%| F|  |TAMS 0x000000009df00000| PB 0x000000009df00000| Untracked 
| 480|0x000000009e000000, 0x000000009e000000, 0x000000009e100000|  0%| F|  |TAMS 0x000000009e000000| PB 0x000000009e000000| Untracked 
| 481|0x000000009e100000, 0x000000009e100000, 0x000000009e200000|  0%| F|  |TAMS 0x000000009e100000| PB 0x000000009e100000| Untracked 
| 482|0x000000009e200000, 0x000000009e200000, 0x000000009e300000|  0%| F|  |TAMS 0x000000009e200000| PB 0x000000009e200000| Untracked 
| 483|0x000000009e300000, 0x000000009e300000, 0x000000009e400000|  0%| F|  |TAMS 0x000000009e300000| PB 0x000000009e300000| Untracked 
| 484|0x000000009e400000, 0x000000009e400000, 0x000000009e500000|  0%| F|  |TAMS 0x000000009e400000| PB 0x000000009e400000| Untracked 
| 485|0x000000009e500000, 0x000000009e500000, 0x000000009e600000|  0%| F|  |TAMS 0x000000009e500000| PB 0x000000009e500000| Untracked 
| 486|0x000000009e600000, 0x000000009e600000, 0x000000009e700000|  0%| F|  |TAMS 0x000000009e600000| PB 0x000000009e600000| Untracked 
| 487|0x000000009e700000, 0x000000009e700000, 0x000000009e800000|  0%| F|  |TAMS 0x000000009e700000| PB 0x000000009e700000| Untracked 
| 488|0x000000009e800000, 0x000000009e800000, 0x000000009e900000|  0%| F|  |TAMS 0x000000009e800000| PB 0x000000009e800000| Untracked 
| 489|0x000000009e900000, 0x000000009e900000, 0x000000009ea00000|  0%| F|  |TAMS 0x000000009e900000| PB 0x000000009e900000| Untracked 
| 490|0x000000009ea00000, 0x000000009ea00000, 0x000000009eb00000|  0%| F|  |TAMS 0x000000009ea00000| PB 0x000000009ea00000| Untracked 
| 491|0x000000009eb00000, 0x000000009eb00000, 0x000000009ec00000|  0%| F|  |TAMS 0x000000009eb00000| PB 0x000000009eb00000| Untracked 
| 492|0x000000009ec00000, 0x000000009ec00000, 0x000000009ed00000|  0%| F|  |TAMS 0x000000009ec00000| PB 0x000000009ec00000| Untracked 
| 493|0x000000009ed00000, 0x000000009ed00000, 0x000000009ee00000|  0%| F|  |TAMS 0x000000009ed00000| PB 0x000000009ed00000| Untracked 
| 494|0x000000009ee00000, 0x000000009ee00000, 0x000000009ef00000|  0%| F|  |TAMS 0x000000009ee00000| PB 0x000000009ee00000| Untracked 
| 495|0x000000009ef00000, 0x000000009ef00000, 0x000000009f000000|  0%| F|  |TAMS 0x000000009ef00000| PB 0x000000009ef00000| Untracked 
| 496|0x000000009f000000, 0x000000009f000000, 0x000000009f100000|  0%| F|  |TAMS 0x000000009f000000| PB 0x000000009f000000| Untracked 
| 497|0x000000009f100000, 0x000000009f100000, 0x000000009f200000|  0%| F|  |TAMS 0x000000009f100000| PB 0x000000009f100000| Untracked 
| 498|0x000000009f200000, 0x000000009f200000, 0x000000009f300000|  0%| F|  |TAMS 0x000000009f200000| PB 0x000000009f200000| Untracked 
| 499|0x000000009f300000, 0x000000009f300000, 0x000000009f400000|  0%| F|  |TAMS 0x000000009f300000| PB 0x000000009f300000| Untracked 
| 500|0x000000009f400000, 0x000000009f400000, 0x000000009f500000|  0%| F|  |TAMS 0x000000009f400000| PB 0x000000009f400000| Untracked 
| 501|0x000000009f500000, 0x000000009f500000, 0x000000009f600000|  0%| F|  |TAMS 0x000000009f500000| PB 0x000000009f500000| Untracked 
| 502|0x000000009f600000, 0x000000009f600000, 0x000000009f700000|  0%| F|  |TAMS 0x000000009f600000| PB 0x000000009f600000| Untracked 
| 503|0x000000009f700000, 0x000000009f700000, 0x000000009f800000|  0%| F|  |TAMS 0x000000009f700000| PB 0x000000009f700000| Untracked 
| 504|0x000000009f800000, 0x000000009f800000, 0x000000009f900000|  0%| F|  |TAMS 0x000000009f800000| PB 0x000000009f800000| Untracked 
| 505|0x000000009f900000, 0x000000009f900000, 0x000000009fa00000|  0%| F|  |TAMS 0x000000009f900000| PB 0x000000009f900000| Untracked 
| 506|0x000000009fa00000, 0x000000009fa00000, 0x000000009fb00000|  0%| F|  |TAMS 0x000000009fa00000| PB 0x000000009fa00000| Untracked 
| 507|0x000000009fb00000, 0x000000009fb00000, 0x000000009fc00000|  0%| F|  |TAMS 0x000000009fb00000| PB 0x000000009fb00000| Untracked 
| 508|0x000000009fc00000, 0x000000009fc00000, 0x000000009fd00000|  0%| F|  |TAMS 0x000000009fc00000| PB 0x000000009fc00000| Untracked 
| 509|0x000000009fd00000, 0x000000009fd00000, 0x000000009fe00000|  0%| F|  |TAMS 0x000000009fd00000| PB 0x000000009fd00000| Untracked 
| 510|0x000000009fe00000, 0x000000009fe00000, 0x000000009ff00000|  0%| F|  |TAMS 0x000000009fe00000| PB 0x000000009fe00000| Untracked 
| 511|0x000000009ff00000, 0x000000009ff00000, 0x00000000a0000000|  0%| F|  |TAMS 0x000000009ff00000| PB 0x000000009ff00000| Untracked 
| 512|0x00000000a0000000, 0x00000000a0000000, 0x00000000a0100000|  0%| F|  |TAMS 0x00000000a0000000| PB 0x00000000a0000000| Untracked 
| 513|0x00000000a0100000, 0x00000000a0100000, 0x00000000a0200000|  0%| F|  |TAMS 0x00000000a0100000| PB 0x00000000a0100000| Untracked 
| 514|0x00000000a0200000, 0x00000000a0200000, 0x00000000a0300000|  0%| F|  |TAMS 0x00000000a0200000| PB 0x00000000a0200000| Untracked 
| 515|0x00000000a0300000, 0x00000000a0300000, 0x00000000a0400000|  0%| F|  |TAMS 0x00000000a0300000| PB 0x00000000a0300000| Untracked 
| 516|0x00000000a0400000, 0x00000000a0400000, 0x00000000a0500000|  0%| F|  |TAMS 0x00000000a0400000| PB 0x00000000a0400000| Untracked 
| 517|0x00000000a0500000, 0x00000000a0500000, 0x00000000a0600000|  0%| F|  |TAMS 0x00000000a0500000| PB 0x00000000a0500000| Untracked 
| 518|0x00000000a0600000, 0x00000000a0600000, 0x00000000a0700000|  0%| F|  |TAMS 0x00000000a0600000| PB 0x00000000a0600000| Untracked 
| 519|0x00000000a0700000, 0x00000000a0700000, 0x00000000a0800000|  0%| F|  |TAMS 0x00000000a0700000| PB 0x00000000a0700000| Untracked 
| 520|0x00000000a0800000, 0x00000000a0800000, 0x00000000a0900000|  0%| F|  |TAMS 0x00000000a0800000| PB 0x00000000a0800000| Untracked 
| 521|0x00000000a0900000, 0x00000000a0900000, 0x00000000a0a00000|  0%| F|  |TAMS 0x00000000a0900000| PB 0x00000000a0900000| Untracked 
| 522|0x00000000a0a00000, 0x00000000a0a00000, 0x00000000a0b00000|  0%| F|  |TAMS 0x00000000a0a00000| PB 0x00000000a0a00000| Untracked 
| 523|0x00000000a0b00000, 0x00000000a0b00000, 0x00000000a0c00000|  0%| F|  |TAMS 0x00000000a0b00000| PB 0x00000000a0b00000| Untracked 
| 524|0x00000000a0c00000, 0x00000000a0c00000, 0x00000000a0d00000|  0%| F|  |TAMS 0x00000000a0c00000| PB 0x00000000a0c00000| Untracked 
| 525|0x00000000a0d00000, 0x00000000a0d00000, 0x00000000a0e00000|  0%| F|  |TAMS 0x00000000a0d00000| PB 0x00000000a0d00000| Untracked 
| 526|0x00000000a0e00000, 0x00000000a0e00000, 0x00000000a0f00000|  0%| F|  |TAMS 0x00000000a0e00000| PB 0x00000000a0e00000| Untracked 
| 527|0x00000000a0f00000, 0x00000000a0f00000, 0x00000000a1000000|  0%| F|  |TAMS 0x00000000a0f00000| PB 0x00000000a0f00000| Untracked 
| 528|0x00000000a1000000, 0x00000000a1000000, 0x00000000a1100000|  0%| F|  |TAMS 0x00000000a1000000| PB 0x00000000a1000000| Untracked 
| 529|0x00000000a1100000, 0x00000000a1100000, 0x00000000a1200000|  0%| F|  |TAMS 0x00000000a1100000| PB 0x00000000a1100000| Untracked 
| 530|0x00000000a1200000, 0x00000000a1200000, 0x00000000a1300000|  0%| F|  |TAMS 0x00000000a1200000| PB 0x00000000a1200000| Untracked 
| 531|0x00000000a1300000, 0x00000000a1300000, 0x00000000a1400000|  0%| F|  |TAMS 0x00000000a1300000| PB 0x00000000a1300000| Untracked 
| 532|0x00000000a1400000, 0x00000000a1400000, 0x00000000a1500000|  0%| F|  |TAMS 0x00000000a1400000| PB 0x00000000a1400000| Untracked 
| 533|0x00000000a1500000, 0x00000000a1500000, 0x00000000a1600000|  0%| F|  |TAMS 0x00000000a1500000| PB 0x00000000a1500000| Untracked 
| 534|0x00000000a1600000, 0x00000000a1600000, 0x00000000a1700000|  0%| F|  |TAMS 0x00000000a1600000| PB 0x00000000a1600000| Untracked 
| 535|0x00000000a1700000, 0x00000000a1700000, 0x00000000a1800000|  0%| F|  |TAMS 0x00000000a1700000| PB 0x00000000a1700000| Untracked 
| 536|0x00000000a1800000, 0x00000000a1800000, 0x00000000a1900000|  0%| F|  |TAMS 0x00000000a1800000| PB 0x00000000a1800000| Untracked 
| 537|0x00000000a1900000, 0x00000000a1900000, 0x00000000a1a00000|  0%| F|  |TAMS 0x00000000a1900000| PB 0x00000000a1900000| Untracked 
| 538|0x00000000a1a00000, 0x00000000a1a00000, 0x00000000a1b00000|  0%| F|  |TAMS 0x00000000a1a00000| PB 0x00000000a1a00000| Untracked 
| 539|0x00000000a1b00000, 0x00000000a1b00000, 0x00000000a1c00000|  0%| F|  |TAMS 0x00000000a1b00000| PB 0x00000000a1b00000| Untracked 
| 540|0x00000000a1c00000, 0x00000000a1c00000, 0x00000000a1d00000|  0%| F|  |TAMS 0x00000000a1c00000| PB 0x00000000a1c00000| Untracked 
| 541|0x00000000a1d00000, 0x00000000a1d00000, 0x00000000a1e00000|  0%| F|  |TAMS 0x00000000a1d00000| PB 0x00000000a1d00000| Untracked 
| 542|0x00000000a1e00000, 0x00000000a1e00000, 0x00000000a1f00000|  0%| F|  |TAMS 0x00000000a1e00000| PB 0x00000000a1e00000| Untracked 
| 543|0x00000000a1f00000, 0x00000000a1f00000, 0x00000000a2000000|  0%| F|  |TAMS 0x00000000a1f00000| PB 0x00000000a1f00000| Untracked 
| 544|0x00000000a2000000, 0x00000000a2000000, 0x00000000a2100000|  0%| F|  |TAMS 0x00000000a2000000| PB 0x00000000a2000000| Untracked 
| 545|0x00000000a2100000, 0x00000000a2100000, 0x00000000a2200000|  0%| F|  |TAMS 0x00000000a2100000| PB 0x00000000a2100000| Untracked 
| 546|0x00000000a2200000, 0x00000000a2200000, 0x00000000a2300000|  0%| F|  |TAMS 0x00000000a2200000| PB 0x00000000a2200000| Untracked 
| 547|0x00000000a2300000, 0x00000000a2300000, 0x00000000a2400000|  0%| F|  |TAMS 0x00000000a2300000| PB 0x00000000a2300000| Untracked 
| 548|0x00000000a2400000, 0x00000000a2400000, 0x00000000a2500000|  0%| F|  |TAMS 0x00000000a2400000| PB 0x00000000a2400000| Untracked 
| 549|0x00000000a2500000, 0x00000000a2500000, 0x00000000a2600000|  0%| F|  |TAMS 0x00000000a2500000| PB 0x00000000a2500000| Untracked 
| 550|0x00000000a2600000, 0x00000000a2600000, 0x00000000a2700000|  0%| F|  |TAMS 0x00000000a2600000| PB 0x00000000a2600000| Untracked 
| 551|0x00000000a2700000, 0x00000000a2700000, 0x00000000a2800000|  0%| F|  |TAMS 0x00000000a2700000| PB 0x00000000a2700000| Untracked 
| 552|0x00000000a2800000, 0x00000000a2800000, 0x00000000a2900000|  0%| F|  |TAMS 0x00000000a2800000| PB 0x00000000a2800000| Untracked 
| 553|0x00000000a2900000, 0x00000000a2900000, 0x00000000a2a00000|  0%| F|  |TAMS 0x00000000a2900000| PB 0x00000000a2900000| Untracked 
| 554|0x00000000a2a00000, 0x00000000a2a00000, 0x00000000a2b00000|  0%| F|  |TAMS 0x00000000a2a00000| PB 0x00000000a2a00000| Untracked 
| 555|0x00000000a2b00000, 0x00000000a2b00000, 0x00000000a2c00000|  0%| F|  |TAMS 0x00000000a2b00000| PB 0x00000000a2b00000| Untracked 
| 556|0x00000000a2c00000, 0x00000000a2c00000, 0x00000000a2d00000|  0%| F|  |TAMS 0x00000000a2c00000| PB 0x00000000a2c00000| Untracked 
| 557|0x00000000a2d00000, 0x00000000a2d00000, 0x00000000a2e00000|  0%| F|  |TAMS 0x00000000a2d00000| PB 0x00000000a2d00000| Untracked 
| 558|0x00000000a2e00000, 0x00000000a2e00000, 0x00000000a2f00000|  0%| F|  |TAMS 0x00000000a2e00000| PB 0x00000000a2e00000| Untracked 
| 559|0x00000000a2f00000, 0x00000000a2f00000, 0x00000000a3000000|  0%| F|  |TAMS 0x00000000a2f00000| PB 0x00000000a2f00000| Untracked 
| 560|0x00000000a3000000, 0x00000000a3000000, 0x00000000a3100000|  0%| F|  |TAMS 0x00000000a3000000| PB 0x00000000a3000000| Untracked 
| 561|0x00000000a3100000, 0x00000000a3100000, 0x00000000a3200000|  0%| F|  |TAMS 0x00000000a3100000| PB 0x00000000a3100000| Untracked 
| 562|0x00000000a3200000, 0x00000000a3200000, 0x00000000a3300000|  0%| F|  |TAMS 0x00000000a3200000| PB 0x00000000a3200000| Untracked 
| 563|0x00000000a3300000, 0x00000000a3300000, 0x00000000a3400000|  0%| F|  |TAMS 0x00000000a3300000| PB 0x00000000a3300000| Untracked 
| 564|0x00000000a3400000, 0x00000000a3400000, 0x00000000a3500000|  0%| F|  |TAMS 0x00000000a3400000| PB 0x00000000a3400000| Untracked 
| 565|0x00000000a3500000, 0x00000000a3500000, 0x00000000a3600000|  0%| F|  |TAMS 0x00000000a3500000| PB 0x00000000a3500000| Untracked 
| 566|0x00000000a3600000, 0x00000000a3600000, 0x00000000a3700000|  0%| F|  |TAMS 0x00000000a3600000| PB 0x00000000a3600000| Untracked 
| 567|0x00000000a3700000, 0x00000000a3700000, 0x00000000a3800000|  0%| F|  |TAMS 0x00000000a3700000| PB 0x00000000a3700000| Untracked 
| 568|0x00000000a3800000, 0x00000000a3800000, 0x00000000a3900000|  0%| F|  |TAMS 0x00000000a3800000| PB 0x00000000a3800000| Untracked 
| 569|0x00000000a3900000, 0x00000000a3900000, 0x00000000a3a00000|  0%| F|  |TAMS 0x00000000a3900000| PB 0x00000000a3900000| Untracked 
| 570|0x00000000a3a00000, 0x00000000a3a00000, 0x00000000a3b00000|  0%| F|  |TAMS 0x00000000a3a00000| PB 0x00000000a3a00000| Untracked 
| 571|0x00000000a3b00000, 0x00000000a3b00000, 0x00000000a3c00000|  0%| F|  |TAMS 0x00000000a3b00000| PB 0x00000000a3b00000| Untracked 
| 572|0x00000000a3c00000, 0x00000000a3c00000, 0x00000000a3d00000|  0%| F|  |TAMS 0x00000000a3c00000| PB 0x00000000a3c00000| Untracked 
| 573|0x00000000a3d00000, 0x00000000a3d00000, 0x00000000a3e00000|  0%| F|  |TAMS 0x00000000a3d00000| PB 0x00000000a3d00000| Untracked 
| 574|0x00000000a3e00000, 0x00000000a3e00000, 0x00000000a3f00000|  0%| F|  |TAMS 0x00000000a3e00000| PB 0x00000000a3e00000| Untracked 
| 575|0x00000000a3f00000, 0x00000000a3f00000, 0x00000000a4000000|  0%| F|  |TAMS 0x00000000a3f00000| PB 0x00000000a3f00000| Untracked 
| 576|0x00000000a4000000, 0x00000000a4000000, 0x00000000a4100000|  0%| F|  |TAMS 0x00000000a4000000| PB 0x00000000a4000000| Untracked 
| 577|0x00000000a4100000, 0x00000000a4100000, 0x00000000a4200000|  0%| F|  |TAMS 0x00000000a4100000| PB 0x00000000a4100000| Untracked 
| 578|0x00000000a4200000, 0x00000000a4200000, 0x00000000a4300000|  0%| F|  |TAMS 0x00000000a4200000| PB 0x00000000a4200000| Untracked 
| 579|0x00000000a4300000, 0x00000000a4300000, 0x00000000a4400000|  0%| F|  |TAMS 0x00000000a4300000| PB 0x00000000a4300000| Untracked 
| 580|0x00000000a4400000, 0x00000000a4400000, 0x00000000a4500000|  0%| F|  |TAMS 0x00000000a4400000| PB 0x00000000a4400000| Untracked 
| 581|0x00000000a4500000, 0x00000000a4500000, 0x00000000a4600000|  0%| F|  |TAMS 0x00000000a4500000| PB 0x00000000a4500000| Untracked 
| 582|0x00000000a4600000, 0x00000000a4600000, 0x00000000a4700000|  0%| F|  |TAMS 0x00000000a4600000| PB 0x00000000a4600000| Untracked 
| 583|0x00000000a4700000, 0x00000000a4700000, 0x00000000a4800000|  0%| F|  |TAMS 0x00000000a4700000| PB 0x00000000a4700000| Untracked 
| 584|0x00000000a4800000, 0x00000000a4800000, 0x00000000a4900000|  0%| F|  |TAMS 0x00000000a4800000| PB 0x00000000a4800000| Untracked 
| 585|0x00000000a4900000, 0x00000000a4900000, 0x00000000a4a00000|  0%| F|  |TAMS 0x00000000a4900000| PB 0x00000000a4900000| Untracked 
| 586|0x00000000a4a00000, 0x00000000a4a00000, 0x00000000a4b00000|  0%| F|  |TAMS 0x00000000a4a00000| PB 0x00000000a4a00000| Untracked 
| 587|0x00000000a4b00000, 0x00000000a4b00000, 0x00000000a4c00000|  0%| F|  |TAMS 0x00000000a4b00000| PB 0x00000000a4b00000| Untracked 
| 588|0x00000000a4c00000, 0x00000000a4c00000, 0x00000000a4d00000|  0%| F|  |TAMS 0x00000000a4c00000| PB 0x00000000a4c00000| Untracked 
| 589|0x00000000a4d00000, 0x00000000a4d00000, 0x00000000a4e00000|  0%| F|  |TAMS 0x00000000a4d00000| PB 0x00000000a4d00000| Untracked 
| 590|0x00000000a4e00000, 0x00000000a4e00000, 0x00000000a4f00000|  0%| F|  |TAMS 0x00000000a4e00000| PB 0x00000000a4e00000| Untracked 
| 591|0x00000000a4f00000, 0x00000000a4f00000, 0x00000000a5000000|  0%| F|  |TAMS 0x00000000a4f00000| PB 0x00000000a4f00000| Untracked 
| 592|0x00000000a5000000, 0x00000000a5000000, 0x00000000a5100000|  0%| F|  |TAMS 0x00000000a5000000| PB 0x00000000a5000000| Untracked 
| 593|0x00000000a5100000, 0x00000000a5100000, 0x00000000a5200000|  0%| F|  |TAMS 0x00000000a5100000| PB 0x00000000a5100000| Untracked 
| 594|0x00000000a5200000, 0x00000000a5200000, 0x00000000a5300000|  0%| F|  |TAMS 0x00000000a5200000| PB 0x00000000a5200000| Untracked 
| 595|0x00000000a5300000, 0x00000000a5300000, 0x00000000a5400000|  0%| F|  |TAMS 0x00000000a5300000| PB 0x00000000a5300000| Untracked 
| 596|0x00000000a5400000, 0x00000000a5400000, 0x00000000a5500000|  0%| F|  |TAMS 0x00000000a5400000| PB 0x00000000a5400000| Untracked 
| 597|0x00000000a5500000, 0x00000000a5500000, 0x00000000a5600000|  0%| F|  |TAMS 0x00000000a5500000| PB 0x00000000a5500000| Untracked 
| 598|0x00000000a5600000, 0x00000000a5600000, 0x00000000a5700000|  0%| F|  |TAMS 0x00000000a5600000| PB 0x00000000a5600000| Untracked 
| 599|0x00000000a5700000, 0x00000000a5700000, 0x00000000a5800000|  0%| F|  |TAMS 0x00000000a5700000| PB 0x00000000a5700000| Untracked 
| 600|0x00000000a5800000, 0x00000000a5800000, 0x00000000a5900000|  0%| F|  |TAMS 0x00000000a5800000| PB 0x00000000a5800000| Untracked 
| 601|0x00000000a5900000, 0x00000000a5900000, 0x00000000a5a00000|  0%| F|  |TAMS 0x00000000a5900000| PB 0x00000000a5900000| Untracked 
| 602|0x00000000a5a00000, 0x00000000a5a00000, 0x00000000a5b00000|  0%| F|  |TAMS 0x00000000a5a00000| PB 0x00000000a5a00000| Untracked 
| 603|0x00000000a5b00000, 0x00000000a5b00000, 0x00000000a5c00000|  0%| F|  |TAMS 0x00000000a5b00000| PB 0x00000000a5b00000| Untracked 
| 604|0x00000000a5c00000, 0x00000000a5c00000, 0x00000000a5d00000|  0%| F|  |TAMS 0x00000000a5c00000| PB 0x00000000a5c00000| Untracked 
| 605|0x00000000a5d00000, 0x00000000a5d00000, 0x00000000a5e00000|  0%| F|  |TAMS 0x00000000a5d00000| PB 0x00000000a5d00000| Untracked 
| 606|0x00000000a5e00000, 0x00000000a5e00000, 0x00000000a5f00000|  0%| F|  |TAMS 0x00000000a5e00000| PB 0x00000000a5e00000| Untracked 
| 607|0x00000000a5f00000, 0x00000000a5f00000, 0x00000000a6000000|  0%| F|  |TAMS 0x00000000a5f00000| PB 0x00000000a5f00000| Untracked 
| 608|0x00000000a6000000, 0x00000000a6000000, 0x00000000a6100000|  0%| F|  |TAMS 0x00000000a6000000| PB 0x00000000a6000000| Untracked 
| 609|0x00000000a6100000, 0x00000000a6100000, 0x00000000a6200000|  0%| F|  |TAMS 0x00000000a6100000| PB 0x00000000a6100000| Untracked 
| 610|0x00000000a6200000, 0x00000000a6200000, 0x00000000a6300000|  0%| F|  |TAMS 0x00000000a6200000| PB 0x00000000a6200000| Untracked 
| 611|0x00000000a6300000, 0x00000000a6300000, 0x00000000a6400000|  0%| F|  |TAMS 0x00000000a6300000| PB 0x00000000a6300000| Untracked 
| 612|0x00000000a6400000, 0x00000000a6400000, 0x00000000a6500000|  0%| F|  |TAMS 0x00000000a6400000| PB 0x00000000a6400000| Untracked 
| 613|0x00000000a6500000, 0x00000000a6500000, 0x00000000a6600000|  0%| F|  |TAMS 0x00000000a6500000| PB 0x00000000a6500000| Untracked 
| 614|0x00000000a6600000, 0x00000000a6600000, 0x00000000a6700000|  0%| F|  |TAMS 0x00000000a6600000| PB 0x00000000a6600000| Untracked 
| 615|0x00000000a6700000, 0x00000000a6700000, 0x00000000a6800000|  0%| F|  |TAMS 0x00000000a6700000| PB 0x00000000a6700000| Untracked 
| 616|0x00000000a6800000, 0x00000000a6800000, 0x00000000a6900000|  0%| F|  |TAMS 0x00000000a6800000| PB 0x00000000a6800000| Untracked 
| 617|0x00000000a6900000, 0x00000000a6900000, 0x00000000a6a00000|  0%| F|  |TAMS 0x00000000a6900000| PB 0x00000000a6900000| Untracked 
| 618|0x00000000a6a00000, 0x00000000a6a00000, 0x00000000a6b00000|  0%| F|  |TAMS 0x00000000a6a00000| PB 0x00000000a6a00000| Untracked 
| 619|0x00000000a6b00000, 0x00000000a6b00000, 0x00000000a6c00000|  0%| F|  |TAMS 0x00000000a6b00000| PB 0x00000000a6b00000| Untracked 
| 620|0x00000000a6c00000, 0x00000000a6c00000, 0x00000000a6d00000|  0%| F|  |TAMS 0x00000000a6c00000| PB 0x00000000a6c00000| Untracked 
| 621|0x00000000a6d00000, 0x00000000a6d00000, 0x00000000a6e00000|  0%| F|  |TAMS 0x00000000a6d00000| PB 0x00000000a6d00000| Untracked 
| 622|0x00000000a6e00000, 0x00000000a6e00000, 0x00000000a6f00000|  0%| F|  |TAMS 0x00000000a6e00000| PB 0x00000000a6e00000| Untracked 
| 623|0x00000000a6f00000, 0x00000000a6f00000, 0x00000000a7000000|  0%| F|  |TAMS 0x00000000a6f00000| PB 0x00000000a6f00000| Untracked 
| 624|0x00000000a7000000, 0x00000000a7000000, 0x00000000a7100000|  0%| F|  |TAMS 0x00000000a7000000| PB 0x00000000a7000000| Untracked 
| 625|0x00000000a7100000, 0x00000000a7100000, 0x00000000a7200000|  0%| F|  |TAMS 0x00000000a7100000| PB 0x00000000a7100000| Untracked 
| 626|0x00000000a7200000, 0x00000000a7200000, 0x00000000a7300000|  0%| F|  |TAMS 0x00000000a7200000| PB 0x00000000a7200000| Untracked 
| 627|0x00000000a7300000, 0x00000000a7300000, 0x00000000a7400000|  0%| F|  |TAMS 0x00000000a7300000| PB 0x00000000a7300000| Untracked 
| 628|0x00000000a7400000, 0x00000000a7400000, 0x00000000a7500000|  0%| F|  |TAMS 0x00000000a7400000| PB 0x00000000a7400000| Untracked 
| 629|0x00000000a7500000, 0x00000000a7500000, 0x00000000a7600000|  0%| F|  |TAMS 0x00000000a7500000| PB 0x00000000a7500000| Untracked 
| 630|0x00000000a7600000, 0x00000000a7600000, 0x00000000a7700000|  0%| F|  |TAMS 0x00000000a7600000| PB 0x00000000a7600000| Untracked 
| 631|0x00000000a7700000, 0x00000000a7700000, 0x00000000a7800000|  0%| F|  |TAMS 0x00000000a7700000| PB 0x00000000a7700000| Untracked 
| 632|0x00000000a7800000, 0x00000000a7800000, 0x00000000a7900000|  0%| F|  |TAMS 0x00000000a7800000| PB 0x00000000a7800000| Untracked 
| 633|0x00000000a7900000, 0x00000000a7900000, 0x00000000a7a00000|  0%| F|  |TAMS 0x00000000a7900000| PB 0x00000000a7900000| Untracked 
| 634|0x00000000a7a00000, 0x00000000a7a00000, 0x00000000a7b00000|  0%| F|  |TAMS 0x00000000a7a00000| PB 0x00000000a7a00000| Untracked 
| 635|0x00000000a7b00000, 0x00000000a7b00000, 0x00000000a7c00000|  0%| F|  |TAMS 0x00000000a7b00000| PB 0x00000000a7b00000| Untracked 
| 636|0x00000000a7c00000, 0x00000000a7c00000, 0x00000000a7d00000|  0%| F|  |TAMS 0x00000000a7c00000| PB 0x00000000a7c00000| Untracked 
| 637|0x00000000a7d00000, 0x00000000a7d00000, 0x00000000a7e00000|  0%| F|  |TAMS 0x00000000a7d00000| PB 0x00000000a7d00000| Untracked 
| 638|0x00000000a7e00000, 0x00000000a7e00000, 0x00000000a7f00000|  0%| F|  |TAMS 0x00000000a7e00000| PB 0x00000000a7e00000| Untracked 
| 639|0x00000000a7f00000, 0x00000000a7f00000, 0x00000000a8000000|  0%| F|  |TAMS 0x00000000a7f00000| PB 0x00000000a7f00000| Untracked 
| 640|0x00000000a8000000, 0x00000000a8000000, 0x00000000a8100000|  0%| F|  |TAMS 0x00000000a8000000| PB 0x00000000a8000000| Untracked 
| 641|0x00000000a8100000, 0x00000000a8100000, 0x00000000a8200000|  0%| F|  |TAMS 0x00000000a8100000| PB 0x00000000a8100000| Untracked 
| 642|0x00000000a8200000, 0x00000000a8200000, 0x00000000a8300000|  0%| F|  |TAMS 0x00000000a8200000| PB 0x00000000a8200000| Untracked 
| 643|0x00000000a8300000, 0x00000000a8300000, 0x00000000a8400000|  0%| F|  |TAMS 0x00000000a8300000| PB 0x00000000a8300000| Untracked 
| 644|0x00000000a8400000, 0x00000000a8400000, 0x00000000a8500000|  0%| F|  |TAMS 0x00000000a8400000| PB 0x00000000a8400000| Untracked 
| 645|0x00000000a8500000, 0x00000000a8500000, 0x00000000a8600000|  0%| F|  |TAMS 0x00000000a8500000| PB 0x00000000a8500000| Untracked 
| 646|0x00000000a8600000, 0x00000000a8600000, 0x00000000a8700000|  0%| F|  |TAMS 0x00000000a8600000| PB 0x00000000a8600000| Untracked 
| 647|0x00000000a8700000, 0x00000000a8700000, 0x00000000a8800000|  0%| F|  |TAMS 0x00000000a8700000| PB 0x00000000a8700000| Untracked 
| 648|0x00000000a8800000, 0x00000000a8800000, 0x00000000a8900000|  0%| F|  |TAMS 0x00000000a8800000| PB 0x00000000a8800000| Untracked 
| 649|0x00000000a8900000, 0x00000000a8900000, 0x00000000a8a00000|  0%| F|  |TAMS 0x00000000a8900000| PB 0x00000000a8900000| Untracked 
| 650|0x00000000a8a00000, 0x00000000a8a00000, 0x00000000a8b00000|  0%| F|  |TAMS 0x00000000a8a00000| PB 0x00000000a8a00000| Untracked 
| 651|0x00000000a8b00000, 0x00000000a8b00000, 0x00000000a8c00000|  0%| F|  |TAMS 0x00000000a8b00000| PB 0x00000000a8b00000| Untracked 
| 652|0x00000000a8c00000, 0x00000000a8c00000, 0x00000000a8d00000|  0%| F|  |TAMS 0x00000000a8c00000| PB 0x00000000a8c00000| Untracked 
| 653|0x00000000a8d00000, 0x00000000a8d00000, 0x00000000a8e00000|  0%| F|  |TAMS 0x00000000a8d00000| PB 0x00000000a8d00000| Untracked 
| 654|0x00000000a8e00000, 0x00000000a8e00000, 0x00000000a8f00000|  0%| F|  |TAMS 0x00000000a8e00000| PB 0x00000000a8e00000| Untracked 
| 655|0x00000000a8f00000, 0x00000000a8f00000, 0x00000000a9000000|  0%| F|  |TAMS 0x00000000a8f00000| PB 0x00000000a8f00000| Untracked 
| 656|0x00000000a9000000, 0x00000000a9000000, 0x00000000a9100000|  0%| F|  |TAMS 0x00000000a9000000| PB 0x00000000a9000000| Untracked 
| 657|0x00000000a9100000, 0x00000000a9100000, 0x00000000a9200000|  0%| F|  |TAMS 0x00000000a9100000| PB 0x00000000a9100000| Untracked 
| 658|0x00000000a9200000, 0x00000000a9200000, 0x00000000a9300000|  0%| F|  |TAMS 0x00000000a9200000| PB 0x00000000a9200000| Untracked 
| 659|0x00000000a9300000, 0x00000000a9300000, 0x00000000a9400000|  0%| F|  |TAMS 0x00000000a9300000| PB 0x00000000a9300000| Untracked 
| 660|0x00000000a9400000, 0x00000000a9400000, 0x00000000a9500000|  0%| F|  |TAMS 0x00000000a9400000| PB 0x00000000a9400000| Untracked 
| 661|0x00000000a9500000, 0x00000000a9500000, 0x00000000a9600000|  0%| F|  |TAMS 0x00000000a9500000| PB 0x00000000a9500000| Untracked 
| 662|0x00000000a9600000, 0x00000000a9600000, 0x00000000a9700000|  0%| F|  |TAMS 0x00000000a9600000| PB 0x00000000a9600000| Untracked 
| 663|0x00000000a9700000, 0x00000000a9700000, 0x00000000a9800000|  0%| F|  |TAMS 0x00000000a9700000| PB 0x00000000a9700000| Untracked 
| 664|0x00000000a9800000, 0x00000000a9800000, 0x00000000a9900000|  0%| F|  |TAMS 0x00000000a9800000| PB 0x00000000a9800000| Untracked 
| 665|0x00000000a9900000, 0x00000000a9900000, 0x00000000a9a00000|  0%| F|  |TAMS 0x00000000a9900000| PB 0x00000000a9900000| Untracked 
| 666|0x00000000a9a00000, 0x00000000a9a00000, 0x00000000a9b00000|  0%| F|  |TAMS 0x00000000a9a00000| PB 0x00000000a9a00000| Untracked 
| 667|0x00000000a9b00000, 0x00000000a9b00000, 0x00000000a9c00000|  0%| F|  |TAMS 0x00000000a9b00000| PB 0x00000000a9b00000| Untracked 
| 668|0x00000000a9c00000, 0x00000000a9c00000, 0x00000000a9d00000|  0%| F|  |TAMS 0x00000000a9c00000| PB 0x00000000a9c00000| Untracked 
| 669|0x00000000a9d00000, 0x00000000a9d00000, 0x00000000a9e00000|  0%| F|  |TAMS 0x00000000a9d00000| PB 0x00000000a9d00000| Untracked 
| 670|0x00000000a9e00000, 0x00000000a9e00000, 0x00000000a9f00000|  0%| F|  |TAMS 0x00000000a9e00000| PB 0x00000000a9e00000| Untracked 
| 671|0x00000000a9f00000, 0x00000000a9f00000, 0x00000000aa000000|  0%| F|  |TAMS 0x00000000a9f00000| PB 0x00000000a9f00000| Untracked 
| 672|0x00000000aa000000, 0x00000000aa000000, 0x00000000aa100000|  0%| F|  |TAMS 0x00000000aa000000| PB 0x00000000aa000000| Untracked 
| 673|0x00000000aa100000, 0x00000000aa100000, 0x00000000aa200000|  0%| F|  |TAMS 0x00000000aa100000| PB 0x00000000aa100000| Untracked 
| 674|0x00000000aa200000, 0x00000000aa200000, 0x00000000aa300000|  0%| F|  |TAMS 0x00000000aa200000| PB 0x00000000aa200000| Untracked 
| 675|0x00000000aa300000, 0x00000000aa300000, 0x00000000aa400000|  0%| F|  |TAMS 0x00000000aa300000| PB 0x00000000aa300000| Untracked 
| 676|0x00000000aa400000, 0x00000000aa400000, 0x00000000aa500000|  0%| F|  |TAMS 0x00000000aa400000| PB 0x00000000aa400000| Untracked 
| 677|0x00000000aa500000, 0x00000000aa500000, 0x00000000aa600000|  0%| F|  |TAMS 0x00000000aa500000| PB 0x00000000aa500000| Untracked 
| 678|0x00000000aa600000, 0x00000000aa600000, 0x00000000aa700000|  0%| F|  |TAMS 0x00000000aa600000| PB 0x00000000aa600000| Untracked 
| 679|0x00000000aa700000, 0x00000000aa700000, 0x00000000aa800000|  0%| F|  |TAMS 0x00000000aa700000| PB 0x00000000aa700000| Untracked 
| 680|0x00000000aa800000, 0x00000000aa800000, 0x00000000aa900000|  0%| F|  |TAMS 0x00000000aa800000| PB 0x00000000aa800000| Untracked 
| 681|0x00000000aa900000, 0x00000000aa900000, 0x00000000aaa00000|  0%| F|  |TAMS 0x00000000aa900000| PB 0x00000000aa900000| Untracked 
| 682|0x00000000aaa00000, 0x00000000aaa00000, 0x00000000aab00000|  0%| F|  |TAMS 0x00000000aaa00000| PB 0x00000000aaa00000| Untracked 
| 683|0x00000000aab00000, 0x00000000aab00000, 0x00000000aac00000|  0%| F|  |TAMS 0x00000000aab00000| PB 0x00000000aab00000| Untracked 
| 684|0x00000000aac00000, 0x00000000aac00000, 0x00000000aad00000|  0%| F|  |TAMS 0x00000000aac00000| PB 0x00000000aac00000| Untracked 
| 685|0x00000000aad00000, 0x00000000aad00000, 0x00000000aae00000|  0%| F|  |TAMS 0x00000000aad00000| PB 0x00000000aad00000| Untracked 
| 686|0x00000000aae00000, 0x00000000aae00000, 0x00000000aaf00000|  0%| F|  |TAMS 0x00000000aae00000| PB 0x00000000aae00000| Untracked 
| 687|0x00000000aaf00000, 0x00000000aaf00000, 0x00000000ab000000|  0%| F|  |TAMS 0x00000000aaf00000| PB 0x00000000aaf00000| Untracked 
| 688|0x00000000ab000000, 0x00000000ab000000, 0x00000000ab100000|  0%| F|  |TAMS 0x00000000ab000000| PB 0x00000000ab000000| Untracked 
| 689|0x00000000ab100000, 0x00000000ab100000, 0x00000000ab200000|  0%| F|  |TAMS 0x00000000ab100000| PB 0x00000000ab100000| Untracked 
| 690|0x00000000ab200000, 0x00000000ab200000, 0x00000000ab300000|  0%| F|  |TAMS 0x00000000ab200000| PB 0x00000000ab200000| Untracked 
| 691|0x00000000ab300000, 0x00000000ab300000, 0x00000000ab400000|  0%| F|  |TAMS 0x00000000ab300000| PB 0x00000000ab300000| Untracked 
| 692|0x00000000ab400000, 0x00000000ab400000, 0x00000000ab500000|  0%| F|  |TAMS 0x00000000ab400000| PB 0x00000000ab400000| Untracked 
| 693|0x00000000ab500000, 0x00000000ab500000, 0x00000000ab600000|  0%| F|  |TAMS 0x00000000ab500000| PB 0x00000000ab500000| Untracked 
| 694|0x00000000ab600000, 0x00000000ab600000, 0x00000000ab700000|  0%| F|  |TAMS 0x00000000ab600000| PB 0x00000000ab600000| Untracked 
| 695|0x00000000ab700000, 0x00000000ab700000, 0x00000000ab800000|  0%| F|  |TAMS 0x00000000ab700000| PB 0x00000000ab700000| Untracked 
| 696|0x00000000ab800000, 0x00000000ab800000, 0x00000000ab900000|  0%| F|  |TAMS 0x00000000ab800000| PB 0x00000000ab800000| Untracked 
| 697|0x00000000ab900000, 0x00000000ab900000, 0x00000000aba00000|  0%| F|  |TAMS 0x00000000ab900000| PB 0x00000000ab900000| Untracked 
| 698|0x00000000aba00000, 0x00000000aba00000, 0x00000000abb00000|  0%| F|  |TAMS 0x00000000aba00000| PB 0x00000000aba00000| Untracked 
| 699|0x00000000abb00000, 0x00000000abb00000, 0x00000000abc00000|  0%| F|  |TAMS 0x00000000abb00000| PB 0x00000000abb00000| Untracked 
| 700|0x00000000abc00000, 0x00000000abc00000, 0x00000000abd00000|  0%| F|  |TAMS 0x00000000abc00000| PB 0x00000000abc00000| Untracked 
| 701|0x00000000abd00000, 0x00000000abd00000, 0x00000000abe00000|  0%| F|  |TAMS 0x00000000abd00000| PB 0x00000000abd00000| Untracked 
| 702|0x00000000abe00000, 0x00000000abe00000, 0x00000000abf00000|  0%| F|  |TAMS 0x00000000abe00000| PB 0x00000000abe00000| Untracked 
| 703|0x00000000abf00000, 0x00000000abf00000, 0x00000000ac000000|  0%| F|  |TAMS 0x00000000abf00000| PB 0x00000000abf00000| Untracked 
| 704|0x00000000ac000000, 0x00000000ac000000, 0x00000000ac100000|  0%| F|  |TAMS 0x00000000ac000000| PB 0x00000000ac000000| Untracked 
| 705|0x00000000ac100000, 0x00000000ac100000, 0x00000000ac200000|  0%| F|  |TAMS 0x00000000ac100000| PB 0x00000000ac100000| Untracked 
| 706|0x00000000ac200000, 0x00000000ac200000, 0x00000000ac300000|  0%| F|  |TAMS 0x00000000ac200000| PB 0x00000000ac200000| Untracked 
| 707|0x00000000ac300000, 0x00000000ac300000, 0x00000000ac400000|  0%| F|  |TAMS 0x00000000ac300000| PB 0x00000000ac300000| Untracked 
| 708|0x00000000ac400000, 0x00000000ac400000, 0x00000000ac500000|  0%| F|  |TAMS 0x00000000ac400000| PB 0x00000000ac400000| Untracked 
| 709|0x00000000ac500000, 0x00000000ac500000, 0x00000000ac600000|  0%| F|  |TAMS 0x00000000ac500000| PB 0x00000000ac500000| Untracked 
| 710|0x00000000ac600000, 0x00000000ac600000, 0x00000000ac700000|  0%| F|  |TAMS 0x00000000ac600000| PB 0x00000000ac600000| Untracked 
| 711|0x00000000ac700000, 0x00000000ac700000, 0x00000000ac800000|  0%| F|  |TAMS 0x00000000ac700000| PB 0x00000000ac700000| Untracked 
| 712|0x00000000ac800000, 0x00000000ac800000, 0x00000000ac900000|  0%| F|  |TAMS 0x00000000ac800000| PB 0x00000000ac800000| Untracked 
| 713|0x00000000ac900000, 0x00000000ac900000, 0x00000000aca00000|  0%| F|  |TAMS 0x00000000ac900000| PB 0x00000000ac900000| Untracked 
| 714|0x00000000aca00000, 0x00000000aca00000, 0x00000000acb00000|  0%| F|  |TAMS 0x00000000aca00000| PB 0x00000000aca00000| Untracked 
| 715|0x00000000acb00000, 0x00000000acb00000, 0x00000000acc00000|  0%| F|  |TAMS 0x00000000acb00000| PB 0x00000000acb00000| Untracked 
| 716|0x00000000acc00000, 0x00000000acc00000, 0x00000000acd00000|  0%| F|  |TAMS 0x00000000acc00000| PB 0x00000000acc00000| Untracked 
| 717|0x00000000acd00000, 0x00000000acd00000, 0x00000000ace00000|  0%| F|  |TAMS 0x00000000acd00000| PB 0x00000000acd00000| Untracked 
| 718|0x00000000ace00000, 0x00000000ace00000, 0x00000000acf00000|  0%| F|  |TAMS 0x00000000ace00000| PB 0x00000000ace00000| Untracked 
| 719|0x00000000acf00000, 0x00000000acf00000, 0x00000000ad000000|  0%| F|  |TAMS 0x00000000acf00000| PB 0x00000000acf00000| Untracked 
| 720|0x00000000ad000000, 0x00000000ad000000, 0x00000000ad100000|  0%| F|  |TAMS 0x00000000ad000000| PB 0x00000000ad000000| Untracked 
| 721|0x00000000ad100000, 0x00000000ad100000, 0x00000000ad200000|  0%| F|  |TAMS 0x00000000ad100000| PB 0x00000000ad100000| Untracked 
| 722|0x00000000ad200000, 0x00000000ad200000, 0x00000000ad300000|  0%| F|  |TAMS 0x00000000ad200000| PB 0x00000000ad200000| Untracked 
| 723|0x00000000ad300000, 0x00000000ad300000, 0x00000000ad400000|  0%| F|  |TAMS 0x00000000ad300000| PB 0x00000000ad300000| Untracked 
| 724|0x00000000ad400000, 0x00000000ad400000, 0x00000000ad500000|  0%| F|  |TAMS 0x00000000ad400000| PB 0x00000000ad400000| Untracked 
| 725|0x00000000ad500000, 0x00000000ad500000, 0x00000000ad600000|  0%| F|  |TAMS 0x00000000ad500000| PB 0x00000000ad500000| Untracked 
| 726|0x00000000ad600000, 0x00000000ad600000, 0x00000000ad700000|  0%| F|  |TAMS 0x00000000ad600000| PB 0x00000000ad600000| Untracked 
| 727|0x00000000ad700000, 0x00000000ad700000, 0x00000000ad800000|  0%| F|  |TAMS 0x00000000ad700000| PB 0x00000000ad700000| Untracked 
| 728|0x00000000ad800000, 0x00000000ad800000, 0x00000000ad900000|  0%| F|  |TAMS 0x00000000ad800000| PB 0x00000000ad800000| Untracked 
| 729|0x00000000ad900000, 0x00000000ad900000, 0x00000000ada00000|  0%| F|  |TAMS 0x00000000ad900000| PB 0x00000000ad900000| Untracked 
| 730|0x00000000ada00000, 0x00000000ada00000, 0x00000000adb00000|  0%| F|  |TAMS 0x00000000ada00000| PB 0x00000000ada00000| Untracked 
| 731|0x00000000adb00000, 0x00000000adb00000, 0x00000000adc00000|  0%| F|  |TAMS 0x00000000adb00000| PB 0x00000000adb00000| Untracked 
| 732|0x00000000adc00000, 0x00000000adc00000, 0x00000000add00000|  0%| F|  |TAMS 0x00000000adc00000| PB 0x00000000adc00000| Untracked 
| 733|0x00000000add00000, 0x00000000add00000, 0x00000000ade00000|  0%| F|  |TAMS 0x00000000add00000| PB 0x00000000add00000| Untracked 
| 734|0x00000000ade00000, 0x00000000ade00000, 0x00000000adf00000|  0%| F|  |TAMS 0x00000000ade00000| PB 0x00000000ade00000| Untracked 
| 735|0x00000000adf00000, 0x00000000adf00000, 0x00000000ae000000|  0%| F|  |TAMS 0x00000000adf00000| PB 0x00000000adf00000| Untracked 
| 736|0x00000000ae000000, 0x00000000ae000000, 0x00000000ae100000|  0%| F|  |TAMS 0x00000000ae000000| PB 0x00000000ae000000| Untracked 
| 737|0x00000000ae100000, 0x00000000ae100000, 0x00000000ae200000|  0%| F|  |TAMS 0x00000000ae100000| PB 0x00000000ae100000| Untracked 
| 738|0x00000000ae200000, 0x00000000ae200000, 0x00000000ae300000|  0%| F|  |TAMS 0x00000000ae200000| PB 0x00000000ae200000| Untracked 
| 739|0x00000000ae300000, 0x00000000ae300000, 0x00000000ae400000|  0%| F|  |TAMS 0x00000000ae300000| PB 0x00000000ae300000| Untracked 
| 740|0x00000000ae400000, 0x00000000ae400000, 0x00000000ae500000|  0%| F|  |TAMS 0x00000000ae400000| PB 0x00000000ae400000| Untracked 
| 741|0x00000000ae500000, 0x00000000ae500000, 0x00000000ae600000|  0%| F|  |TAMS 0x00000000ae500000| PB 0x00000000ae500000| Untracked 
| 742|0x00000000ae600000, 0x00000000ae600000, 0x00000000ae700000|  0%| F|  |TAMS 0x00000000ae600000| PB 0x00000000ae600000| Untracked 
| 743|0x00000000ae700000, 0x00000000ae700000, 0x00000000ae800000|  0%| F|  |TAMS 0x00000000ae700000| PB 0x00000000ae700000| Untracked 
| 744|0x00000000ae800000, 0x00000000ae800000, 0x00000000ae900000|  0%| F|  |TAMS 0x00000000ae800000| PB 0x00000000ae800000| Untracked 
| 745|0x00000000ae900000, 0x00000000ae97d700, 0x00000000aea00000| 48%| E|  |TAMS 0x00000000ae900000| PB 0x00000000ae900000| Complete 
| 746|0x00000000aea00000, 0x00000000aeb00000, 0x00000000aeb00000|100%| E|CS|TAMS 0x00000000aea00000| PB 0x00000000aea00000| Complete 
| 747|0x00000000aeb00000, 0x00000000aec00000, 0x00000000aec00000|100%| E|CS|TAMS 0x00000000aeb00000| PB 0x00000000aeb00000| Complete 
| 748|0x00000000aec00000, 0x00000000aed00000, 0x00000000aed00000|100%| E|CS|TAMS 0x00000000aec00000| PB 0x00000000aec00000| Complete 
| 749|0x00000000aed00000, 0x00000000aee00000, 0x00000000aee00000|100%| E|CS|TAMS 0x00000000aed00000| PB 0x00000000aed00000| Complete 
| 750|0x00000000aee00000, 0x00000000aef00000, 0x00000000aef00000|100%| E|CS|TAMS 0x00000000aee00000| PB 0x00000000aee00000| Complete 
| 751|0x00000000aef00000, 0x00000000af000000, 0x00000000af000000|100%| E|CS|TAMS 0x00000000aef00000| PB 0x00000000aef00000| Complete 
| 752|0x00000000af000000, 0x00000000af100000, 0x00000000af100000|100%| E|CS|TAMS 0x00000000af000000| PB 0x00000000af000000| Complete 
| 753|0x00000000af100000, 0x00000000af200000, 0x00000000af200000|100%| E|CS|TAMS 0x00000000af100000| PB 0x00000000af100000| Complete 
| 754|0x00000000af200000, 0x00000000af300000, 0x00000000af300000|100%| E|CS|TAMS 0x00000000af200000| PB 0x00000000af200000| Complete 
| 755|0x00000000af300000, 0x00000000af400000, 0x00000000af400000|100%| E|CS|TAMS 0x00000000af300000| PB 0x00000000af300000| Complete 
| 756|0x00000000af400000, 0x00000000af500000, 0x00000000af500000|100%| E|CS|TAMS 0x00000000af400000| PB 0x00000000af400000| Complete 
|1991|0x00000000fc700000, 0x00000000fc800000, 0x00000000fc800000|100%| E|CS|TAMS 0x00000000fc700000| PB 0x00000000fc700000| Complete 
|1992|0x00000000fc800000, 0x00000000fc900000, 0x00000000fc900000|100%| E|CS|TAMS 0x00000000fc800000| PB 0x00000000fc800000| Complete 
|1993|0x00000000fc900000, 0x00000000fca00000, 0x00000000fca00000|100%| E|CS|TAMS 0x00000000fc900000| PB 0x00000000fc900000| Complete 
|1994|0x00000000fca00000, 0x00000000fcb00000, 0x00000000fcb00000|100%| O|  |TAMS 0x00000000fca00000| PB 0x00000000fca00000| Untracked 
|1995|0x00000000fcb00000, 0x00000000fcc00000, 0x00000000fcc00000|100%| O|  |TAMS 0x00000000fcb00000| PB 0x00000000fcb00000| Untracked 
|1996|0x00000000fcc00000, 0x00000000fcd00000, 0x00000000fcd00000|100%| O|  |TAMS 0x00000000fcc00000| PB 0x00000000fcc00000| Untracked 
|1997|0x00000000fcd00000, 0x00000000fce00000, 0x00000000fce00000|100%| O|  |TAMS 0x00000000fcd00000| PB 0x00000000fcd00000| Untracked 
|1998|0x00000000fce00000, 0x00000000fcf00000, 0x00000000fcf00000|100%| O|  |TAMS 0x00000000fce00000| PB 0x00000000fce00000| Untracked 
|1999|0x00000000fcf00000, 0x00000000fd000000, 0x00000000fd000000|100%| O|  |TAMS 0x00000000fcf00000| PB 0x00000000fcf00000| Untracked 
|2000|0x00000000fd000000, 0x00000000fd100000, 0x00000000fd100000|100%| O|  |TAMS 0x00000000fd000000| PB 0x00000000fd000000| Untracked 
|2001|0x00000000fd100000, 0x00000000fd200000, 0x00000000fd200000|100%| O|  |TAMS 0x00000000fd100000| PB 0x00000000fd100000| Untracked 
|2002|0x00000000fd200000, 0x00000000fd300000, 0x00000000fd300000|100%| O|  |TAMS 0x00000000fd200000| PB 0x00000000fd200000| Untracked 
|2003|0x00000000fd300000, 0x00000000fd400000, 0x00000000fd400000|100%| O|  |TAMS 0x00000000fd300000| PB 0x00000000fd300000| Untracked 
|2004|0x00000000fd400000, 0x00000000fd500000, 0x00000000fd500000|100%| O|  |TAMS 0x00000000fd400000| PB 0x00000000fd400000| Untracked 
|2005|0x00000000fd500000, 0x00000000fd600000, 0x00000000fd600000|100%| O|  |TAMS 0x00000000fd500000| PB 0x00000000fd500000| Untracked 
|2006|0x00000000fd600000, 0x00000000fd700000, 0x00000000fd700000|100%| O|  |TAMS 0x00000000fd600000| PB 0x00000000fd600000| Untracked 
|2007|0x00000000fd700000, 0x00000000fd800000, 0x00000000fd800000|100%| O|  |TAMS 0x00000000fd700000| PB 0x00000000fd700000| Untracked 
|2008|0x00000000fd800000, 0x00000000fd900000, 0x00000000fd900000|100%| O|  |TAMS 0x00000000fd800000| PB 0x00000000fd800000| Untracked 
|2009|0x00000000fd900000, 0x00000000fda00000, 0x00000000fda00000|100%| O|  |TAMS 0x00000000fd900000| PB 0x00000000fd900000| Untracked 
|2010|0x00000000fda00000, 0x00000000fdb00000, 0x00000000fdb00000|100%| O|  |TAMS 0x00000000fda00000| PB 0x00000000fda00000| Untracked 
|2011|0x00000000fdb00000, 0x00000000fdc00000, 0x00000000fdc00000|100%| O|  |TAMS 0x00000000fdb00000| PB 0x00000000fdb00000| Untracked 
|2012|0x00000000fdc00000, 0x00000000fdd00000, 0x00000000fdd00000|100%| O|  |TAMS 0x00000000fdc00000| PB 0x00000000fdc00000| Untracked 
|2013|0x00000000fdd00000, 0x00000000fde00000, 0x00000000fde00000|100%| O|  |TAMS 0x00000000fdd00000| PB 0x00000000fdd00000| Untracked 
|2014|0x00000000fde00000, 0x00000000fdf00000, 0x00000000fdf00000|100%| O|  |TAMS 0x00000000fde00000| PB 0x00000000fde00000| Untracked 
|2015|0x00000000fdf00000, 0x00000000fe000000, 0x00000000fe000000|100%| O|  |TAMS 0x00000000fdf00000| PB 0x00000000fdf00000| Untracked 
|2016|0x00000000fe000000, 0x00000000fe100000, 0x00000000fe100000|100%| O|  |TAMS 0x00000000fe000000| PB 0x00000000fe000000| Untracked 
|2017|0x00000000fe100000, 0x00000000fe200000, 0x00000000fe200000|100%| O|  |TAMS 0x00000000fe100000| PB 0x00000000fe100000| Untracked 
|2018|0x00000000fe200000, 0x00000000fe300000, 0x00000000fe300000|100%| O|  |TAMS 0x00000000fe200000| PB 0x00000000fe200000| Untracked 
|2019|0x00000000fe300000, 0x00000000fe400000, 0x00000000fe400000|100%| O|  |TAMS 0x00000000fe300000| PB 0x00000000fe300000| Untracked 
|2020|0x00000000fe400000, 0x00000000fe500000, 0x00000000fe500000|100%| O|  |TAMS 0x00000000fe400000| PB 0x00000000fe400000| Untracked 
|2021|0x00000000fe500000, 0x00000000fe600000, 0x00000000fe600000|100%| O|  |TAMS 0x00000000fe500000| PB 0x00000000fe500000| Untracked 
|2022|0x00000000fe600000, 0x00000000fe700000, 0x00000000fe700000|100%| O|  |TAMS 0x00000000fe600000| PB 0x00000000fe600000| Untracked 
|2023|0x00000000fe700000, 0x00000000fe800000, 0x00000000fe800000|100%| O|  |TAMS 0x00000000fe700000| PB 0x00000000fe700000| Untracked 
|2024|0x00000000fe800000, 0x00000000fe900000, 0x00000000fe900000|100%| O|  |TAMS 0x00000000fe800000| PB 0x00000000fe800000| Untracked 
|2025|0x00000000fe900000, 0x00000000fea00000, 0x00000000fea00000|100%| O|  |TAMS 0x00000000fe900000| PB 0x00000000fe900000| Untracked 
|2026|0x00000000fea00000, 0x00000000feb00000, 0x00000000feb00000|100%| O|  |TAMS 0x00000000fea00000| PB 0x00000000fea00000| Untracked 
|2027|0x00000000feb00000, 0x00000000fec00000, 0x00000000fec00000|100%| O|  |TAMS 0x00000000feb00000| PB 0x00000000feb00000| Untracked 
|2028|0x00000000fec00000, 0x00000000fed00000, 0x00000000fed00000|100%| O|  |TAMS 0x00000000fec00000| PB 0x00000000fec00000| Untracked 
|2029|0x00000000fed00000, 0x00000000fee00000, 0x00000000fee00000|100%| O|  |TAMS 0x00000000fed00000| PB 0x00000000fed00000| Untracked 
|2030|0x00000000fee00000, 0x00000000fef00000, 0x00000000fef00000|100%| O|  |TAMS 0x00000000fee00000| PB 0x00000000fee00000| Untracked 
|2031|0x00000000fef00000, 0x00000000ff000000, 0x00000000ff000000|100%| O|  |TAMS 0x00000000fef00000| PB 0x00000000fef00000| Untracked 
|2032|0x00000000ff000000, 0x00000000ff100000, 0x00000000ff100000|100%| O|  |TAMS 0x00000000ff000000| PB 0x00000000ff000000| Untracked 
|2033|0x00000000ff100000, 0x00000000ff200000, 0x00000000ff200000|100%| O|  |TAMS 0x00000000ff100000| PB 0x00000000ff100000| Untracked 
|2034|0x00000000ff200000, 0x00000000ff300000, 0x00000000ff300000|100%| O|  |TAMS 0x00000000ff200000| PB 0x00000000ff200000| Untracked 
|2035|0x00000000ff300000, 0x00000000ff400000, 0x00000000ff400000|100%| O|  |TAMS 0x00000000ff300000| PB 0x00000000ff300000| Untracked 
|2036|0x00000000ff400000, 0x00000000ff500000, 0x00000000ff500000|100%| O|  |TAMS 0x00000000ff400000| PB 0x00000000ff400000| Untracked 
|2037|0x00000000ff500000, 0x00000000ff600000, 0x00000000ff600000|100%| O|  |TAMS 0x00000000ff500000| PB 0x00000000ff500000| Untracked 
|2038|0x00000000ff600000, 0x00000000ff700000, 0x00000000ff700000|100%| O|  |TAMS 0x00000000ff600000| PB 0x00000000ff600000| Untracked 
|2039|0x00000000ff700000, 0x00000000ff800000, 0x00000000ff800000|100%| O|  |TAMS 0x00000000ff700000| PB 0x00000000ff700000| Untracked 
|2040|0x00000000ff800000, 0x00000000ff900000, 0x00000000ff900000|100%| O|  |TAMS 0x00000000ff800000| PB 0x00000000ff800000| Untracked 
|2041|0x00000000ff900000, 0x00000000ffa00000, 0x00000000ffa00000|100%| O|  |TAMS 0x00000000ff900000| PB 0x00000000ff900000| Untracked 
|2042|0x00000000ffa00000, 0x00000000ffb00000, 0x00000000ffb00000|100%| O|  |TAMS 0x00000000ffa00000| PB 0x00000000ffa00000| Untracked 
|2043|0x00000000ffb00000, 0x00000000ffc00000, 0x00000000ffc00000|100%| O|  |TAMS 0x00000000ffb00000| PB 0x00000000ffb00000| Untracked 
|2044|0x00000000ffc00000, 0x00000000ffd00000, 0x00000000ffd00000|100%| E|CS|TAMS 0x00000000ffc00000| PB 0x00000000ffc00000| Complete 
|2045|0x00000000ffd00000, 0x00000000ffe00000, 0x00000000ffe00000|100%| O|  |TAMS 0x00000000ffd00000| PB 0x00000000ffd00000| Untracked 
|2046|0x00000000ffe00000, 0x00000000fff00000, 0x00000000fff00000|100%| O|  |TAMS 0x00000000ffe00000| PB 0x00000000ffe00000| Untracked 
|2047|0x00000000fff00000, 0x0000000100000000, 0x0000000100000000|100%| O|Cm|TAMS 0x00000000fff00000| PB 0x00000000fff00000| Complete 

Card table byte_map: [0x00007f227de00000,0x00007f227e200000] _byte_map_base: 0x00007f227da00000

Marking Bits: (CMBitMap*) 0x00007f229006cc90
 Bits: [0x00007f227be00000, 0x00007f227de00000)

Polling page: 0x00007f2296974000

Metaspace:

Usage:
  Non-class:     32.54 MB used.
      Class:      3.71 MB used.
       Both:     36.24 MB used.

Virtual space:
  Non-class space:       64.00 MB reserved,      32.75 MB ( 51%) committed,  1 nodes.
      Class space:        1.00 GB reserved,       3.94 MB ( <1%) committed,  1 nodes.
             Both:        1.06 GB reserved,      36.69 MB (  3%) committed. 

Chunk freelists:
   Non-Class:  14.67 MB
       Class:  12.11 MB
        Both:  26.78 MB

MaxMetaspaceSize: unlimited
CompressedClassSpaceSize: 1.00 GB
Initial GC threshold: 21.00 MB
Current GC threshold: 60.44 MB
CDS: off
 - commit_granule_bytes: 65536.
 - commit_granule_words: 8192.
 - virtual_space_node_default_size: 8388608.
 - enlarge_chunks_in_place: 1.
 - use_allocation_guard: 0.


Internal statistics:

num_allocs_failed_limit: 3.
num_arena_births: 456.
num_arena_deaths: 0.
num_vsnodes_births: 2.
num_vsnodes_deaths: 0.
num_space_committed: 586.
num_space_uncommitted: 0.
num_chunks_returned_to_freelist: 3.
num_chunks_taken_from_freelist: 1374.
num_chunk_merges: 3.
num_chunk_splits: 880.
num_chunks_enlarged: 602.
num_inconsistent_stats: 0.

CodeHeap 'non-profiled nmethods': size=119168Kb used=5900Kb max_used=7450Kb free=113267Kb
 bounds [0x00007f22861a0000, 0x00007f22868f0000, 0x00007f228d600000]
CodeHeap 'profiled nmethods': size=119164Kb used=10203Kb max_used=12937Kb free=108961Kb
 bounds [0x00007f227e600000, 0x00007f227f2b0000, 0x00007f2285a5f000]
CodeHeap 'non-nmethods': size=7428Kb used=1719Kb max_used=3461Kb free=5708Kb
 bounds [0x00007f2285a5f000, 0x00007f2285dcf000, 0x00007f22861a0000]
CodeCache: size=245760Kb, used=17822Kb, max_used=23848Kb, free=227936Kb
 total_blobs=6419, nmethods=5780, adapters=543, full_count=0
Compilation: enabled, stopped_count=0, restarted_count=0

Compilation events (20 events):
Event: 19.964 Thread 0x00007f22901e9700 8297       4       java.io.StringWriter::write (11 bytes)
Event: 19.971 Thread 0x00007f22901e9700 nmethod 8297 0x00007f2286421510 code [0x00007f2286421700, 0x00007f2286422118]
Event: 19.971 Thread 0x00007f22901e9700 8175       4       java.lang.reflect.AccessibleObject::checkAccess (40 bytes)
Event: 19.978 Thread 0x00007f22901e9700 nmethod 8175 0x00007f2286262910 code [0x00007f2286262b60, 0x00007f2286263408]
Event: 19.978 Thread 0x00007f22901e9700 8180       4       java.lang.reflect.AccessibleObject::verifyAccess (55 bytes)
Event: 19.985 Thread 0x00007f22901e9700 nmethod 8180 0x00007f228632c110 code [0x00007f228632c360, 0x00007f228632cb08]
Event: 19.985 Thread 0x00007f22901e9700 8220       4       java.lang.StringBuilder::<init> (6 bytes)
Event: 19.986 Thread 0x00007f22901e9700 nmethod 8220 0x00007f22862d4090 code [0x00007f22862d4220, 0x00007f22862d4498]
Event: 19.986 Thread 0x00007f22901e9700 8296       4       jdk.internal.org.objectweb.asm.ByteVector::put122 (93 bytes)
Event: 19.988 Thread 0x00007f22901e9700 nmethod 8296 0x00007f2286389290 code [0x00007f2286389420, 0x00007f2286389640]
Event: 71.827 Thread 0x00007f22901eadc0 8302       1       org.bsplines.ltexls.parsing.CachedFragment::getLastAccessMillis (5 bytes)
Event: 71.827 Thread 0x00007f22901eadc0 nmethod 8302 0x00007f22862b7210 code [0x00007f22862b73a0, 0x00007f22862b7468]
Event: 131.824 Thread 0x00007f22901eadc0 8303       3       org.bsplines.ltexls.parsing.FragmentCache$$Lambda/0x00000001003de670::test (9 bytes)
Event: 131.825 Thread 0x00007f22901eadc0 nmethod 8303 0x00007f227e865b90 code [0x00007f227e865d40, 0x00007f227e866068]
Event: 131.825 Thread 0x00007f22901eadc0 8304       3       org.bsplines.ltexls.parsing.FragmentCache::evictIdleOlderThan$lambda$1 (14 bytes)
Event: 131.825 Thread 0x00007f22901eadc0 nmethod 8304 0x00007f227ee60290 code [0x00007f227ee60440, 0x00007f227ee606e8]
Event: 131.825 Thread 0x00007f22901eadc0 8305       3       org.bsplines.ltexls.parsing.FragmentCache$$Lambda/0x00000001003de450::invoke (15 bytes)
Event: 131.825 Thread 0x00007f22901eadc0 nmethod 8305 0x00007f227e9a3910 code [0x00007f227e9a3b80, 0x00007f227e9a4568]
Event: 131.825 Thread 0x00007f22901eadc0 8306       3       org.bsplines.ltexls.parsing.FragmentCache::evictIdleOlderThan$lambda$0 (29 bytes)
Event: 131.826 Thread 0x00007f22901eadc0 nmethod 8306 0x00007f227ecf5e10 code [0x00007f227ecf6040, 0x00007f227ecf67d8]

GC Heap History (20 events):
Event: 17.251 GC heap before
{Heap before GC invocations=41 (full 0):
 garbage-first heap   total 833536K, used 759238K [0x0000000080000000, 0x0000000100000000)
  region size 1024K, 288 young (294912K), 21 survivors (21504K)
 Metaspace       used 36712K, committed 37056K, reserved 1114112K
  class space    used 3765K, committed 3904K, reserved 1048576K
}
Event: 17.267 GC heap after
{Heap after GC invocations=42 (full 0):
 garbage-first heap   total 833536K, used 487047K [0x0000000080000000, 0x0000000100000000)
  region size 1024K, 5 young (5120K), 5 survivors (5120K)
 Metaspace       used 36712K, committed 37056K, reserved 1114112K
  class space    used 3765K, committed 3904K, reserved 1048576K
}
Event: 17.709 GC heap before
{Heap before GC invocations=42 (full 0):
 garbage-first heap   total 833536K, used 772743K [0x0000000080000000, 0x0000000100000000)
  region size 1024K, 284 young (290816K), 5 survivors (5120K)
 Metaspace       used 36749K, committed 37120K, reserved 1114112K
  class space    used 3765K, committed 3904K, reserved 1048576K
}
Event: 17.713 GC heap after
{Heap after GC invocations=43 (full 0):
 garbage-first heap   total 833536K, used 486272K [0x0000000080000000, 0x0000000100000000)
  region size 1024K, 4 young (4096K), 4 survivors (4096K)
 Metaspace       used 36749K, committed 37120K, reserved 1114112K
  class space    used 3765K, committed 3904K, reserved 1048576K
}
Event: 18.013 GC heap before
{Heap before GC invocations=44 (full 0):
 garbage-first heap   total 833536K, used 783232K [0x0000000080000000, 0x0000000100000000)
  region size 1024K, 294 young (301056K), 4 survivors (4096K)
 Metaspace       used 36757K, committed 37120K, reserved 1114112K
  class space    used 3769K, committed 3904K, reserved 1048576K
}
Event: 18.016 GC heap after
{Heap after GC invocations=45 (full 0):
 garbage-first heap   total 833536K, used 486449K [0x0000000080000000, 0x0000000100000000)
  region size 1024K, 4 young (4096K), 4 survivors (4096K)
 Metaspace       used 36757K, committed 37120K, reserved 1114112K
  class space    used 3769K, committed 3904K, reserved 1048576K
}
Event: 18.179 GC heap before
{Heap before GC invocations=45 (full 0):
 garbage-first heap   total 833536K, used 789553K [0x0000000080000000, 0x0000000100000000)
  region size 1024K, 300 young (307200K), 4 survivors (4096K)
 Metaspace       used 36757K, committed 37120K, reserved 1114112K
  class space    used 3769K, committed 3904K, reserved 1048576K
}
Event: 18.183 GC heap after
{Heap after GC invocations=46 (full 0):
 garbage-first heap   total 833536K, used 483374K [0x0000000080000000, 0x0000000100000000)
  region size 1024K, 4 young (4096K), 4 survivors (4096K)
 Metaspace       used 36757K, committed 37120K, reserved 1114112K
  class space    used 3769K, committed 3904K, reserved 1048576K
}
Event: 18.352 GC heap before
{Heap before GC invocations=46 (full 0):
 garbage-first heap   total 833536K, used 789550K [0x0000000080000000, 0x0000000100000000)
  region size 1024K, 303 young (310272K), 4 survivors (4096K)
 Metaspace       used 36757K, committed 37120K, reserved 1114112K
  class space    used 3769K, committed 3904K, reserved 1048576K
}
Event: 18.354 GC heap after
{Heap after GC invocations=47 (full 0):
 garbage-first heap   total 833536K, used 483406K [0x0000000080000000, 0x0000000100000000)
  region size 1024K, 4 young (4096K), 4 survivors (4096K)
 Metaspace       used 36757K, committed 37120K, reserved 1114112K
  class space    used 3769K, committed 3904K, reserved 1048576K
}
Event: 18.520 GC heap before
{Heap before GC invocations=47 (full 0):
 garbage-first heap   total 833536K, used 789582K [0x0000000080000000, 0x0000000100000000)
  region size 1024K, 303 young (310272K), 4 survivors (4096K)
 Metaspace       used 36758K, committed 37120K, reserved 1114112K
  class space    used 3769K, committed 3904K, reserved 1048576K
}
Event: 18.524 GC heap after
{Heap after GC invocations=48 (full 0):
 garbage-first heap   total 833536K, used 483602K [0x0000000080000000, 0x0000000100000000)
  region size 1024K, 4 young (4096K), 4 survivors (4096K)
 Metaspace       used 36758K, committed 37120K, reserved 1114112K
  class space    used 3769K, committed 3904K, reserved 1048576K
}
Event: 18.827 GC heap before
{Heap before GC invocations=49 (full 0):
 garbage-first heap   total 833536K, used 789778K [0x0000000080000000, 0x0000000100000000)
  region size 1024K, 303 young (310272K), 4 survivors (4096K)
 Metaspace       used 36765K, committed 37120K, reserved 1114112K
  class space    used 3769K, committed 3904K, reserved 1048576K
}
Event: 18.829 GC heap after
{Heap after GC invocations=50 (full 0):
 garbage-first heap   total 833536K, used 483510K [0x0000000080000000, 0x0000000100000000)
  region size 1024K, 4 young (4096K), 4 survivors (4096K)
 Metaspace       used 36765K, committed 37120K, reserved 1114112K
  class space    used 3769K, committed 3904K, reserved 1048576K
}
Event: 19.039 GC heap before
{Heap before GC invocations=50 (full 0):
 garbage-first heap   total 833536K, used 789686K [0x0000000080000000, 0x0000000100000000)
  region size 1024K, 303 young (310272K), 4 survivors (4096K)
 Metaspace       used 36767K, committed 37120K, reserved 1114112K
  class space    used 3769K, committed 3904K, reserved 1048576K
}
Event: 19.046 GC heap after
{Heap after GC invocations=51 (full 0):
 garbage-first heap   total 833536K, used 481110K [0x0000000080000000, 0x0000000100000000)
  region size 1024K, 4 young (4096K), 4 survivors (4096K)
 Metaspace       used 36767K, committed 37120K, reserved 1114112K
  class space    used 3769K, committed 3904K, reserved 1048576K
}
Event: 19.370 GC heap before
{Heap before GC invocations=51 (full 0):
 garbage-first heap   total 833536K, used 790358K [0x0000000080000000, 0x0000000100000000)
  region size 1024K, 306 young (313344K), 4 survivors (4096K)
 Metaspace       used 36768K, committed 37120K, reserved 1114112K
  class space    used 3769K, committed 3904K, reserved 1048576K
}
Event: 19.373 GC heap after
{Heap after GC invocations=52 (full 0):
 garbage-first heap   total 833536K, used 481044K [0x0000000080000000, 0x0000000100000000)
  region size 1024K, 4 young (4096K), 4 survivors (4096K)
 Metaspace       used 36768K, committed 37120K, reserved 1114112K
  class space    used 3769K, committed 3904K, reserved 1048576K
}
Event: 19.868 GC heap before
{Heap before GC invocations=53 (full 0):
 garbage-first heap   total 833536K, used 790292K [0x0000000080000000, 0x0000000100000000)
  region size 1024K, 306 young (313344K), 4 survivors (4096K)
 Metaspace       used 36903K, committed 37248K, reserved 1114112K
  class space    used 3779K, committed 3904K, reserved 1048576K
}
Event: 19.871 GC heap after
{Heap after GC invocations=54 (full 0):
 garbage-first heap   total 833536K, used 481165K [0x0000000080000000, 0x0000000100000000)
  region size 1024K, 4 young (4096K), 4 survivors (4096K)
 Metaspace       used 36903K, committed 37248K, reserved 1114112K
  class space    used 3779K, committed 3904K, reserved 1048576K
}

Dll operation events (9 events):
Event: 0.006 Loaded shared library /home/yusen/.vscode/extensions/ltex-plus.vscode-ltex-plus-15.7.1/lib/ltex-ls-plus-18.7.0/jdk-21.0.10+7/lib/libjava.so
Event: 0.011 Loaded shared library /home/yusen/.vscode/extensions/ltex-plus.vscode-ltex-plus-15.7.1/lib/ltex-ls-plus-18.7.0/jdk-21.0.10+7/lib/libzip.so
Event: 0.050 Loaded shared library /home/yusen/.vscode/extensions/ltex-plus.vscode-ltex-plus-15.7.1/lib/ltex-ls-plus-18.7.0/jdk-21.0.10+7/lib/libjsvml.so
Event: 0.081 Loaded shared library /home/yusen/.vscode/extensions/ltex-plus.vscode-ltex-plus-15.7.1/lib/ltex-ls-plus-18.7.0/jdk-21.0.10+7/lib/libnio.so
Event: 0.087 Loaded shared library /home/yusen/.vscode/extensions/ltex-plus.vscode-ltex-plus-15.7.1/lib/ltex-ls-plus-18.7.0/jdk-21.0.10+7/lib/libzip.so
Event: 0.207 Loaded shared library /home/yusen/.vscode/extensions/ltex-plus.vscode-ltex-plus-15.7.1/lib/ltex-ls-plus-18.7.0/jdk-21.0.10+7/lib/libjimage.so
Event: 0.219 Loaded shared library /home/yusen/.vscode/extensions/ltex-plus.vscode-ltex-plus-15.7.1/lib/ltex-ls-plus-18.7.0/jdk-21.0.10+7/lib/libnet.so
Event: 0.223 Loaded shared library /tmp/jansi-2.4.3-bc5d56ac9d3c3639-libjansi.so
Event: 0.243 Loaded shared library /home/yusen/.vscode/extensions/ltex-plus.vscode-ltex-plus-15.7.1/lib/ltex-ls-plus-18.7.0/jdk-21.0.10+7/lib/libverify.so

Deoptimization events (20 events):
Event: 19.906 Thread 0x00007f221410d600 DEOPT PACKING pc=0x00007f227ebdb898 sp=0x00007f2246ff9de0
Event: 19.906 Thread 0x00007f221410d600 DEOPT UNPACKING pc=0x00007f2285ab714f sp=0x00007f2246ff92a0 mode 0
Event: 19.906 Thread 0x00007f221410d600 DEOPT PACKING pc=0x00007f227ebdb898 sp=0x00007f2246ff9de0
Event: 19.906 Thread 0x00007f221410d600 DEOPT UNPACKING pc=0x00007f2285ab714f sp=0x00007f2246ff92a0 mode 0
Event: 19.907 Thread 0x00007f221410d600 DEOPT PACKING pc=0x00007f227ebdb898 sp=0x00007f2246ff9de0
Event: 19.907 Thread 0x00007f221410d600 DEOPT UNPACKING pc=0x00007f2285ab714f sp=0x00007f2246ff92a0 mode 0
Event: 19.908 Thread 0x00007f221410d600 DEOPT PACKING pc=0x00007f227ebdb898 sp=0x00007f2246ff9de0
Event: 19.908 Thread 0x00007f221410d600 DEOPT UNPACKING pc=0x00007f2285ab714f sp=0x00007f2246ff92a0 mode 0
Event: 19.908 Thread 0x00007f221410d600 DEOPT PACKING pc=0x00007f227ebdb898 sp=0x00007f2246ff9de0
Event: 19.908 Thread 0x00007f221410d600 DEOPT UNPACKING pc=0x00007f2285ab714f sp=0x00007f2246ff92a0 mode 0
Event: 19.909 Thread 0x00007f221410d600 DEOPT PACKING pc=0x00007f227ebdb898 sp=0x00007f2246ff9de0
Event: 19.909 Thread 0x00007f221410d600 DEOPT UNPACKING pc=0x00007f2285ab714f sp=0x00007f2246ff92a0 mode 0
Event: 19.910 Thread 0x00007f221410d600 DEOPT PACKING pc=0x00007f227ebdb898 sp=0x00007f2246ff9de0
Event: 19.910 Thread 0x00007f221410d600 DEOPT UNPACKING pc=0x00007f2285ab714f sp=0x00007f2246ff92a0 mode 0
Event: 19.910 Thread 0x00007f221410d600 DEOPT PACKING pc=0x00007f227ebdb898 sp=0x00007f2246ff9cf0
Event: 19.910 Thread 0x00007f221410d600 DEOPT UNPACKING pc=0x00007f2285ab714f sp=0x00007f2246ff91b0 mode 0
Event: 19.911 Thread 0x00007f221410d600 DEOPT PACKING pc=0x00007f227ebdb898 sp=0x00007f2246ff9cf0
Event: 19.911 Thread 0x00007f221410d600 DEOPT UNPACKING pc=0x00007f2285ab714f sp=0x00007f2246ff91b0 mode 0
Event: 19.912 Thread 0x00007f221410d600 DEOPT PACKING pc=0x00007f227ebdb898 sp=0x00007f2246ff9cf0
Event: 19.912 Thread 0x00007f221410d600 DEOPT UNPACKING pc=0x00007f2285ab714f sp=0x00007f2246ff91b0 mode 0

Classes loaded (20 events):
Event: 16.225 Loading class java/util/stream/Node$Builder$OfInt done
Event: 16.225 Loading class java/util/stream/Nodes$IntArrayNode
Event: 16.226 Loading class java/util/stream/Nodes$IntArrayNode done
Event: 16.226 Loading class java/util/stream/Nodes$IntFixedNodeBuilder done
Event: 16.227 Loading class java/lang/StringUTF16$CodePointsSpliterator
Event: 16.227 Loading class java/lang/StringUTF16$CodePointsSpliterator done
Event: 16.227 Loading class java/util/stream/Nodes$IntSpinedNodeBuilder
Event: 16.227 Loading class java/util/stream/SpinedBuffer$OfInt
Event: 16.227 Loading class java/util/stream/SpinedBuffer$OfPrimitive
Event: 16.227 Loading class java/util/stream/SpinedBuffer$OfPrimitive done
Event: 16.227 Loading class java/util/stream/SpinedBuffer$OfInt done
Event: 16.228 Loading class java/util/stream/Nodes$IntSpinedNodeBuilder done
Event: 17.167 Loading class java/util/concurrent/atomic/AtomicReference
Event: 17.168 Loading class java/util/concurrent/atomic/AtomicReference done
Event: 19.671 Loading class java/util/AbstractList$RandomAccessSpliterator
Event: 19.671 Loading class java/util/AbstractList$RandomAccessSpliterator done
Event: 19.914 Loading class java/net/URLEncoder
Event: 19.914 Loading class java/net/URLEncoder done
Event: 19.914 Loading class java/io/CharArrayWriter
Event: 19.915 Loading class java/io/CharArrayWriter done

Classes unloaded (0 events):
No events

Classes redefined (0 events):
No events

Internal exceptions (20 events):
Event: 12.126 Thread 0x00007f221410d600 Exception <a 'java/lang/NoSuchMethodError'{0x00000000accc8d18}: 'java.lang.Object java.lang.invoke.Invokers$Holder.linkToTargetMethod(java.lang.Object, java.lang.Object, int, java.lang.Object)'> (0x00000000accc8d18) 
thrown [src/hotspot/share/interpreter/linkResolver.cpp, line 772]
Event: 12.155 Thread 0x00007f221410d600 Exception <a 'java/lang/NoSuchMethodError'{0x00000000acae3288}: 'int java.lang.invoke.DirectMethodHandle$Holder.invokeStaticInit(java.lang.Object, int)'> (0x00000000acae3288) 
thrown [src/hotspot/share/interpreter/linkResolver.cpp, line 772]
Event: 12.162 Thread 0x00007f221410d600 Exception <a 'java/lang/NoSuchMethodError'{0x00000000ac94bd58}: 'void java.lang.invoke.DirectMethodHandle$Holder.invokeStaticInit(java.lang.Object, java.lang.Object, java.lang.Object)'> (0x00000000ac94bd58) 
thrown [src/hotspot/share/interpreter/linkResolver.cpp, line 772]
Event: 12.191 Thread 0x00007f221410d600 Exception <a 'java/lang/NoSuchMethodError'{0x00000000ac8ac650}: 'java.lang.Object java.lang.invoke.DirectMethodHandle$Holder.newInvokeSpecial(java.lang.Object, java.lang.Object, java.lang.Object, java.lang.Object, java.lang.Object, java.lang.Object, java.lang.Object)'> (0x00000000ac8ac650) 
thrown [src/hotspot/share/interpreter/linkResolver.cpp, line 772]
Event: 12.198 Thread 0x00007f221410d600 Exception <a 'java/lang/NoSuchMethodError'{0x00000000ac72e818}: 'int java.lang.invoke.DirectMethodHandle$Holder.invokeStatic(java.lang.Object, int, int, int, int)'> (0x00000000ac72e818) 
thrown [src/hotspot/share/interpreter/linkResolver.cpp, line 772]
Event: 12.233 Thread 0x00007f221410d600 Exception <a 'java/lang/NoSuchMethodError'{0x00000000ac5a4e10}: 'int java.lang.invoke.DirectMethodHandle$Holder.invokeSpecialIFC(java.lang.Object, java.lang.Object, int)'> (0x00000000ac5a4e10) 
thrown [src/hotspot/share/interpreter/linkResolver.cpp, line 772]
Event: 12.393 Thread 0x00007f221410d600 Exception <a 'java/lang/NoSuchMethodError'{0x00000000abb3abb0}: 'java.lang.Object java.lang.invoke.DirectMethodHandle$Holder.invokeVirtual(java.lang.Object, java.lang.Object, java.lang.Object, java.lang.Object)'> (0x00000000abb3abb0) 
thrown [src/hotspot/share/interpreter/linkResolver.cpp, line 772]
Event: 13.050 Thread 0x00007f221410d600 Implicit null exception at 0x00007f228623d220 to 0x00007f228623dab4
Event: 13.050 Thread 0x00007f221410d600 Implicit null exception at 0x00007f22862092a0 to 0x00007f2286209b30
Event: 13.052 Thread 0x00007f221410d600 Implicit null exception at 0x00007f2286269c3a to 0x00007f2286269c74
Event: 13.388 Thread 0x00007f221410d600 Exception <a 'java/lang/NoSuchMethodError'{0x000000009d799218}: 'java.lang.Object java.lang.invoke.DirectMethodHandle$Holder.newInvokeSpecial(java.lang.Object, java.lang.Object, java.lang.Object, java.lang.Object, java.lang.Object, java.lang.Object)'> (0x000000009d799218) 
thrown [src/hotspot/share/interpreter/linkResolver.cpp, line 772]
Event: 15.967 Thread 0x00007f221410d600 Exception <a 'java/lang/NoSuchMethodError'{0x00000000aee80d08}: 'int java.lang.invoke.DirectMethodHandle$Holder.invokeVirtual(java.lang.Object, java.lang.Object, java.lang.Object, java.lang.Object)'> (0x00000000aee80d08) 
thrown [src/hotspot/share/interpreter/linkResolver.cpp, line 772]
Event: 15.969 Thread 0x00007f221410d600 Exception <a 'java/lang/NoSuchMethodError'{0x00000000aee95758}: 'java.lang.Object java.lang.invoke.DirectMethodHandle$Holder.newInvokeSpecial(java.lang.Object, java.lang.Object, java.lang.Object, int, java.lang.Object, java.lang.Object, java.lang.Object)'> (0x00000000aee95758) 
thrown [src/hotspot/share/interpreter/linkResolver.cpp, line 772]
Event: 15.981 Thread 0x00007f221410d600 Exception <a 'java/lang/NoSuchMethodError'{0x00000000aed51448}: 'java.lang.Object java.lang.invoke.DirectMethodHandle$Holder.invokeSpecial(java.lang.Object, java.lang.Object, int, int, float, float, float)'> (0x00000000aed51448) 
thrown [src/hotspot/share/interpreter/linkResolver.cpp, line 772]
Event: 16.115 Thread 0x00007f221410d600 Implicit null exception at 0x00007f22864b9def to 0x00007f22864b9ea0
Event: 16.115 Thread 0x00007f221410d600 Implicit null exception at 0x00007f22862d28ef to 0x00007f22862d29a0
Event: 17.165 Thread 0x00007f221410d600 Exception <a 'java/lang/NoSuchMethodError'{0x00000000a1f6d418}: 'java.lang.Object java.lang.invoke.DirectMethodHandle$Holder.newInvokeSpecial(java.lang.Object, java.lang.Object, long, java.lang.Object, java.lang.Object, java.lang.Object, java.lang.Object, java.lang.Object, java.lang.Object, java.lang.Object, java.lang.Object, java.lang.Object, java.lang.Object, java.lang.Object, java.lang.Object)'> (0x00000000a1f6d418) 
thrown [src/hotspot/share/interpreter/linkResolver.cpp, line 772]
Event: 17.175 Thread 0x00007f221410d600 Exception <a 'java/lang/NoSuchMethodError'{0x00000000a1ff7d18}: 'int java.lang.invoke.DirectMethodHandle$Holder.invokeSpecial(java.lang.Object, java.lang.Object, java.lang.Object, java.lang.Object)'> (0x00000000a1ff7d18) 
thrown [src/hotspot/share/interpreter/linkResolver.cpp, line 772]
Event: 19.674 Thread 0x00007f221410d600 Exception <a 'java/lang/NoSuchMethodError'{0x000000009eed3540}: 'int java.lang.invoke.DirectMethodHandle$Holder.invokeVirtual(java.lang.Object, java.lang.Object)'> (0x000000009eed3540) 
thrown [src/hotspot/share/interpreter/linkResolver.cpp, line 772]
Event: 71.826 Thread 0x00007f2291128f60 Exception <a 'java/lang/NoSuchMethodError'{0x00000000ae906600}: 'java.lang.Object java.lang.invoke.DirectMethodHandle$Holder.newInvokeSpecial(java.lang.Object, long)'> (0x00000000ae906600) 
thrown [src/hotspot/share/interpreter/linkResolver.cpp, line 772]

ZGC Phase Switch (0 events):
No events

VM Operations (20 events):
Event: 18.777 Executing safepoint VM operation: G1PauseCleanup
Event: 18.777 Executing safepoint VM operation: G1PauseCleanup done
Event: 18.827 Executing safepoint VM operation: G1CollectForAllocation (G1 Evacuation Pause)
Event: 18.830 Executing safepoint VM operation: G1CollectForAllocation (G1 Evacuation Pause) done
Event: 19.039 Executing safepoint VM operation: G1CollectForAllocation (G1 Evacuation Pause)
Event: 19.046 Executing safepoint VM operation: G1CollectForAllocation (G1 Evacuation Pause) done
Event: 19.370 Executing safepoint VM operation: G1CollectForAllocation (G1 Evacuation Pause)
Event: 19.373 Executing safepoint VM operation: G1CollectForAllocation (G1 Evacuation Pause) done
Event: 19.595 Executing safepoint VM operation: G1PauseRemark
Event: 19.597 Executing safepoint VM operation: G1PauseRemark done
Event: 19.774 Executing safepoint VM operation: G1PauseCleanup
Event: 19.774 Executing safepoint VM operation: G1PauseCleanup done
Event: 19.868 Executing safepoint VM operation: G1CollectForAllocation (G1 Evacuation Pause)
Event: 19.871 Executing safepoint VM operation: G1CollectForAllocation (G1 Evacuation Pause) done
Event: 20.871 Executing safepoint VM operation: Cleanup
Event: 20.871 Executing safepoint VM operation: Cleanup done
Event: 60.092 Executing non-safepoint VM operation: HandshakeAllThreads (HandshakeForDeflation)
Event: 60.092 Executing non-safepoint VM operation: HandshakeAllThreads (HandshakeForDeflation) done
Event: 60.092 Executing non-safepoint VM operation: RendezvousGCThreads
Event: 60.092 Executing non-safepoint VM operation: RendezvousGCThreads done

Memory protections (20 events):
Event: 0.074 Protecting memory [0x00007f2247afc000,0x00007f2247b00000] with protection modes 0
Event: 0.078 Protecting memory [0x00007f22479fb000,0x00007f22479ff000] with protection modes 0
Event: 0.124 Protecting memory [0x00007f22478fa000,0x00007f22478fe000] with protection modes 0
Event: 0.204 Protecting memory [0x00007f22477f9000,0x00007f22477fd000] with protection modes 0
Event: 0.940 Protecting memory [0x00007f2246ffd000,0x00007f2247001000] with protection modes 0
Event: 0.940 Protecting memory [0x00007f2246efc000,0x00007f2246f00000] with protection modes 0
Event: 0.946 Protecting memory [0x00007f2246dfb000,0x00007f2246dff000] with protection modes 0
Event: 1.038 Protecting memory [0x00007f22464f2000,0x00007f22464f6000] with protection modes 0
Event: 1.062 Protecting memory [0x00007f22463f1000,0x00007f22463f5000] with protection modes 0
Event: 1.641 Protecting memory [0x00007f22461ef000,0x00007f22461f3000] with protection modes 0
Event: 8.417 Protecting memory [0x00007f22478fa000,0x00007f22478fe000] with protection modes 0
Event: 9.211 Protecting memory [0x00007f22478fa000,0x00007f22478fe000] with protection modes 0
Event: 9.415 Protecting memory [0x00007f2246ffd000,0x00007f2247001000] with protection modes 0
Event: 11.826 Protecting memory [0x00007f22478fa000,0x00007f22478fe000] with protection modes 0
Event: 11.956 Protecting memory [0x00007f2246ffd000,0x00007f2247001000] with protection modes 0
Event: 12.075 Protecting memory [0x00007f2246efc000,0x00007f2246f00000] with protection modes 0
Event: 13.398 Protecting memory [0x00007f22463f1000,0x00007f22463f5000] with protection modes 0
Event: 14.601 Protecting memory [0x00007f22461ef000,0x00007f22461f3000] with protection modes 0
Event: 17.630 Protecting memory [0x00007f22463f1000,0x00007f22463f5000] with protection modes 0
Event: 17.630 Protecting memory [0x00007f22461ef000,0x00007f22461f3000] with protection modes 0

Nmethod flushes (20 events):
Event: 19.597 Thread 0x00007f229010dc60 flushing  nmethod 0x00007f227f206190
Event: 19.597 Thread 0x00007f229010dc60 flushing  nmethod 0x00007f227f27e290
Event: 19.597 Thread 0x00007f229010dc60 flushing  nmethod 0x00007f227f282c10
Event: 19.597 Thread 0x00007f229010dc60 flushing  nmethod 0x00007f227f283210
Event: 19.597 Thread 0x00007f229010dc60 flushing  nmethod 0x00007f227f283890
Event: 19.597 Thread 0x00007f229010dc60 flushing  nmethod 0x00007f2286449c90
Event: 19.597 Thread 0x00007f229010dc60 flushing  nmethod 0x00007f227e722510
Event: 19.597 Thread 0x00007f229010dc60 flushing  nmethod 0x00007f227e723310
Event: 19.597 Thread 0x00007f229010dc60 flushing  nmethod 0x00007f227efd9a90
Event: 19.597 Thread 0x00007f229010dc60 flushing  nmethod 0x00007f227f15b610
Event: 19.597 Thread 0x00007f229010dc60 flushing  nmethod 0x00007f227f277890
Event: 19.597 Thread 0x00007f229010dc60 flushing  nmethod 0x00007f2286872a10
Event: 19.597 Thread 0x00007f229010dc60 flushing  nmethod 0x00007f2286873590
Event: 19.597 Thread 0x00007f229010dc60 flushing  nmethod 0x00007f2286877f90
Event: 19.597 Thread 0x00007f229010dc60 flushing  nmethod 0x00007f227edc6a90
Event: 19.597 Thread 0x00007f229010dc60 flushing  nmethod 0x00007f227ee4c610
Event: 19.597 Thread 0x00007f229010dc60 flushing  nmethod 0x00007f227f1fb810
Event: 19.597 Thread 0x00007f229010dc60 flushing  nmethod 0x00007f227f178190
Event: 19.597 Thread 0x00007f229010dc60 flushing  nmethod 0x00007f227f268590
Event: 19.597 Thread 0x00007f229010dc60 flushing  nmethod 0x00007f227f26db10

Events (20 events):
Event: 8.417 Thread 0x00007f223809f240 Thread added: 0x00007f2230492d10
Event: 8.801 Thread 0x00007f2230492d10 Thread exited: 0x00007f2230492d10
Event: 9.211 Thread 0x00007f223809f240 Thread added: 0x00007f2230492d10
Event: 9.415 Thread 0x00007f2230492d10 Thread added: 0x00007f222c9648b0
Event: 9.802 Thread 0x00007f222c9648b0 Thread exited: 0x00007f222c9648b0
Event: 9.803 Thread 0x00007f2230492d10 Thread exited: 0x00007f2230492d10
Event: 11.826 Thread 0x00007f2290032c60 Thread added: 0x00007f2291128f60
Event: 11.956 Thread 0x00007f2290032c60 Thread added: 0x00007f22911a21c0
Event: 12.075 Thread 0x00007f22911a21c0 Thread added: 0x00007f221410d600
Event: 13.398 Thread 0x00007f223c26d9a0 Thread added: 0x00007f21e00e5eb0
Event: 14.601 Thread 0x00007f223c2699d0 Thread added: 0x00007f220c328020
Event: 15.716 Thread 0x00007f220c328020 Thread exited: 0x00007f220c328020
Event: 17.354 Thread 0x00007f21e00e5eb0 Thread exited: 0x00007f21e00e5eb0
Event: 17.630 Thread 0x00007f22901e9700 Thread added: 0x00007f2238a915a0
Event: 17.630 Thread 0x00007f22901e9700 Thread added: 0x00007f22388e0aa0
Event: 17.976 Thread 0x00007f22388e0aa0 Thread exited: 0x00007f22388e0aa0
Event: 17.976 Thread 0x00007f2238a915a0 Thread exited: 0x00007f2238a915a0
Event: 24.926 Thread 0x00007f223c26d9a0 Thread exited: 0x00007f223c26d9a0
Event: 24.926 Thread 0x00007f223c2699d0 Thread exited: 0x00007f223c2699d0
Event: 29.926 Thread 0x00007f223809f240 Thread exited: 0x00007f223809f240


Dynamic libraries:
80000000-af500000 rw-p 00000000 00:00 0 
af500000-fc700000 ---p 00000000 00:00 0 
fc700000-100040000 rw-p 00000000 00:00 0 
100040000-1000c0000 rw-p 00000000 00:00 0 
1000c0000-100100000 rw-p 00000000 00:00 0 
100100000-100140000 rw-p 00000000 00:00 0 
100140000-1001c0000 rw-p 00000000 00:00 0 
1001c0000-100240000 rw-p 00000000 00:00 0 
100240000-100280000 rw-p 00000000 00:00 0 
100280000-1003f0000 rw-p 00000000 00:00 0 
1003f0000-140000000 ---p 00000000 00:00 0 
55926f9ac000-55926f9ad000 r-xp 00000000 103:04 1076469689                /home/yusen/.vscode/extensions/ltex-plus.vscode-ltex-plus-15.7.1/lib/ltex-ls-plus-18.7.0/jdk-21.0.10+7/bin/java
55926f9ae000-55926f9af000 r--p 00001000 103:04 1076469689                /home/yusen/.vscode/extensions/ltex-plus.vscode-ltex-plus-15.7.1/lib/ltex-ls-plus-18.7.0/jdk-21.0.10+7/bin/java
55926f9af000-55926f9b0000 rw-p 00002000 103:04 1076469689                /home/yusen/.vscode/extensions/ltex-plus.vscode-ltex-plus-15.7.1/lib/ltex-ls-plus-18.7.0/jdk-21.0.10+7/bin/java
5592aa21b000-5592aa262000 rw-p 00000000 00:00 0                          [heap]
7f21d8000000-7f21d8021000 rw-p 00000000 00:00 0 
7f21d8021000-7f21dc000000 ---p 00000000 00:00 0 
7f21dc000000-7f21dcec7000 rw-p 00000000 00:00 0 
7f21dcec7000-7f21e0000000 ---p 00000000 00:00 0 
7f21e0000000-7f21e0505000 rw-p 00000000 00:00 0 
7f21e0505000-7f21e4000000 ---p 00000000 00:00 0 
7f21e4000000-7f21e5587000 rw-p 00000000 00:00 0 
7f21e5587000-7f21e8000000 ---p 00000000 00:00 0 
7f21e8000000-7f21e807b000 rw-p 00000000 00:00 0 
7f21e807b000-7f21ec000000 ---p 00000000 00:00 0 
7f21ec000000-7f21ec09c000 rw-p 00000000 00:00 0 
7f21ec09c000-7f21f0000000 ---p 00000000 00:00 0 
7f21f0000000-7f21f0021000 rw-p 00000000 00:00 0 
7f21f0021000-7f21f4000000 ---p 00000000 00:00 0 
7f21f4000000-7f21f4021000 rw-p 00000000 00:00 0 
7f21f4021000-7f21f8000000 ---p 00000000 00:00 0 
7f21f8000000-7f21f8021000 rw-p 00000000 00:00 0 
7f21f8021000-7f21fc000000 ---p 00000000 00:00 0 
7f21fc000000-7f21fc021000 rw-p 00000000 00:00 0 
7f21fc021000-7f2200000000 ---p 00000000 00:00 0 
7f2200000000-7f2200021000 rw-p 00000000 00:00 0 
7f2200021000-7f2204000000 ---p 00000000 00:00 0 
7f2204000000-7f2204021000 rw-p 00000000 00:00 0 
7f2204021000-7f2208000000 ---p 00000000 00:00 0 
7f2208000000-7f2208e75000 rw-p 00000000 00:00 0 
7f2208e75000-7f220c000000 ---p 00000000 00:00 0 
7f220c000000-7f220c344000 rw-p 00000000 00:00 0 
7f220c344000-7f2210000000 ---p 00000000 00:00 0 
7f2210000000-7f2210021000 rw-p 00000000 00:00 0 
7f2210021000-7f2214000000 ---p 00000000 00:00 0 
7f2214000000-7f2215528000 rw-p 00000000 00:00 0 
7f2215528000-7f2218000000 ---p 00000000 00:00 0 
7f2218000000-7f2218021000 rw-p 00000000 00:00 0 
7f2218021000-7f221c000000 ---p 00000000 00:00 0 
7f221c000000-7f221c021000 rw-p 00000000 00:00 0 
7f221c021000-7f2220000000 ---p 00000000 00:00 0 
7f2220000000-7f2220021000 rw-p 00000000 00:00 0 
7f2220021000-7f2224000000 ---p 00000000 00:00 0 
7f2224000000-7f2224021000 rw-p 00000000 00:00 0 
7f2224021000-7f2228000000 ---p 00000000 00:00 0 
7f2228000000-7f2228021000 rw-p 00000000 00:00 0 
7f2228021000-7f222c000000 ---p 00000000 00:00 0 
7f222c000000-7f222d458000 rw-p 00000000 00:00 0 
7f222d458000-7f2230000000 ---p 00000000 00:00 0 
7f2230000000-7f22304ac000 rw-p 00000000 00:00 0 
7f22304ac000-7f2234000000 ---p 00000000 00:00 0 
7f2234000000-7f2234021000 rw-p 00000000 00:00 0 
7f2234021000-7f2238000000 ---p 00000000 00:00 0 
7f2238000000-7f2239e05000 rw-p 00000000 00:00 0 
7f2239e05000-7f223c000000 ---p 00000000 00:00 0 
7f223c000000-7f223c4fd000 rw-p 00000000 00:00 0 
7f223c4fd000-7f2240000000 ---p 00000000 00:00 0 
7f2240000000-7f2240021000 rw-p 00000000 00:00 0 
7f2240021000-7f2244000000 ---p 00000000 00:00 0 
7f2245f07000-7f22461ee000 rw-p 00000000 00:00 0 
7f22461ee000-7f22461ef000 rw-p 00000000 00:00 0 
7f22461ef000-7f22461f3000 ---p 00000000 00:00 0 
7f22461f3000-7f22463f1000 rw-p 00000000 00:00 0 
7f22463f1000-7f22463f5000 ---p 00000000 00:00 0 
7f22463f5000-7f22464f2000 rw-p 00000000 00:00 0 
7f22464f2000-7f22464f6000 ---p 00000000 00:00 0 
7f22464f6000-7f2246dfb000 rw-p 00000000 00:00 0 
7f2246dfb000-7f2246dff000 ---p 00000000 00:00 0 
7f2246dff000-7f2246efc000 rw-p 00000000 00:00 0 
7f2246efc000-7f2246f00000 ---p 00000000 00:00 0 
7f2246f00000-7f2246ffd000 rw-p 00000000 00:00 0 
7f2246ffd000-7f2247001000 ---p 00000000 00:00 0 
7f2247001000-7f2247400000 rw-p 00000000 00:00 0 
7f2247400000-7f2247403000 r-xp 00000000 00:33 16523508                   /tmp/jansi-2.4.3-bc5d56ac9d3c3639-libjansi.so
7f2247403000-7f2247602000 ---p 00003000 00:33 16523508                   /tmp/jansi-2.4.3-bc5d56ac9d3c3639-libjansi.so
7f2247602000-7f2247603000 r--p 00002000 00:33 16523508                   /tmp/jansi-2.4.3-bc5d56ac9d3c3639-libjansi.so
7f2247603000-7f2247604000 rw-p 00003000 00:33 16523508                   /tmp/jansi-2.4.3-bc5d56ac9d3c3639-libjansi.so
7f22476f7000-7f22477f9000 rw-p 00000000 00:00 0 
7f22477f9000-7f22477fd000 ---p 00000000 00:00 0 
7f22477fd000-7f22478fa000 rw-p 00000000 00:00 0 
7f22478fa000-7f22478fe000 ---p 00000000 00:00 0 
7f22478fe000-7f22479fb000 rw-p 00000000 00:00 0 
7f22479fb000-7f22479ff000 ---p 00000000 00:00 0 
7f22479ff000-7f2247afc000 rw-p 00000000 00:00 0 
7f2247afc000-7f2247b00000 ---p 00000000 00:00 0 
7f2247b00000-7f2247bfd000 rw-p 00000000 00:00 0 
7f2247bfd000-7f2247c01000 ---p 00000000 00:00 0 
7f2247c01000-7f2247cfe000 rw-p 00000000 00:00 0 
7f2247cfe000-7f2247d02000 ---p 00000000 00:00 0 
7f2247d02000-7f2247dff000 rw-p 00000000 00:00 0 
7f2247dff000-7f2247e03000 ---p 00000000 00:00 0 
7f2247e03000-7f2247f00000 rw-p 00000000 00:00 0 
7f2247f00000-7f2247f04000 ---p 00000000 00:00 0 
7f2247f04000-7f2248000000 rw-p 00000000 00:00 0 
7f2248000000-7f2248021000 rw-p 00000000 00:00 0 
7f2248021000-7f224c000000 ---p 00000000 00:00 0 
7f224c000000-7f224c021000 rw-p 00000000 00:00 0 
7f224c021000-7f2250000000 ---p 00000000 00:00 0 
7f2250000000-7f2250021000 rw-p 00000000 00:00 0 
7f2250021000-7f2254000000 ---p 00000000 00:00 0 
7f2254000000-7f2254021000 rw-p 00000000 00:00 0 
7f2254021000-7f2258000000 ---p 00000000 00:00 0 
7f2258000000-7f2258500000 rw-p 00000000 00:00 0 
7f2258500000-7f2258540000 rw-p 00000000 00:00 0 
7f2258540000-7f2258580000 rw-p 00000000 00:00 0 
7f2258580000-7f2258700000 rw-p 00000000 00:00 0 
7f2258700000-7f22587a0000 rw-p 00000000 00:00 0 
7f22587a0000-7f22587c0000 rw-p 00000000 00:00 0 
7f22587c0000-7f2258900000 rw-p 00000000 00:00 0 
7f2258900000-7f22589a0000 rw-p 00000000 00:00 0 
7f22589a0000-7f22589c0000 rw-p 00000000 00:00 0 
7f22589c0000-7f2258b00000 rw-p 00000000 00:00 0 
7f2258b00000-7f2258b80000 rw-p 00000000 00:00 0 
7f2258b80000-7f2258c00000 rw-p 00000000 00:00 0 
7f2258c00000-7f2258d00000 rw-p 00000000 00:00 0 
7f2258d00000-7f2258f20000 rw-p 00000000 00:00 0 
7f2258f20000-7f2258f40000 rw-p 00000000 00:00 0 
7f2258f40000-7f2258f80000 rw-p 00000000 00:00 0 
7f2258f80000-7f2259100000 rw-p 00000000 00:00 0 
7f2259100000-7f2259200000 rw-p 00000000 00:00 0 
7f2259200000-7f2259400000 rw-p 00000000 00:00 0 
7f2259400000-7f2259500000 rw-p 00000000 00:00 0 
7f2259500000-7f2259600000 rw-p 00000000 00:00 0 
7f2259600000-7f2259700000 rw-p 00000000 00:00 0 
7f2259700000-7f2259800000 rw-p 00000000 00:00 0 
7f2259800000-7f2259d80000 rw-p 00000000 00:00 0 
7f2259d80000-7f2259e00000 rw-p 00000000 00:00 0 
7f2259e00000-7f2259f00000 rw-p 00000000 00:00 0 
7f2259f00000-7f2259f60000 rw-p 00000000 00:00 0 
7f2259f60000-7f225a000000 ---p 00000000 00:00 0 
7f225a000000-7f225a160000 rw-p 00000000 00:00 0 
7f225a160000-7f225c000000 ---p 00000000 00:00 0 
7f225c000000-7f225c18f000 rw-p 00000000 00:00 0 
7f225c18f000-7f2260000000 ---p 00000000 00:00 0 
7f2260000000-7f226028a000 rw-p 00000000 00:00 0 
7f226028a000-7f2264000000 ---p 00000000 00:00 0 
7f2264000000-7f2264021000 rw-p 00000000 00:00 0 
7f2264021000-7f2268000000 ---p 00000000 00:00 0 
7f2268000000-7f2268021000 rw-p 00000000 00:00 0 
7f2268021000-7f226c000000 ---p 00000000 00:00 0 
7f226c000000-7f226c021000 rw-p 00000000 00:00 0 
7f226c021000-7f2270000000 ---p 00000000 00:00 0 
7f2270000000-7f22700af000 rw-p 00000000 00:00 0 
7f22700af000-7f2274000000 ---p 00000000 00:00 0 
7f2274000000-7f2274021000 rw-p 00000000 00:00 0 
7f2274021000-7f2278000000 ---p 00000000 00:00 0 
7f227802d000-7f22780fb000 r-xp 00000000 103:04 271519629                 /home/yusen/.vscode/extensions/ltex-plus.vscode-ltex-plus-15.7.1/lib/ltex-ls-plus-18.7.0/jdk-21.0.10+7/lib/libjsvml.so
7f22780fb000-7f22780fc000 r--p 000cd000 103:04 271519629                 /home/yusen/.vscode/extensions/ltex-plus.vscode-ltex-plus-15.7.1/lib/ltex-ls-plus-18.7.0/jdk-21.0.10+7/lib/libjsvml.so
7f22780fc000-7f22780fd000 rw-p 000ce000 103:04 271519629                 /home/yusen/.vscode/extensions/ltex-plus.vscode-ltex-plus-15.7.1/lib/ltex-ls-plus-18.7.0/jdk-21.0.10+7/lib/libjsvml.so
7f22780fd000-7f22780fe000 rw-p 00000000 00:00 0 
7f22780fe000-7f2278102000 ---p 00000000 00:00 0 
7f2278102000-7f22781ff000 rw-p 00000000 00:00 0 
7f22781ff000-7f2278203000 ---p 00000000 00:00 0 
7f2278203000-7f2278300000 rw-p 00000000 00:00 0 
7f2278300000-7f2278304000 ---p 00000000 00:00 0 
7f2278304000-7f2278400000 rw-p 00000000 00:00 0 
7f2278400000-7f22786ad000 r--p 00000000 00:25 2501648                    /usr/lib/locale/zh_CN.utf8/LC_COLLATE
7f22786b7000-7f22786b8000 rw-p 00000000 00:00 0 
7f22786b8000-7f22786bc000 ---p 00000000 00:00 0 
7f22786bc000-7f22787b8000 rw-p 00000000 00:00 0 
7f22787b8000-7f2278813000 r--p 00000000 00:25 13144675                   /usr/lib/locale/zh_CN.utf8/LC_CTYPE
7f2278813000-7f2278a15000 rw-p 00000000 00:00 0 
7f2278a15000-7f2278af1000 rw-p 00000000 00:00 0 
7f2278af1000-7f2278cf3000 rw-p 00000000 00:00 0 
7f2278cf3000-7f227ba00000 rw-p 00000000 00:00 0 
7f227ba38000-7f227bd3b000 rw-p 00000000 00:00 0 
7f227bd3b000-7f227c9d4000 rw-p 00000000 00:00 0 
7f227c9d4000-7f227dd1c000 ---p 00000000 00:00 0 
7f227dd1c000-7f227df7b000 rw-p 00000000 00:00 0 
7f227df7b000-7f227e1e3000 ---p 00000000 00:00 0 
7f227e1e3000-7f227e37b000 rw-p 00000000 00:00 0 
7f227e37b000-7f227e5e3000 ---p 00000000 00:00 0 
7f227e5e3000-7f227e600000 rw-p 00000000 00:00 0 
7f227e600000-7f227f2b0000 rwxp 00000000 00:00 0 
7f227f2b0000-7f2285a5f000 ---p 00000000 00:00 0 
7f2285a5f000-7f2285dcf000 rwxp 00000000 00:00 0 
7f2285dcf000-7f22861a0000 ---p 00000000 00:00 0 
7f22861a0000-7f22868f0000 rwxp 00000000 00:00 0 
7f22868f0000-7f228d600000 ---p 00000000 00:00 0 
7f228d600000-7f228ffc3000 r--s 00000000 103:04 271523230                 /home/yusen/.vscode/extensions/ltex-plus.vscode-ltex-plus-15.7.1/lib/ltex-ls-plus-18.7.0/jdk-21.0.10+7/lib/modules
7f228ffc7000-7f228ffd4000 r-xp 00000000 103:04 271523214                 /home/yusen/.vscode/extensions/ltex-plus.vscode-ltex-plus-15.7.1/lib/ltex-ls-plus-18.7.0/jdk-21.0.10+7/lib/libverify.so
7f228ffd4000-7f228ffd6000 r--p 0000c000 103:04 271523214                 /home/yusen/.vscode/extensions/ltex-plus.vscode-ltex-plus-15.7.1/lib/ltex-ls-plus-18.7.0/jdk-21.0.10+7/lib/libverify.so
7f228ffd6000-7f228ffd7000 rw-p 0000e000 103:04 271523214                 /home/yusen/.vscode/extensions/ltex-plus.vscode-ltex-plus-15.7.1/lib/ltex-ls-plus-18.7.0/jdk-21.0.10+7/lib/libverify.so
7f228ffd7000-7f228ffd8000 r--p 00000000 00:25 13143437                   /usr/lib64/libutil.so.1
7f228ffd8000-7f228ffd9000 r-xp 00001000 00:25 13143437                   /usr/lib64/libutil.so.1
7f228ffd9000-7f228ffda000 r--p 00002000 00:25 13143437                   /usr/lib64/libutil.so.1
7f228ffda000-7f228ffdb000 r--p 00002000 00:25 13143437                   /usr/lib64/libutil.so.1
7f228ffdb000-7f228ffdc000 rw-p 00003000 00:25 13143437                   /usr/lib64/libutil.so.1
7f228ffdc000-7f228ffe8000 r-xp 00000000 103:04 271519668                 /home/yusen/.vscode/extensions/ltex-plus.vscode-ltex-plus-15.7.1/lib/ltex-ls-plus-18.7.0/jdk-21.0.10+7/lib/libnet.so
7f228ffe8000-7f228ffe9000 r--p 0000b000 103:04 271519668                 /home/yusen/.vscode/extensions/ltex-plus.vscode-ltex-plus-15.7.1/lib/ltex-ls-plus-18.7.0/jdk-21.0.10+7/lib/libnet.so
7f228ffe9000-7f228ffea000 rw-p 0000c000 103:04 271519668                 /home/yusen/.vscode/extensions/ltex-plus.vscode-ltex-plus-15.7.1/lib/ltex-ls-plus-18.7.0/jdk-21.0.10+7/lib/libnet.so
7f228ffea000-7f228fffe000 r-xp 00000000 103:04 271519673                 /home/yusen/.vscode/extensions/ltex-plus.vscode-ltex-plus-15.7.1/lib/ltex-ls-plus-18.7.0/jdk-21.0.10+7/lib/libnio.so
7f228fffe000-7f228ffff000 r--p 00013000 103:04 271519673                 /home/yusen/.vscode/extensions/ltex-plus.vscode-ltex-plus-15.7.1/lib/ltex-ls-plus-18.7.0/jdk-21.0.10+7/lib/libnio.so
7f228ffff000-7f2290000000 rw-p 00014000 103:04 271519673                 /home/yusen/.vscode/extensions/ltex-plus.vscode-ltex-plus-15.7.1/lib/ltex-ls-plus-18.7.0/jdk-21.0.10+7/lib/libnio.so
7f2290000000-7f22911b4000 rw-p 00000000 00:00 0 
7f22911b4000-7f2294000000 ---p 00000000 00:00 0 
7f2294001000-7f2294002000 r--p 00000000 00:25 13144291                   /usr/lib/locale/zh_CN.utf8/LC_NUMERIC
7f2294002000-7f2294003000 r--p 00000000 00:25 2501650                    /usr/lib/locale/zh_CN.utf8/LC_TIME
7f2294003000-7f2294004000 r--p 00000000 00:25 13144368                   /usr/lib/locale/zh_CN.utf8/LC_MONETARY
7f2294004000-7f229401f000 r-xp 00000000 103:04 271523227                 /home/yusen/.vscode/extensions/ltex-plus.vscode-ltex-plus-15.7.1/lib/ltex-ls-plus-18.7.0/jdk-21.0.10+7/lib/libzip.so
7f229401f000-7f2294020000 r--p 0001a000 103:04 271523227                 /home/yusen/.vscode/extensions/ltex-plus.vscode-ltex-plus-15.7.1/lib/ltex-ls-plus-18.7.0/jdk-21.0.10+7/lib/libzip.so
7f2294020000-7f2294021000 rw-p 0001b000 103:04 271523227                 /home/yusen/.vscode/extensions/ltex-plus.vscode-ltex-plus-15.7.1/lib/ltex-ls-plus-18.7.0/jdk-21.0.10+7/lib/libzip.so
7f2294021000-7f2294d3d000 rw-p 00000000 00:00 0 
7f2294d3d000-7f2294e17000 ---p 00000000 00:00 0 
7f2294e17000-7f2294e31000 rw-p 00000000 00:00 0 
7f2294e31000-7f2294f00000 ---p 00000000 00:00 0 
7f2294f00000-7f2294f04000 ---p 00000000 00:00 0 
7f2294f04000-7f2295000000 rw-p 00000000 00:00 0 
7f2295000000-7f229641d000 r-xp 00000000 103:04 1073877836                /home/yusen/.vscode/extensions/ltex-plus.vscode-ltex-plus-15.7.1/lib/ltex-ls-plus-18.7.0/jdk-21.0.10+7/lib/server/libjvm.so
7f229641d000-7f22964f2000 r--p 0141c000 103:04 1073877836                /home/yusen/.vscode/extensions/ltex-plus.vscode-ltex-plus-15.7.1/lib/ltex-ls-plus-18.7.0/jdk-21.0.10+7/lib/server/libjvm.so
7f22964f2000-7f2296522000 rw-p 014f1000 103:04 1073877836                /home/yusen/.vscode/extensions/ltex-plus.vscode-ltex-plus-15.7.1/lib/ltex-ls-plus-18.7.0/jdk-21.0.10+7/lib/server/libjvm.so
7f2296522000-7f2296588000 rw-p 00000000 00:00 0 
7f2296588000-7f2296589000 r--p 00000000 00:25 13144407                   /usr/lib/locale/zh_CN.utf8/LC_MESSAGES/SYS_LC_MESSAGES
7f2296589000-7f229658a000 r--p 00000000 00:25 13144278                   /usr/lib/locale/zh_CN.utf8/LC_PAPER
7f229658a000-7f229658b000 r--p 00000000 00:25 13144672                   /usr/lib/locale/zh_CN.utf8/LC_NAME
7f229658b000-7f229658c000 r--p 00000000 00:25 2501647                    /usr/lib/locale/zh_CN.utf8/LC_ADDRESS
7f229658c000-7f2296593000 r--s 00000000 00:25 13143691                   /usr/lib64/gconv/gconv-modules.cache
7f2296593000-7f22965f5000 rw-p 00000000 00:00 0 
7f22965f5000-7f22965f7000 r--p 00000000 00:25 13143428                   /usr/lib64/libnss_compat.so.2
7f22965f7000-7f22965fd000 r-xp 00002000 00:25 13143428                   /usr/lib64/libnss_compat.so.2
7f22965fd000-7f22965fe000 r--p 00008000 00:25 13143428                   /usr/lib64/libnss_compat.so.2
7f22965fe000-7f22965ff000 r--p 00009000 00:25 13143428                   /usr/lib64/libnss_compat.so.2
7f22965ff000-7f2296600000 rw-p 0000a000 00:25 13143428                   /usr/lib64/libnss_compat.so.2
7f2296600000-7f2296628000 r--p 00000000 00:25 13143423                   /usr/lib64/libc.so.6
7f2296628000-7f229679e000 r-xp 00028000 00:25 13143423                   /usr/lib64/libc.so.6
7f229679e000-7f22967f1000 r--p 0019e000 00:25 13143423                   /usr/lib64/libc.so.6
7f22967f1000-7f22967f5000 r--p 001f0000 00:25 13143423                   /usr/lib64/libc.so.6
7f22967f5000-7f22967fd000 rw-p 001f4000 00:25 13143423                   /usr/lib64/libc.so.6
7f22967fd000-7f2296806000 rw-p 00000000 00:00 0 
7f2296806000-7f2296807000 r--p 00000000 00:25 13144370                   /usr/lib/locale/zh_CN.utf8/LC_TELEPHONE
7f2296807000-7f229680e000 rw-p 00000000 00:00 0 
7f229680e000-7f2296816000 ---p 00000000 00:00 0 
7f2296816000-7f2296837000 r-xp 00000000 103:04 271515597                 /home/yusen/.vscode/extensions/ltex-plus.vscode-ltex-plus-15.7.1/lib/ltex-ls-plus-18.7.0/jdk-21.0.10+7/lib/libjava.so
7f2296837000-7f2296838000 r--p 00020000 103:04 271515597                 /home/yusen/.vscode/extensions/ltex-plus.vscode-ltex-plus-15.7.1/lib/ltex-ls-plus-18.7.0/jdk-21.0.10+7/lib/libjava.so
7f2296838000-7f2296839000 rw-p 00021000 103:04 271515597                 /home/yusen/.vscode/extensions/ltex-plus.vscode-ltex-plus-15.7.1/lib/ltex-ls-plus-18.7.0/jdk-21.0.10+7/lib/libjava.so
7f2296839000-7f229683a000 rw-p 00000000 00:00 0 
7f229683a000-7f229684c000 r--p 00000000 00:25 13143426                   /usr/lib64/libm.so.6
7f229684c000-7f22968e0000 r-xp 00012000 00:25 13143426                   /usr/lib64/libm.so.6
7f22968e0000-7f2296953000 r--p 000a6000 00:25 13143426                   /usr/lib64/libm.so.6
7f2296953000-7f2296954000 r--p 00118000 00:25 13143426                   /usr/lib64/libm.so.6
7f2296954000-7f2296956000 rw-p 00119000 00:25 13143426                   /usr/lib64/libm.so.6
7f2296956000-7f2296957000 r--p 00000000 00:25 13143435                   /usr/lib64/librt.so.1
7f2296957000-7f2296958000 r-xp 00001000 00:25 13143435                   /usr/lib64/librt.so.1
7f2296958000-7f2296959000 r--p 00002000 00:25 13143435                   /usr/lib64/librt.so.1
7f2296959000-7f229695a000 r--p 00002000 00:25 13143435                   /usr/lib64/librt.so.1
7f229695a000-7f229695b000 rw-p 00003000 00:25 13143435                   /usr/lib64/librt.so.1
7f229695b000-7f229695e000 rw-p 00000000 00:00 0 
7f229695e000-7f229695f000 r--p 00000000 00:25 13143425                   /usr/lib64/libdl.so.2
7f229695f000-7f2296960000 r-xp 00001000 00:25 13143425                   /usr/lib64/libdl.so.2
7f2296960000-7f2296961000 r--p 00002000 00:25 13143425                   /usr/lib64/libdl.so.2
7f2296961000-7f2296962000 r--p 00002000 00:25 13143425                   /usr/lib64/libdl.so.2
7f2296962000-7f2296963000 rw-p 00003000 00:25 13143425                   /usr/lib64/libdl.so.2
7f2296963000-7f2296965000 rw-p 00000000 00:00 0 
7f2296965000-7f2296966000 r--p 00000000 00:25 13143433                   /usr/lib64/libpthread.so.0
7f2296966000-7f2296967000 r-xp 00001000 00:25 13143433                   /usr/lib64/libpthread.so.0
7f2296967000-7f2296968000 r--p 00002000 00:25 13143433                   /usr/lib64/libpthread.so.0
7f2296968000-7f2296969000 r--p 00002000 00:25 13143433                   /usr/lib64/libpthread.so.0
7f2296969000-7f229696a000 rw-p 00003000 00:25 13143433                   /usr/lib64/libpthread.so.0
7f229696a000-7f229696b000 r--p 00000000 00:25 13144273                   /usr/lib/locale/zh_CN.utf8/LC_MEASUREMENT
7f229696b000-7f229696c000 r--p 00000000 00:25 2501649                    /usr/lib/locale/zh_CN.utf8/LC_IDENTIFICATION
7f229696c000-7f2296974000 rw-s 00000000 00:33 16523482                   /tmp/hsperfdata_yusen/1154350
7f2296974000-7f2296975000 ---p 00000000 00:00 0 
7f2296975000-7f2296976000 r--p 00000000 00:00 0 
7f2296976000-7f2296977000 ---p 00000000 00:00 0 
7f2296977000-7f2296992000 r-xp 00000000 103:04 271518541                 /home/yusen/.vscode/extensions/ltex-plus.vscode-ltex-plus-15.7.1/lib/ltex-ls-plus-18.7.0/jdk-21.0.10+7/lib/libjimage.so
7f2296992000-7f2296993000 ---p 0001b000 103:04 271518541                 /home/yusen/.vscode/extensions/ltex-plus.vscode-ltex-plus-15.7.1/lib/ltex-ls-plus-18.7.0/jdk-21.0.10+7/lib/libjimage.so
7f2296993000-7f2296995000 r--p 0001b000 103:04 271518541                 /home/yusen/.vscode/extensions/ltex-plus.vscode-ltex-plus-15.7.1/lib/ltex-ls-plus-18.7.0/jdk-21.0.10+7/lib/libjimage.so
7f2296995000-7f2296996000 rw-p 0001d000 103:04 271518541                 /home/yusen/.vscode/extensions/ltex-plus.vscode-ltex-plus-15.7.1/lib/ltex-ls-plus-18.7.0/jdk-21.0.10+7/lib/libjimage.so
7f2296996000-7f22969af000 r-xp 00000000 103:04 271518590                 /home/yusen/.vscode/extensions/ltex-plus.vscode-ltex-plus-15.7.1/lib/ltex-ls-plus-18.7.0/jdk-21.0.10+7/lib/libjli.so
7f22969af000-7f22969b0000 r--p 00018000 103:04 271518590                 /home/yusen/.vscode/extensions/ltex-plus.vscode-ltex-plus-15.7.1/lib/ltex-ls-plus-18.7.0/jdk-21.0.10+7/lib/libjli.so
7f22969b0000-7f22969b1000 rw-p 00019000 103:04 271518590                 /home/yusen/.vscode/extensions/ltex-plus.vscode-ltex-plus-15.7.1/lib/ltex-ls-plus-18.7.0/jdk-21.0.10+7/lib/libjli.so
7f22969b1000-7f22969b3000 rw-p 00000000 00:00 0 
7f22969b3000-7f22969b7000 r--p 00000000 00:00 0                          [vvar]
7f22969b7000-7f22969b9000 r--p 00000000 00:00 0                          [vvar_vclock]
7f22969b9000-7f22969bb000 r-xp 00000000 00:00 0                          [vdso]
7f22969bb000-7f22969bc000 r--p 00000000 00:25 13143420                   /usr/lib64/ld-linux-x86-64.so.2
7f22969bc000-7f22969e7000 r-xp 00001000 00:25 13143420                   /usr/lib64/ld-linux-x86-64.so.2
7f22969e7000-7f22969f2000 r--p 0002c000 00:25 13143420                   /usr/lib64/ld-linux-x86-64.so.2
7f22969f2000-7f22969f4000 r--p 00037000 00:25 13143420                   /usr/lib64/ld-linux-x86-64.so.2
7f22969f4000-7f22969f6000 rw-p 00039000 00:25 13143420                   /usr/lib64/ld-linux-x86-64.so.2
7ffd0da54000-7ffd0da76000 rw-p 00000000 00:00 0                          [stack]
ffffffffff600000-ffffffffff601000 --xp 00000000 00:00 0                  [vsyscall]
Total number of mappings: 292

JVMTI agents: none


VM Arguments:
jvm_args: -Xms64m -Xmx2048m -Dapp.name=ltex-ls-plus -Dapp.pid=1154350 -Dapp.repo=/home/yusen/.vscode/extensions/ltex-plus.vscode-ltex-plus-15.7.1/lib/ltex-ls-plus-18.7.0/lib -Dapp.home=/home/yusen/.vscode/extensions/ltex-plus.vscode-ltex-plus-15.7.1/lib/ltex-ls-plus-18.7.0 -Dbasedir=/home/yusen/.vscode/extensions/ltex-plus.vscode-ltex-plus-15.7.1/lib/ltex-ls-plus-18.7.0 
java_command: org.bsplines.ltexls.LtexLanguageServerLauncher
java_class_path (initial): /home/yusen/.vscode/extensions/ltex-plus.vscode-ltex-plus-15.7.1/lib/ltex-ls-plus-18.7.0/etc:/home/yusen/.vscode/extensions/ltex-plus.vscode-ltex-plus-15.7.1/lib/ltex-ls-plus-18.7.0/lib/HdrHistogram-2.1.12.jar:/home/yusen/.vscode/extensions/ltex-plus.vscode-ltex-plus-15.7.1/lib/ltex-ls-plus-18.7.0/lib/LatencyUtils-2.0.3.jar:/home/yusen/.vscode/extensions/ltex-plus.vscode-ltex-plus-15.7.1/lib/ltex-ls-plus-18.7.0/lib/aho-corasick-double-array-trie-1.2.2.jar:/home/yusen/.vscode/extensions/ltex-plus.vscode-ltex-plus-15.7.1/lib/ltex-ls-plus-18.7.0/lib/angus-activation-2.0.2.jar:/home/yusen/.vscode/extensions/ltex-plus.vscode-ltex-plus-15.7.1/lib/ltex-ls-plus-18.7.0/lib/animal-sniffer-annotations-1.24.jar:/home/yusen/.vscode/extensions/ltex-plus.vscode-ltex-plus-15.7.1/lib/ltex-ls-plus-18.7.0/lib/annotations-12.0.jar:/home/yusen/.vscode/extensions/ltex-plus.vscode-ltex-plus-15.7.1/lib/ltex-ls-plus-18.7.0/lib/annotations-13.0.jar:/home/yusen/.vscode/extensions/ltex-plus.vscode-ltex-plus-15.7.1/lib/ltex-ls-plus-18.7.0/lib/annotations-4.1.1.4.jar:/home/yusen/.vscode/extensions/ltex-plus.vscode-ltex-plus-15.7.1/lib/ltex-ls-plus-18.7.0/lib/asturian-pos-dict-0.1.jar:/home/yusen/.vscode/extensions/ltex-plus.vscode-ltex-plus-15.7.1/lib/ltex-ls-plus-18.7.0/lib/catalan-pos-dict-3.3.jar:/home/yusen/.vscode/extensions/ltex-plus.vscode-ltex-plus-15.7.1/lib/ltex-ls-plus-18.7.0/lib/commons-digester-2.1.jar:/home/yusen/.vscode/extensions/ltex-plus.vscode-ltex-plus-15.7.1/lib/ltex-ls-plus-18.7.0/lib/commons-lang3-3.18.0.jar:/home/yusen/.vscode/extensions/ltex-plus.vscode-ltex-plus-15.7.1/lib/ltex-ls-plus-18.7.0/lib/commons-logging-1.3.4.jar:/home/yusen/.vscode/extensions/ltex-plus.vscode-ltex-plus-15.7.1/lib/ltex-ls-plus-18.7.0/lib/commons-pool2-2.12.0.jar:/home/yusen/.vscode/extensions/ltex-plus.vscode-ltex-plus-15.7.1/lib/ltex-ls-plus-18.7.0/lib/commons-text-1.12.0.jar:/home/yusen/.vscode/extensions/ltex-plus.vscode-ltex-plus-15.7.1/lib/ltex-ls-plus-18.7.0/lib/commons-validator-1.9.0.jar:/home/yusen/.vscode/extensions/ltex-plus.vscode-ltex-plus-15.7.1/lib/ltex-ls-plus-18.7.0/lib/dutch-pos-dict-0.1.jar:/home/yusen/.vscode/extensions/ltex-plus.vscode-ltex-plus-15.7.1/lib/ltex-ls-plus-18.7.0/lib/english-pos-dict-0.6.jar:/home/yusen/.vscode/extensions/ltex-plus.vscode-ltex-plus-15.7.1/lib/ltex-ls-plus-18.7.0/lib/error_prone_annotations-2.48.0.jar:/home/yusen/.vscode/extensions/ltex-plus.vscode-ltex-plus-15.7.1/lib/ltex-ls-plus-18.7.0/lib/failureaccess-1.0.3.jar:/home/yusen/.vscode/extensions/ltex-plus.vscode-ltex-plus-15.7.1/lib/ltex-ls-plus-18.7.0/lib/fastutil-core-8.5.14.jar:/home/yusen/.vscode/extensions/ltex-plus.vscode-ltex-plus-15.7.1/lib/ltex-ls-plus-18.7.0/lib/flexmark-0.64.8.jar:/home/yusen/.vscode/extensions/ltex-plus.vscode-ltex-plus-15.7.1/lib/ltex-ls-plus-18.7.0/lib/flexmark-ext-definition-0.64.8.jar:/home/yusen/.vscode/extensions/ltex-plus.vscode-ltex-plus-15.7.1/lib/ltex-ls-plus-18.7.0/lib/flexmark-ext-gfm-strikethrough-0.64.8.jar:/home/yusen/.vscode/extensions/ltex-plus.vscode-ltex-plus-15.7.1/lib/ltex-ls-plus-18.7.0/lib/flexmark-ext-gitlab-0.64.8.jar:/home/yusen/.vscode/extensions/ltex-plus.vscode-ltex-plus-15.7.1/lib/ltex-ls-plus-18.7.0/lib/flexmark-ext-tables-0.64.8.jar:/home/yusen/.vscode/extensions/ltex-plus.vscode-ltex-plus-15.7.1/lib/ltex-ls-plus-18.7.0/lib/flexmark-ext-yaml-front-matter-0.64.8.jar:/home/yusen/.vscode/extensions/ltex-plus.vscode-ltex-plus-15.7.1/lib/ltex-ls-plus-18.7.0/lib/flexmark-test-util-0.64.8.jar:/home/yusen/.vscode/extensions/ltex-plus.vscode-ltex-plus-15.7.1/lib/ltex-ls-plus-18.7.0/lib/flexmark-util-0.64.8.jar:/home/yusen/.vscode/extensions/ltex-plus.vscode-ltex-plus-15.7.1/lib/ltex-ls-plus-18.7.0/lib/flexmark-util-ast-0.64.8.jar:/home/yusen/.vscode/extensions/ltex-plus.vscode-ltex-plus-15.7.1/lib/ltex-ls-plus-18.7.0/lib/flexmark-util-builder-0.64.8.jar:/home/yusen/.vscode/extensions/ltex-plus.vscode-ltex-plus-15.7.1/lib/ltex-ls-plus-18.7.0/lib/flexmark-util-collection-0.64.8.jar:/home/yusen/.vscode/extensions/ltex-plus.vscode-ltex-plus-15.7.1/lib/ltex-ls-plus-18.7.0/lib/flexmark-util-data-0.64.8.jar:/home/yusen/.vscode/extensions/ltex-plus.vscode-ltex-plus-15.7.1/lib/ltex-ls-plus-18.7.0/lib/flexmark-util-dependency-0.64.8.jar:/home/yusen/.vscode/extensions/ltex-plus.vscode-ltex-plus-15.7.1/lib/ltex-ls-plus-18.7.0/lib/flexmark-util-format-0.64.8.jar:/home/yusen/.vscode/extensions/ltex-plus.vscode-ltex-plus-15.7.1/lib/ltex-ls-plus-18.7.0/lib/flexmark-util-html-0.64.8.jar:/home/yusen/.vscode/extensions/ltex-plus.vscode-ltex-plus-15.7.1/lib/ltex-ls-plus-18.7.0/lib/flexmark-util-misc-0.64.8.jar:/home/yusen/.vscode/extensions/ltex-plus.vscode-ltex-plus-15.7.1/lib/ltex-ls-plus-18.7.0/lib/flexmark-util-options-0.64.8.jar:/home/yusen/.vscode/extensions/ltex-plus.vscode-ltex-plus-15.7.1/lib/ltex-ls-plus-18.7.0/lib/flexmark-util-sequence-0.64.8.jar:/home/yusen/.vscode/extensions/ltex-plus.vscode-ltex-plus-15.7.1/lib/ltex-ls-plus-18.7.0/lib/flexmark-util-visitor-0.64.8.jar:/home/yusen/.vscode/extensions/ltex-plus.vscode-ltex-plus-15.7.1/lib/ltex-ls-plus-18.7.0/lib/french-pos-dict-0.7.jar:/home/yusen/.vscode/extensions/ltex-plus.vscode-ltex-plus-15.7.1/lib/ltex-ls-plus-18.7.0/lib/german-pos-dict-1.2.4.jar:/home/yusen/.vscode/extensions/ltex-plus.vscode-ltex-plus-15.7.1/lib/ltex-ls-plus-18.7.0/lib/grpc-api-1.75.0.jar:/home/yusen/.vscode/extensions/ltex-plus.vscode-ltex-plus-15.7.1/lib/ltex-ls-plus-18.7.0/lib/grpc-context-1.75.0.jar:/home/yusen/.vscode/extensions/ltex-plus.vscode-ltex-plus-15.7.1/lib/ltex-ls-plus-18.7.0/lib/grpc-core-1.75.0.jar:/home/yusen/.vscode/extensions/ltex-plus.vscode-ltex-plus-15.7.1/lib/ltex-ls-plus-18.7.0/lib/grpc-netty-shaded-1.75.0.jar:/home/yusen/.vscode/extensions/ltex-plus.vscode-ltex-plus-15.7.1/lib/ltex-ls-plus-18.7.0/lib/grpc-protobuf-1.75.0.jar:/home/yusen/.vscode/extensions/ltex-plus.vscode-ltex-plus-15.7.1/lib/ltex-ls-plus-18.7.0/lib/grpc-protobuf-lite-1.75.0.jar:/home/yusen/.vscode/extensions/ltex-plus.vscode-ltex-plus-15.7.1/lib/ltex-ls-plus-18.7.0/lib/grpc-stub-1.75.0.jar:/home/yusen/.vscode/extensions/ltex-plus.vscode-ltex-plus-15.7.1/lib/ltex-ls-plus-18.7.0/lib/grpc-util-1.75.0.jar:/home/yusen/.vscode/extensions/ltex-plus.vscode-ltex-plus-15.7.1/lib/ltex-ls-plus-18.7.0/lib/gson-2.14.0.jar:/home/yusen/.vscode/extensions/ltex-plus.vscode-ltex-plus-15.7.1/lib/ltex-ls-plus-18.7.0/lib/guava-33.5.0-jre.jar:/home/yusen/.vscode/extensions/ltex-plus.vscode-ltex-plus-15.7.1/lib/ltex-ls-plus-18.7.0/lib/hamcrest-core-1.3.jar:/home/yusen/.vscode/extensions/ltex-plus.vscode-ltex-plus-15.7.1/lib/ltex-ls-plus-18.7.0/lib/hanlp-portable-1.8.2.jar:/home/yusen/.vscode/extensions/ltex-plus.vscode-ltex-plus-15.7.1/lib/ltex-ls-plus-18.7.0/lib/hppc-0.8.2.jar:/home/yusen/.vscode/extensions/ltex-plus.vscode-ltex-plus-15.7.1/lib/ltex-ls-plus-18.7.0/lib/hunspell-2.1.2.jar:/home/yusen/.vscode/extensions/ltex-plus.vscode-ltex-plus-15.7.1/lib/ltex-ls-plus-18.7.0/lib/icu4j-77.1.jar:/home/yusen/.vscode/extensions/ltex-plus.vscode-ltex-plus-15.7.1/lib/ltex-ls-plus-18.7.0/lib/indriya-1.3.jar:/home/yusen/.vscode/extensions/ltex-plus.vscode-ltex-plus-15.7.1/lib/ltex-ls-plus-18.7.0/lib/istack-commons-runtime-4.1.2.jar:/home/yusen/.vscode/extensions/ltex-plus.vscode-ltex-plus-15.7.1/lib/ltex-ls-plus-18.7.0/lib/j2objc-annotations-3.1.jar:/home/yusen/.vscode/extensions/ltex-plus.vscode-ltex-plus-15.7.1/lib/ltex-ls-plus-18.7.0/lib/jackson-annotations-2.18.0.jar:/home/yusen/.vscode/extensions/ltex-plus.vscode-ltex-plus-15.7.1/lib/ltex-ls-plus-18.7.0/lib/jackson-core-2.18.0.jar:/home/yusen/.vscode/extensions/ltex-plus.vscode-ltex-plus-15.7.1/lib/ltex-ls-plus-18.7.0/lib/jackson-databind-2.18.0.jar:/home/yusen/.vscode/extensions/ltex-plus.vscode-ltex-plus-15.7.1/lib/ltex-ls-plus-18.7.0/lib/jakarta.activation-1.2.2.jar:/home/yusen/.vscode/extensions/ltex-plus.vscode-ltex-plus-15.7.1/lib/ltex-ls-plus-18.7.0/lib/jakarta.activation-api-2.1.3.jar:/home/yusen/.vscode/extensions/ltex-plus.vscode-ltex-plus-15.7.1/lib/ltex-ls-plus-18.7.0/lib/jakarta.xml.bind-api-2.3.3.jar:/home/yusen/.vscode/extensions/ltex-plus.vscode-ltex-plus-15.7.1/lib/ltex-ls-plus-18.7.0/lib/jansi-2.4.3.jar:/home/yusen/.vscode/extensions/ltex-plus.vscode-ltex-plus-15.7.1/lib/ltex-ls-plus-18.7.0/lib/java-diff-utils-4.12.jar:/home/yusen/.vscode/extensions/ltex-plus.vscode-ltex-plus-15.7.1/lib/ltex-ls-plus-18.7.0/lib/javax.activation-api-1.2.0.jar:/home/yusen/.vscode/extensions/ltex-plus.vscode-ltex-plus-15.7.1/lib/ltex-ls-plus-18.7.0/lib/javax.annotation-api-1.3.2.jar:/home/yusen/.vscode/extensions/ltex-plus.vscode-ltex-plus-15.7.1/lib/ltex-ls-plus-18.7.0/lib/jaxb-api-2.3.1.jar:/home/yusen/.vscode/extensions/ltex-plus.vscode-ltex-plus-15.7.1/lib/ltex-ls-plus-18.7.0/lib/jaxb-core-2.3.0.1.jar:/home/yusen/.vscode/extensions/ltex-plus.vscode-ltex-plus-15.7.1/lib/ltex-ls-plus-18.7.0/lib/jaxb-core-4.0.5.jar:/home/yusen/.vscode/extensions/ltex-plus.vscode-ltex-plus-15.7.1/lib/ltex-ls-plus-18.7.0/lib/jaxb-impl-2.3.3.jar:/home/yusen/.vscode/extensions/ltex-plus.vscode-ltex-plus-15.7.1/lib/ltex-ls-plus-18.7.0/lib/jaxb-runtime-4.0.5.jar:/home/yusen/.vscode/extensions/ltex-plus.vscode-ltex-plus-15.7.1/lib/ltex-ls-plus-18.7.0/lib/jna-5.12.1.jar:/home/yusen/.vscode/extensions/ltex-plus.vscode-ltex-plus-15.7.1/lib/ltex-ls-plus-18.7.0/lib/jna-platform-5.12.1.jar:/home/yusen/.vscode/extensions/ltex-plus.vscode-ltex-plus-15.7.1/lib/ltex-ls-plus-18.7.0/lib/json-20240303.jar:/home/yusen/.vscode/extensions/ltex-plus.vscode-ltex-plus-15.7.1/lib/ltex-ls-plus-18.7.0/lib/jsonic-1.2.11.jar:/home/yusen/.vscode/extensions/ltex-plus.vscode-ltex-plus-15.7.1/lib/ltex-ls-plus-18.7.0/lib/jspecify-1.0.0.jar:/home/yusen/.vscode/extensions/ltex-plus.vscode-ltex-plus-15.7.1/lib/ltex-ls-plus-18.7.0/lib/jsr305-3.0.2.jar:/home/yusen/.vscode/extensions/ltex-plus.vscode-ltex-plus-15.7.1/lib/ltex-ls-plus-18.7.0/lib/junit-4.13.2.jar:/home/yusen/.vscode/extensions/ltex-plus.vscode-ltex-plus-15.7.1/lib/ltex-ls-plus-18.7.0/lib/jwordsplitter-4.7.jar:/home/yusen/.vscode/extensions/ltex-plus.vscode-ltex-plus-15.7.1/lib/ltex-ls-plus-18.7.0/lib/kotlin-stdlib-2.3.21.jar:/home/yusen/.vscode/extensions/ltex-plus.vscode-ltex-plus-15.7.1/lib/ltex-ls-plus-18.7.0/lib/language-all-6.8.jar:/home/yusen/.vscode/extensions/ltex-plus.vscode-ltex-plus-15.7.1/lib/ltex-ls-plus-18.7.0/lib/language-ar-6.8.jar:/home/yusen/.vscode/extensions/ltex-plus.vscode-ltex-plus-15.7.1/lib/ltex-ls-plus-18.7.0/lib/language-ast-6.8.jar:/home/yusen/.vscode/extensions/ltex-plus.vscode-ltex-plus-15.7.1/lib/ltex-ls-plus-18.7.0/lib/language-be-6.8.jar:/home/yusen/.vscode/extensions/ltex-plus.vscode-ltex-plus-15.7.1/lib/ltex-ls-plus-18.7.0/lib/language-br-6.8.jar:/home/yusen/.vscode/extensions/ltex-plus.vscode-ltex-plus-15.7.1/lib/ltex-ls-plus-18.7.0/lib/language-ca-6.8.jar:/home/yusen/.vscode/extensions/ltex-plus.vscode-ltex-plus-15.7.1/lib/ltex-ls-plus-18.7.0/lib/language-crh-6.8.jar:/home/yusen/.vscode/extensions/ltex-plus.vscode-ltex-plus-15.7.1/lib/ltex-ls-plus-18.7.0/lib/language-da-6.8.jar:/home/yusen/.vscode/extensions/ltex-plus.vscode-ltex-plus-15.7.1/lib/ltex-ls-plus-18.7.0/lib/language-de-6.8.jar:/home/yusen/.vscode/extensions/ltex-plus.vscode-ltex-plus-15.7.1/lib/ltex-ls-plus-18.7.0/lib/language-de-DE-x-simple-language-6.8.jar:/home/yusen/.vscode/extensions/ltex-plus.vscode-ltex-plus-15.7.1/lib/ltex-ls-plus-18.7.0/lib/language-detector-0.6.jar:/home/yusen/.vscode/extensions/ltex-plus.vscode-ltex-plus-15.7.1/lib/ltex-ls-plus-18.7.0/lib/language-el-6.8.jar:/home/yusen/.vscode/extensions/ltex-plus.vscode-ltex-plus-15.7.1/lib/ltex-ls-plus-18.7.0/lib/language-en-6.8.jar:/home/yusen/.vscode/extensions/ltex-plus.vscode-ltex-plus-15.7.1/lib/ltex-ls-plus-18.7.0/lib/language-eo-6.8.jar:/home/yusen/.vscode/extensions/ltex-plus.vscode-ltex-plus-15.7.1/lib/ltex-ls-plus-18.7.0/lib/language-es-6.8.jar:/home/yusen/.vscode/extensions/ltex-plus.vscode-ltex-plus-15.7.1/lib/ltex-ls-plus-18.7.0/lib/language-fa-6.8.jar:/home/yusen/.vscode/extensions/ltex-plus.vscode-ltex-plus-15.7.1/lib/ltex-ls-plus-18.7.0/lib/language-fr-6.8.jar:/home/yusen/.vscode/extensions/ltex-plus.vscode-ltex-plus-15.7.1/lib/ltex-ls-plus-18.7.0/lib/language-ga-6.8.jar:/home/yusen/.vscode/extensions/ltex-plus.vscode-ltex-plus-15.7.1/lib/ltex-ls-plus-18.7.0/lib/language-gl-6.8.jar:/home/yusen/.vscode/extensions/ltex-plus.vscode-ltex-plus-15.7.1/lib/ltex-ls-plus-18.7.0/lib/language-it-6.8.jar:/home/yusen/.vscode/extensions/ltex-plus.vscode-ltex-plus-15.7.1/lib/ltex-ls-plus-18.7.0/lib/language-ja-6.8.jar:/home/yusen/.vscode/extensions/ltex-plus.vscode-ltex-plus-15.7.1/lib/ltex-ls-plus-18.7.0/lib/language-km-6.8.jar:/home/yusen/.vscode/extensions/ltex-plus.vscode-ltex-plus-15.7.1/lib/ltex-ls-plus-18.7.0/lib/language-nl-6.8.jar:/home/yusen/.vscode/extensions/ltex-plus.vscode-ltex-plus-15.7.1/lib/ltex-ls-plus-18.7.0/lib/language-pl-6.8.jar:/home/yusen/.vscode/extensions/ltex-plus.vscode-ltex-plus-15.7.1/lib/ltex-ls-plus-18.7.0/lib/language-pt-6.8.jar:/home/yusen/.vscode/extensions/ltex-plus.vscode-ltex-plus-15.7.1/lib/ltex-ls-plus-18.7.0/lib/language-ro-6.8.jar:/home/yusen/.vscode/extensions/ltex-plus.vscode-ltex-plus-15.7.1/lib/ltex-ls-plus-18.7.0/lib/language-ru-6.8.jar:/home/yusen/.vscode/extensions/ltex-plus.vscode-ltex-plus-15.7.1/lib/ltex-ls-plus-18.7.0/lib/language-sk-6.8.jar:/home/yusen/.vscode/extensions/ltex-plus.vscode-ltex-plus-15.7.1/lib/ltex-ls-plus-18.7.0/lib/language-sl-6.8.jar:/home/yusen/.vscode/extensions/ltex-plus.vscode-ltex-plus-15.7.1/lib/ltex-ls-plus-18.7.0/lib/language-sv-6.8.jar:/home/yusen/.vscode/extensions/ltex-plus.vscode-ltex-plus-15.7.1/lib/ltex-ls-plus-18.7.0/lib/language-ta-6.8.jar:/home/yusen/.vscode/extensions/ltex-plus.vscode-ltex-plus-15.7.1/lib/ltex-ls-plus-18.7.0/lib/language-tl-6.8.jar:/home/yusen/.vscode/extensions/ltex-plus.vscode-ltex-plus-15.7.1/lib/ltex-ls-plus-18.7.0/lib/language-uk-6.8.jar:/home/yusen/.vscode/extensions/ltex-plus.vscode-ltex-plus-15.7.1/lib/ltex-ls-plus-18.7.0/lib/language-zh-6.8.jar:/home/yusen/.vscode/extensions/ltex-plus.vscode-ltex-plus-15.7.1/lib/ltex-ls-plus-18.7.0/lib/languagetool-core-6.8.jar:/home/yusen/.vscode/extensions/ltex-plus.vscode-ltex-plus-15.7.1/lib/ltex-ls-plus-18.7.0/lib/languagetool-ga-dicts-0.02.jar:/home/yusen/.vscode/extensions/ltex-plus.vscode-ltex-plus-15.7.1/lib/ltex-ls-plus-18.7.0/lib/linguistics.grammardb.spell.languagetool-1.0.2.jar:/home/yusen/.vscode/extensions/ltex-plus.vscode-ltex-plus-15.7.1/lib/ltex-ls-plus-18.7.0/lib/listenablefuture-9999.0-empty-to-avoid-conflict-with-guava.jar:/home/yusen/.vscode/extensions/ltex-plus.vscode-ltex-plus-15.7.1/lib/ltex-ls-plus-18.7.0/lib/lspcli-2.3.0.jar:/home/yusen/.vscode/extensions/ltex-plus.vscode-ltex-plus-15.7.1/lib/ltex-ls-plus-18.7.0/lib/ltexls-plus-18.7.0.jar:/home/yusen/.vscode/extensions/ltex-plus.vscode-ltex-plus-15.7.1/lib/ltex-ls-plus-18.7.0/lib/lucene-backward-codecs-5.5.5.jar:/home/yusen/.vscode/extensions/ltex-plus.vscode-ltex-plus-15.7.1/lib/ltex-ls-plus-18.7.0/lib/lucene-core-5.5.5.jar:/home/yusen/.vscode/extensions/ltex-plus.vscode-ltex-plus-15.7.1/lib/ltex-ls-plus-18.7.0/lib/lucene-gosen-6.2.1-ipadic.jar:/home/yusen/.vscode/extensions/ltex-plus.vscode-ltex-plus-15.7.1/lib/ltex-ls-plus-18.7.0/lib/micrometer-core-1.7.12.jar:/home/yusen/.vscode/extensions/ltex-plus.vscode-ltex-plus-15.7.1/lib/ltex-ls-plus-18.7.0/lib/micrometer-registry-prometheus-1.7.12.jar:/home/yusen/.vscode/extensions/ltex-plus.vscode-ltex-plus-15.7.1/lib/ltex-ls-plus-18.7.0/lib/morfologik-crh-lt-1.0.1.jar:/home/yusen/.vscode/extensions/ltex-plus.vscode-ltex-plus-15.7.1/lib/ltex-ls-plus-18.7.0/lib/morfologik-fsa-2.1.9.jar:/home/yusen/.vscode/extensions/ltex-plus.vscode-ltex-plus-15.7.1/lib/ltex-ls-plus-18.7.0/lib/morfologik-fsa-builders-2.1.9.jar:/home/yusen/.vscode/extensions/ltex-plus.vscode-ltex-plus-15.7.1/lib/ltex-ls-plus-18.7.0/lib/morfologik-speller-2.1.9.jar:/home/yusen/.vscode/extensions/ltex-plus.vscode-ltex-plus-15.7.1/lib/ltex-ls-plus-18.7.0/lib/morfologik-stemming-2.1.9.jar:/home/yusen/.vscode/extensions/ltex-plus.vscode-ltex-plus-15.7.1/lib/ltex-ls-plus-18.7.0/lib/morfologik-ukrainian-lt-6.8.0.jar:/home/yusen/.vscode/extensions/ltex-plus.vscode-ltex-plus-15.7.1/lib/ltex-ls-plus-18.7.0/lib/morphology-el-1.0.0.jar:/home/yusen/.vscode/extensions/ltex-plus.vscode-ltex-plus-15.7.1/lib/ltex-ls-plus-18.7.0/lib/opennlp-chunk-models-1.5.jar:/home/yusen/.vscode/extensions/ltex-plus.vscode-ltex-plus-15.7.1/lib/ltex-ls-plus-18.7.0/lib/opennlp-postag-models-1.5.jar:/home/yusen/.vscode/extensions/ltex-plus.vscode-ltex-plus-15.7.1/lib/ltex-ls-plus-18.7.0/lib/opennlp-tokenize-models-1.5.jar:/home/yusen/.vscode/extensions/ltex-plus.vscode-ltex-plus-15.7.1/lib/ltex-ls-plus-18.7.0/lib/opennlp-tools-1.9.4.jar:/home/yusen/.vscode/extensions/ltex-plus.vscode-ltex-plus-15.7.1/lib/ltex-ls-plus-18.7.0/lib/openregex-1.1.1.jar:/home/yusen/.vscode/extensions/ltex-plus.vscode-ltex-plus-15.7.1/lib/ltex-ls-plus-18.7.0/lib/opentelemetry-api-1.42.1.jar:/home/yusen/.vscode/extensions/ltex-plus.vscode-ltex-plus-15.7.1/lib/ltex-ls-plus-18.7.0/lib/opentelemetry-context-1.42.1.jar:/home/yusen/.vscode/extensions/ltex-plus.vscode-ltex-plus-15.7.1/lib/ltex-ls-plus-18.7.0/lib/opentelemetry-semconv-1.30.1-alpha.jar:/home/yusen/.vscode/extensions/ltex-plus.vscode-ltex-plus-15.7.1/lib/ltex-ls-plus-18.7.0/lib/org.eclipse.lsp4j-0.24.0.jar:/home/yusen/.vscode/extensions/ltex-plus.vscode-ltex-plus-15.7.1/lib/ltex-ls-plus-18.7.0/lib/org.eclipse.lsp4j.jsonrpc-0.24.0.jar:/home/yusen/.vscode/extensions/ltex-plus.vscode-ltex-plus-15.7.1/lib/ltex-ls-plus-18.7.0/lib/perfmark-api-0.27.0.jar:/home/yusen/.vscode/extensions/ltex-plus.vscode-ltex-plus-15.7.1/lib/ltex-ls-plus-18.7.0/lib/picocli-4.7.7.jar:/home/yusen/.vscode/extensions/ltex-plus.vscode-ltex-plus-15.7.1/lib/ltex-ls-plus-18.7.0/lib/portuguese-pos-dict-1.2.0.jar:/home/yusen/.vscode/extensions/ltex-plus.vscode-ltex-plus-15.7.1/lib/ltex-ls-plus-18.7.0/lib/proto-google-common-protos-2.59.2.jar:/home/yusen/.vscode/extensions/ltex-plus.vscode-ltex-plus-15.7.1/lib/ltex-ls-plus-18.7.0/lib/protobuf-java-3.25.8.jar:/home/yusen/.vscode/extensions/ltex-plus.vscode-ltex-plus-15.7.1/lib/ltex-ls-plus-18.7.0/lib/resilience4j-circuitbreaker-1.7.1.jar:/home/yusen/.vscode/extensions/ltex-plus.vscode-ltex-plus-15.7.1/lib/ltex-ls-plus-18.7.0/lib/resilience4j-core-1.7.1.jar:/home/yusen/.vscode/extensions/ltex-plus.vscode-ltex-plus-15.7.1/lib/ltex-ls-plus-18.7.0/lib/resilience4j-micrometer-1.7.1.jar:/home/yusen/.vscode/extensions/ltex-plus.vscode-ltex-plus-15.7.1/lib/ltex-ls-plus-18.7.0/lib/segment-2.0.3.jar:/home/yusen/.vscode/extensions/ltex-plus.vscode-ltex-plus-15.7.1/lib/ltex-ls-plus-18.7.0/lib/simpleclient-0.16.0.jar:/home/yusen/.vscode/extensions/ltex-plus.vscode-ltex-plus-15.7.1/lib/ltex-ls-plus-18.7.0/lib/simpleclient_common-0.10.0.jar:/home/yusen/.vscode/extensions/ltex-plus.vscode-ltex-plus-15.7.1/lib/ltex-ls-plus-18.7.0/lib/simpleclient_guava-0.16.0.jar:/home/yusen/.vscode/extensions/ltex-plus.vscode-ltex-plus-15.7.1/lib/ltex-ls-plus-18.7.0/lib/simpleclient_tracer_common-0.16.0.jar:/home/yusen/.vscode/extensions/ltex-plus.vscode-ltex-plus-15.7.1/lib/ltex-ls-plus-18.7.0/lib/simpleclient_tracer_otel-0.16.0.jar:/home/yusen/.vscode/extensions/ltex-plus.vscode-ltex-plus-15.7.1/lib/ltex-ls-plus-18.7.0/lib/simpleclient_tracer_otel_agent-0.16.0.jar:/home/yusen/.vscode/extensions/ltex-plus.vscode-ltex-plus-15.7.1/lib/ltex-ls-plus-18.7.0/lib/slf4j-api-2.0.16.jar:/home/yusen/.vscode/extensions/ltex-plus.vscode-ltex-plus-15.7.1/lib/ltex-ls-plus-18.7.0/lib/slf4j-nop-2.0.18.jar:/home/yusen/.vscode/extensions/ltex-plus.vscode-ltex-plus-15.7.1/lib/ltex-ls-plus-18.7.0/lib/spanish-pos-dict-2.5.jar:/home/yusen/.vscode/extensions/ltex-plus.vscode-ltex-plus-15.7.1/lib/ltex-ls-plus-18.7.0/lib/stax2-api-4.3.0.jar:/home/yusen/.vscode/extensions/ltex-plus.vscode-ltex-plus-15.7.1/lib/ltex-ls-plus-18.7.0/lib/txw2-4.0.5.jar:/home/yusen/.vscode/extensions/ltex-plus.vscode-ltex-plus-15.7.1/lib/ltex-ls-plus-18.7.0/lib/unit-api-1.0.jar:/home/yusen/.vscode/extensions/ltex-plus.vscode-ltex-plus-15.7.1/lib/ltex-ls-plus-18.7.0/lib/uom-lib-common-1.1.jar:/home/yusen/.vscode/extensions/ltex-plus.vscode-ltex-plus-15.7.1/lib/ltex-ls-plus-18.7.0/lib/vavr-0.10.2.jar:/home/yusen/.vscode/extensions/ltex-plus.vscode-ltex-plus-15.7.1/lib/ltex-ls-plus-18.7.0/lib/vavr-match-0.10.2.jar:/home/yusen/.vscode/extensions/ltex-plus.vscode-ltex-plus-15.7.1/lib/ltex-ls-plus-18.7.0/lib/woodstox-core-7.2.0.jar
Launcher Type: SUN_STANDARD

[Global flags]
     intx CICompilerCount                          = 12                                        {product} {ergonomic}
     uint ConcGCThreads                            = 3                                         {product} {ergonomic}
     uint G1ConcRefinementThreads                  = 13                                        {product} {ergonomic}
   size_t G1HeapRegionSize                         = 1048576                                   {product} {ergonomic}
    uintx GCDrainStackTargetSize                   = 64                                        {product} {ergonomic}
   size_t InitialHeapSize                          = 67108864                                  {product} {command line}
   size_t MarkStackSize                            = 4194304                                   {product} {ergonomic}
   size_t MaxHeapSize                              = 2147483648                                {product} {command line}
   size_t MaxNewSize                               = 1287651328                                {product} {ergonomic}
   size_t MinHeapDeltaBytes                        = 1048576                                   {product} {ergonomic}
   size_t MinHeapSize                              = 67108864                                  {product} {command line}
    uintx NonNMethodCodeHeapSize                   = 7602480                                {pd product} {ergonomic}
    uintx NonProfiledCodeHeapSize                  = 122027880                              {pd product} {ergonomic}
    uintx ProfiledCodeHeapSize                     = 122027880                              {pd product} {ergonomic}
    uintx ReservedCodeCacheSize                    = 251658240                              {pd product} {ergonomic}
     bool SegmentedCodeCache                       = true                                      {product} {ergonomic}
   size_t SoftMaxHeapSize                          = 2147483648                             {manageable} {ergonomic}
     bool UseCompressedOops                        = true                           {product lp64_product} {ergonomic}
     bool UseG1GC                                  = true                                      {product} {ergonomic}

Logging:
Log output configuration:
 #0: stdout all=warning uptime,level,tags foldmultilines=false
 #1: stderr all=off uptime,level,tags foldmultilines=false

Release file:
JAVA_VERSION="21.0.10"
MODULES="java.base java.compiler java.datatransfer java.xml java.prefs java.desktop java.instrument java.logging java.management java.security.sasl java.naming java.rmi java.management.rmi java.net.http java.scripting java.security.jgss java.transaction.xa java.sql java.sql.rowset java.xml.crypto java.se java.smartcardio jdk.accessibility jdk.charsets jdk.crypto.ec jdk.crypto.cryptoki jdk.dynalink jdk.httpserver jdk.incubator.vector jdk.internal.vm.ci jdk.internal.vm.compiler jdk.internal.vm.compiler.management jdk.jdwp.agent jdk.jfr jdk.jsobject jdk.localedata jdk.management jdk.management.agent jdk.naming.dns jdk.naming.rmi jdk.net jdk.nio.mapmode jdk.sctp jdk.security.auth jdk.security.jgss jdk.unsupported jdk.xml.dom jdk.zipfs"

Environment Variables:
JAVA_OPTS=-Xms64m -Xmx2048m
PATH=/home/yusen/opt/Xilinx/Vivado/2024.2/bin:/home/yusen/opt/anaconda3/bin:/home/yusen/opt/anaconda3/condabin:/home/yusen/opt/anaconda3/bin:/home/yusen/.zinit/polaris/bin:/home/yusen/.local/bin:/home/yusen/opt/Xilinx/Vivado/2024.2/bin:/opt/st/stm32cubeclt_1.19.0:/opt/st/stm32cubeclt_1.19.0/STM32CubeProgrammer/bin:/opt/st/stm32cubeclt_1.19.0/STLink-gdb-server/bin:/opt/st/stm32cubeclt_1.19.0/CMake/bin:/opt/st/stm32cubeclt_1.19.0/Ninja/bin:/opt/st/stm32cubeclt_1.19.0/st-arm-clang/bin:/opt/st/stm32cubeclt_1.19.0/GNU-tools-for-STM32/bin:/home/yusen/.local/bin:/usr/local/bin:/usr/bin:/bin
XDG_CACHE_HOME=/home/yusen/.cache
XDG_CONFIG_HOME=/home/yusen/.config
SHELL=/usr/bin/zsh
DISPLAY=:0
WAYLAND_DISPLAY=wayland-0
HOSTTYPE=x86_64
OSTYPE=linux-gnu
MACHTYPE=x86_64
LANG=zh_CN.UTF-8

Active Locale:
LC_ALL=zh_CN.UTF-8
LC_COLLATE=zh_CN.UTF-8
LC_CTYPE=zh_CN.UTF-8
LC_MESSAGES=zh_CN.UTF-8
LC_MONETARY=zh_CN.UTF-8
LC_NUMERIC=zh_CN.UTF-8
LC_TIME=zh_CN.UTF-8

Signal Handlers:
   SIGSEGV: crash_handler in libjvm.so, mask=11100100010111111101111111111110, flags=SA_RESTART|SA_SIGINFO, unblocked
    SIGBUS: crash_handler in libjvm.so, mask=11100100010111111101111111111110, flags=SA_RESTART|SA_SIGINFO, unblocked
    SIGFPE: crash_handler in libjvm.so, mask=11100100010111111101111111111110, flags=SA_RESTART|SA_SIGINFO, unblocked
   SIGPIPE: javaSignalHandler in libjvm.so, mask=11100100010111111101111111111110, flags=SA_RESTART|SA_SIGINFO, blocked
   SIGXFSZ: javaSignalHandler in libjvm.so, mask=11100100010111111101111111111110, flags=SA_RESTART|SA_SIGINFO, blocked
    SIGILL: crash_handler in libjvm.so, mask=11100100010111111101111111111110, flags=SA_RESTART|SA_SIGINFO, unblocked
   SIGUSR2: SR_handler in libjvm.so, mask=00000000000000000000000000000000, flags=SA_RESTART|SA_SIGINFO, blocked
    SIGHUP: UserHandler in libjvm.so, mask=11100100010111111101111111111110, flags=SA_RESTART|SA_SIGINFO, blocked
    SIGINT: UserHandler in libjvm.so, mask=11100100010111111101111111111110, flags=SA_RESTART|SA_SIGINFO, blocked
   SIGTERM: UserHandler in libjvm.so, mask=11100100010111111101111111111110, flags=SA_RESTART|SA_SIGINFO, blocked
   SIGQUIT: UserHandler in libjvm.so, mask=11100100010111111101111111111110, flags=SA_RESTART|SA_SIGINFO, blocked
   SIGTRAP: crash_handler in libjvm.so, mask=11100100010111111101111111111110, flags=SA_RESTART|SA_SIGINFO, unblocked


Periodic native trim disabled

---------------  S Y S T E M  ---------------

OS:
LSB_VERSION="core-2.0-noarch:core-3.2-noarch:core-4.0-noarch:core-2.0-x86_64:core-3.2-x86_64:core-4.0-x86_64"
uname: Linux 7.0.11-1-default #1 SMP PREEMPT_DYNAMIC Tue Jun  2 05:49:18 UTC 2026 (d1677f1) x86_64
OS uptime: 0 days 7:06 hours
libc: glibc 2.43 NPTL 2.43 
rlimit (soft/hard): STACK 8192k/infinity , CORE infinity/infinity , NPROC 62105/62105 , NOFILE 524288/524288 , AS infinity/infinity , CPU infinity/infinity , DATA infinity/infinity , FSIZE infinity/infinity , MEMLOCK 8192k/8192k
load average: 3.81 5.37 6.87

/proc/meminfo:
MemTotal:       16093468 kB
MemFree:         1482560 kB
MemAvailable:    7435068 kB
Buffers:          402272 kB
Cached:          5384604 kB
SwapCached:      1820996 kB
Active:          6657160 kB
Inactive:        4544788 kB
Active(anon):    3369832 kB
Inactive(anon):  2345640 kB
Active(file):    3287328 kB
Inactive(file):  2199148 kB
Unevictable:      251964 kB
Mlocked:             284 kB
SwapTotal:      41943036 kB
SwapFree:       25547040 kB
Zswap:                 0 kB
Zswapped:              0 kB
Dirty:             64144 kB
Writeback:           260 kB
AnonPages:       5639128 kB
Mapped:          1151896 kB
Shmem:             48060 kB
KReclaimable:     825004 kB
Slab:            1342516 kB
SReclaimable:     825004 kB
SUnreclaim:       517512 kB
KernelStack:       49568 kB
PageTables:       323044 kB
SecPageTables:      3084 kB
NFS_Unstable:          0 kB
Bounce:                0 kB
WritebackTmp:          0 kB
CommitLimit:    49989768 kB
Committed_AS:   69105912 kB
VmallocTotal:   34359738367 kB
VmallocUsed:      216228 kB
VmallocChunk:          0 kB
Percpu:            15232 kB
HardwareCorrupted:     0 kB
AnonHugePages:     22528 kB
ShmemHugePages:        0 kB
ShmemPmdMapped:        0 kB
FileHugePages:     38912 kB
FilePmdMapped:     28672 kB
CmaTotal:              0 kB
CmaFree:               0 kB
Unaccepted:            0 kB
Balloon:               0 kB
HugePages_Total:       0
HugePages_Free:        0
HugePages_Rsvd:        0
HugePages_Surp:        0
Hugepagesize:       2048 kB
Hugetlb:               0 kB
DirectMap4k:     3785900 kB
DirectMap2M:    12716032 kB
DirectMap1G:     1048576 kB

/sys/kernel/mm/transparent_hugepage/enabled: [always] madvise never
/sys/kernel/mm/transparent_hugepage/hpage_pmd_size: 2097152
/sys/kernel/mm/transparent_hugepage/defrag (defrag/compaction efforts parameter): always defer defer+madvise [madvise] never

Process Memory:
Virtual Size: 6236112K (peak: 6238556K)
Resident Set Size: 20648K (peak: 1081648K) (anon: 13964K, file: 6684K, shmem: 0K)
Swapped out: 1034124K
C-Heap outstanding allocations: 65248K, retained: 103951K
glibc malloc tunables: (default)

/proc/sys/kernel/threads-max (system-wide limit on the number of threads): 124211
/proc/sys/vm/max_map_count (maximum number of memory map areas a process may have): 1048576
/proc/sys/vm/swappiness (control to define how aggressively the kernel swaps out anonymous memory): 60
/proc/sys/kernel/pid_max (system-wide limit on number of process identifiers): 4194304

container information not found.
Steal ticks since vm start: 0
Steal ticks percentage since vm start:  0.000

CPU: total 16 (initial active 16) (8 cores per cpu, 2 threads per core) family 6 model 141 stepping 1 microcode 0x58, cx8, cmov, fxsr, ht, mmx, 3dnowpref, sse, sse2, sse3, ssse3, sse4.1, sse4.2, popcnt, lzcnt, tsc, tscinvbit, avx, avx2, aes, erms, clmul, bmi1, bmi2, adx, avx512f, avx512dq, avx512cd, avx512bw, avx512vl, sha, fma, vzeroupper, avx512_vpopcntdq, avx512_vpclmulqdq, avx512_vaes, avx512_vnni, clflush, clflushopt, clwb, avx512_vbmi2, avx512_vbmi, rdtscp, rdpid, fsrm, gfni, avx512_bitalg, f16c, pku, ospke, cet_ibt, cet_ss, avx512_ifma
CPU Model and flags from /proc/cpuinfo:
model name	: 11th Gen Intel(R) Core(TM) i7-11800H @ 2.30GHz
flags		: fpu vme de pse tsc msr pae mce cx8 apic sep mtrr pge mca cmov pat pse36 clflush dts acpi mmx fxsr sse sse2 ss ht tm pbe syscall nx pdpe1gb rdtscp lm constant_tsc art arch_perfmon pebs bts rep_good nopl xtopology nonstop_tsc cpuid aperfmperf tsc_known_freq pni pclmulqdq dtes64 monitor ds_cpl vmx est tm2 ssse3 sdbg fma cx16 xtpr pdcm pcid sse4_1 sse4_2 x2apic movbe popcnt tsc_deadline_timer aes xsave avx f16c rdrand lahf_lm abm 3dnowprefetch cpuid_fault epb cat_l2 cdp_l2 ssbd ibrs ibpb stibp ibrs_enhanced tpr_shadow flexpriority ept vpid ept_ad fsgsbase tsc_adjust bmi1 avx2 smep bmi2 erms invpcid rdt_a avx512f avx512dq rdseed adx smap avx512ifma clflushopt clwb intel_pt avx512cd sha_ni avx512bw avx512vl xsaveopt xsavec xgetbv1 xsaves split_lock_detect user_shstk dtherm ida arat pln pts hwp hwp_notify hwp_act_window hwp_epp hwp_pkg_req vnmi avx512vbmi umip pku ospke avx512_vbmi2 gfni vaes vpclmulqdq avx512_vnni avx512_bitalg avx512_vpopcntdq rdpid movdiri movdir64b fsrm avx512_vp2intersect md_clear ibt flush_l1d arch_capabilities

Online cpus: 0-15
Offline cpus: 
BIOS frequency limitation: <Not Available>
Frequency switch latency (ns): 0
Available cpu frequencies: <Not Available>
Current governor: powersave
Core performance/turbo boost: <Not Available>

Memory: 4k page, physical 16093468k(7439580k free), swap 41943036k(25548472k free)
Page Sizes: 4k

vm_info: OpenJDK 64-Bit Server VM (21.0.10+7-LTS) for linux-amd64 JRE (21.0.10+7-LTS), built on 2026-01-20T00:00:00Z by "admin" with gcc 11.3.0

END.
