#
# A fatal error has been detected by the Java Runtime Environment:
#
#  SIGBUS (0x7) at pc=0x00007f2d37955c0e, pid=261222, tid=261232
#
# JRE version: OpenJDK Runtime Environment Temurin-21.0.10+7 (21.0.10+7) (build 21.0.10+7-LTS)
# Java VM: OpenJDK 64-Bit Server VM Temurin-21.0.10+7 (21.0.10+7-LTS, mixed mode, tiered, compressed oops, compressed class ptrs, g1 gc, linux-amd64)
# Problematic frame:
# V  [libjvm.so+0xd55c0e]  PerfLongVariant::sample()+0x1e
#
# Core dump will be written. Default location: Core dumps may be processed with "/usr/lib/systemd/systemd-coredump %P %u %g %s %t %c %h %d %F" (or dumping to /home/yusen/Obsidian Vault/core.261222)
#
# If you would like to submit a bug report, please visit:
#   https://github.com/adoptium/adoptium-support/issues
#

---------------  S U M M A R Y ------------

Command Line: -Xms64m -Xmx2048m -Dapp.name=ltex-ls-plus -Dapp.pid=261222 -Dapp.repo=/home/yusen/.vscode/extensions/ltex-plus.vscode-ltex-plus-15.7.1/lib/ltex-ls-plus-18.7.0/lib -Dapp.home=/home/yusen/.vscode/extensions/ltex-plus.vscode-ltex-plus-15.7.1/lib/ltex-ls-plus-18.7.0 -Dbasedir=/home/yusen/.vscode/extensions/ltex-plus.vscode-ltex-plus-15.7.1/lib/ltex-ls-plus-18.7.0 org.bsplines.ltexls.LtexLanguageServerLauncher

Host: 11th Gen Intel(R) Core(TM) i7-11800H @ 2.30GHz, 16 cores, 15G, LSB_VERSION="core-2.0-noarch:core-3.2-noarch:core-4.0-noarch:core-2.0-x86_64:core-3.2-x86_64:core-4.0-x86_64"
Time: Thu Jul 30 00:43:38 2026 CST elapsed time: 18444.388455 seconds (0d 5h 7m 24s)

---------------  T H R E A D  ---------------

Current thread (0x00007f2d301025d0):  WatcherThread "VM Periodic Task Thread" [id=261232, stack(0x00007f2d1c500000,0x00007f2d1c600000) (1024K)]

Stack: [0x00007f2d1c500000,0x00007f2d1c600000],  sp=0x00007f2d1c5fed30,  free space=1019k
Native frames: (J=compiled Java code, j=interpreted, Vv=VM code, C=native code)
V  [libjvm.so+0xd55c0e]  PerfLongVariant::sample()+0x1e
V  [libjvm.so+0xe99052]  StatSamplerTask::task()+0x32
V  [libjvm.so+0xf4d0fd]  PeriodicTask::real_time_tick(int)+0x5d
V  [libjvm.so+0xcd9830]  WatcherThread::run()+0x80
V  [libjvm.so+0xf84d48]  Thread::call_run()+0xa8
V  [libjvm.so+0xd0e2da]  thread_native_entry(Thread*)+0xda

siginfo: si_signo: 7 (SIGBUS), si_code: 2 (BUS_ADRERR), si_addr: 0x00007f2d385e65c8

Registers:
RAX=0x000010c66a9662ce, RBX=0x00007f2d385e65c8, RCX=0x0000000002eef844, RDX=0x0000000000006033
RSP=0x00007f2d1c5fed30, RBP=0x00007f2d1c5fed40, RSI=0x00007f2d3862a010, RDI=0x0000000000000001
R8 =0x0000000002eef844, R9 =0x00007f2d1c5fed10, R10=0x0000000000000000, R11=0x00007f2d3862a000
R12=0x00007f2d30269d30, R13=0x0000000000000001, R14=0x0000000000000002, R15=0x00007f2d38166440
RIP=0x00007f2d37955c0e, EFLAGS=0x0000000000010212, CSGSFS=0x002b000000000033, ERR=0x0000000000000007
  TRAPNO=0x000000000000000e

XMM[0]=0x0000000000000000 0x0000000000000000
XMM[1]=0x0000000000000000 0x00007f2cdc803970
XMM[2]=0x00007f2d301025d0 0x00007f2d301025d0
XMM[3]=0x00007f2d1c5fee50 0x00007f2d1c5ff6c0
XMM[4]=0x00007f2d301025d0 0x0000000000000000
XMM[5]=0x00007f2d386454ef 0x00007f2d380f13a0
XMM[6]=0x0000000000000008 0x0000000000100000
XMM[7]=0x00007f2d1c600000 0x0000000000000004
XMM[8]=0xcafebabecafebabe 0xcafebabecafebabe
XMM[9]=0x2e2e5e5b415c494d 0x015d48015d575d01
XMM[10]=0x2e2e2e2e2e2e2e0b 0x2e2e2e2e2e2e2e2e
XMM[11]=0x0000000000000000 0x00007f2d37dc71e0
XMM[12]=0x0000000000000000 0x0000000000000000
XMM[13]=0x0000000000000000 0x0000000000000000
XMM[14]=0x0000000000000000 0x0000000000000000
XMM[15]=0x0000000000000000 0x0000000000000000
  MXCSR=0x00001fa2


Register to memory mapping:

RAX=0x000010c66a9662ce is an unknown value
RBX=0x00007f2d385e65c8 points into unknown readable memory: 0x000010c6679a7049 | 49 70 9a 67 c6 10 00 00
RCX=0x0000000002eef844 is an unknown value
RDX=0x0000000000006033 is an unknown value
RSP=0x00007f2d1c5fed30 points into unknown readable memory: 0x00007f2d1c5fed60 | 60 ed 5f 1c 2d 7f 00 00
RBP=0x00007f2d1c5fed40 points into unknown readable memory: 0x00007f2d1c5fed60 | 60 ed 5f 1c 2d 7f 00 00
RSI=0x00007f2d3862a010 points into unknown readable memory: 0x000002135f7c97c8 | c8 97 7c 5f 13 02 00 00
RDI=0x0000000000000001 is an unknown value
R8 =0x0000000002eef844 is an unknown value
R9 =0x00007f2d1c5fed10 points into unknown readable memory: 0x0000000000006033 | 33 60 00 00 00 00 00 00
R10=0x0 is null
R11=0x00007f2d3862a000 points into unknown readable memory: 0x0000000102eef866 | 66 f8 ee 02 01 00 00 00
R12=0x00007f2d30269d30 points into unknown readable memory: 0x00007f2d30269d50 | 50 9d 26 30 2d 7f 00 00
R13=0x0000000000000001 is an unknown value
R14=0x0000000000000002 is an unknown value
R15=0x00007f2d38166440: <offset 0x0000000001566440> in /home/yusen/.vscode/extensions/ltex-plus.vscode-ltex-plus-15.7.1/lib/ltex-ls-plus-18.7.0/jdk-21.0.10+7/lib/server/libjvm.so at 0x00007f2d36c00000

Top of Stack: (sp=0x00007f2d1c5fed30)
0x00007f2d1c5fed30:   00007f2d1c5fed60 0000000000000001
0x00007f2d1c5fed40:   00007f2d1c5fed60 00007f2d37a99052
0x00007f2d1c5fed50:   0000000000000032 0000000000000032
0x00007f2d1c5fed60:   00007f2d1c5fedb0 00007f2d37b4d0fd
0x00007f2d1c5fed70:   00007f2d301031f0 00007f2d38154e58
0x00007f2d1c5fed80:   00007f2d1c5fed90 00007f2d301025d0
0x00007f2d1c5fed90:   0000000000000032 00007f2d1c500000
0x00007f2d1c5feda0:   0000000000100000 00007f2d1c4ff000
0x00007f2d1c5fedb0:   00007f2d1c5fee10 00007f2d378d9830
0x00007f2d1c5fedc0:   00007f2d301031f0 00007f2d1c5fee10
0x00007f2d1c5fedd0:   00007f2d1c5fede0 00007f2d3790c1f3
0x00007f2d1c5fede0:   6f69726550204d56 0073615420636964
0x00007f2d1c5fedf0:   00007f2d1c5fee10 a474e14735801d00
0x00007f2d1c5fee00:   00007f2d301031f0 00007f2d301025d0
0x00007f2d1c5fee10:   00007f2d1c5fee70 00007f2d37b84d48
0x00007f2d1c5fee20:   00007f2d1c5ff6c0 00007f2d301032c0
0x00007f2d1c5fee30:   0000000000000000 00007f2d301025d0
0x00007f2d1c5fee40:   00007f2d1c5fee70 00007f2d378c0e49
0x00007f2d1c5fee50:   00007f2d1c5fee70 00007f2d301032c0
0x00007f2d1c5fee60:   00007f2d301025d0 00007f2d1c5ffce4
0x00007f2d1c5fee70:   00007f2d1c5feea0 00007f2d3790e2da
0x00007f2d1c5fee80:   0000000000000000 00007f2d1c5ff6c0
0x00007f2d1c5fee90:   00007f2d36bfe7b0 00007f2d36bfe8a6
0x00007f2d1c5feea0:   0000000000000000 00007f2d3829b8f0
0x00007f2d1c5feeb0:   0000000000000000 00007f2d1c5ff6c0
0x00007f2d1c5feec0:   0000000000000000 0000002100000000
0x00007f2d1c5feed0:   ffffffffffffff40 0000000000000000
0x00007f2d1c5feee0:   0000000000000000 0000000000000000
0x00007f2d1c5feef0:   00007f2d1c5ff6c0 80703f9060468fd0
0x00007f2d1c5fef00:   00007f2d36bfe7b0 00007f2d36bfe8a6
0x00007f2d1c5fef10:   0000000000000002 00007f2d1c4ff000
0x00007f2d1c5fef20:   7e2a072fbd268fd0 7e2a4fc30e5c8fd0 

Instructions: (pc=0x00007f2d37955c0e)
0x00007f2d37955b0e:   00 04 00 00 00 48 83 c4 08 5b 41 5c 41 5d 41 5e
0x00007f2d37955b1e:   41 5f 5d c3 66 0f 1f 44 00 00 f0 83 04 24 00 48
0x00007f2d37955b2e:   8b 83 50 04 00 00 a8 01 0f 84 69 ff ff ff 31 d2
0x00007f2d37955b3e:   be 01 00 00 00 48 89 df e8 b5 d8 06 00 8b 83 48
0x00007f2d37955b4e:   04 00 00 a8 0c 0f 84 5a ff ff ff 48 89 df e8 9f
0x00007f2d37955b5e:   a7 bd ff e9 4d ff ff ff 66 2e 0f 1f 84 00 00 00
0x00007f2d37955b6e:   00 00 48 89 df e8 88 a7 bd ff e9 be fe ff ff 0f
0x00007f2d37955b7e:   1f 00 31 d2 be 01 00 00 00 48 89 df e8 71 d8 06
0x00007f2d37955b8e:   00 e9 99 fe ff ff 0f 1f 40 00 48 89 df e8 d0 96
0x00007f2d37955b9e:   bd ff e9 5d fe ff ff 48 8d 05 c4 13 7a 00 48 8d
0x00007f2d37955bae:   0d 47 ca 3e 00 48 8d 15 56 ca 3e 00 be 35 01 00
0x00007f2d37955bbe:   00 48 8d 3d 32 6f 44 00 48 8b 00 c6 00 58 31 c0
0x00007f2d37955bce:   e8 fd 97 96 ff 66 66 66 66 2e 0f 1f 84 00 00 00
0x00007f2d37955bde:   00 00 0f 1f 44 00 00 00 00 00 00 00 00 00 00 00
0x00007f2d37955bee:   00 00 4c 8b 47 38 4d 85 c0 74 27 55 48 89 e5 53
0x00007f2d37955bfe:   48 83 ec 08 49 8b 00 48 8b 5f 28 4c 89 c7 ff 10
0x00007f2d37955c0e:   48 89 03 48 8b 5d f8 c9 c3 66 0f 1f 84 00 00 00
0x00007f2d37955c1e:   00 00 c3 90 66 66 2e 0f 1f 84 00 00 00 00 00 0f
0x00007f2d37955c2e:   1f 00 55 48 8d 05 e0 5c 79 00 66 41 0f 6e c0 66
0x00007f2d37955c3e:   0f 6e c9 66 0f 62 c1 48 89 e5 41 57 49 89 d7 41
0x00007f2d37955c4e:   56 41 55 4c 63 ee 41 54 53 48 89 fb 48 83 ec 18
0x00007f2d37955c5e:   48 89 07 48 8d 05 d8 f8 7a 00 48 c7 47 08 00 00
0x00007f2d37955c6e:   00 00 4e 8b 34 e8 c6 47 18 00 48 c7 47 28 00 00
0x00007f2d37955c7e:   00 00 66 0f d6 47 10 48 89 d7 e8 63 dc 54 ff 4c
0x00007f2d37955c8e:   89 f7 48 89 45 c8 e8 57 dc 54 ff 48 8b 55 c8 be
0x00007f2d37955c9e:   09 00 00 00 4c 8d 4c 02 02 31 d2 4c 89 cf 4c 89
0x00007f2d37955cae:   4d c8 e8 3b cb 6d ff 41 83 fd 18 4c 8b 4d c8 48
0x00007f2d37955cbe:   89 43 08 48 89 c7 74 5a 48 8d 15 4b 13 3d 00 4d
0x00007f2d37955cce:   89 f8 4c 89 f1 4c 89 ce 31 c0 4d 89 ec e8 10 ac
0x00007f2d37955cde:   fa ff 49 69 c5 56 55 55 55 44 89 ea c1 fa 1f 48
0x00007f2d37955cee:   c1 e8 20 29 d0 8d 04 40 41 29 c4 41 83 fc 01 77
0x00007f2d37955cfe:   5d b8 01 00 00 00 89 43 1c 48 83 c4 18 5b 41 5c 


Stack slot to memory mapping:

stack at sp + 0 slots: 0x00007f2d1c5fed60 points into unknown readable memory: 0x00007f2d1c5fedb0 | b0 ed 5f 1c 2d 7f 00 00
stack at sp + 1 slots: 0x0000000000000001 is an unknown value
stack at sp + 2 slots: 0x00007f2d1c5fed60 points into unknown readable memory: 0x00007f2d1c5fedb0 | b0 ed 5f 1c 2d 7f 00 00
stack at sp + 3 slots: 0x00007f2d37a99052: <offset 0x0000000000e99052> in /home/yusen/.vscode/extensions/ltex-plus.vscode-ltex-plus-15.7.1/lib/ltex-ls-plus-18.7.0/jdk-21.0.10+7/lib/server/libjvm.so at 0x00007f2d36c00000
stack at sp + 4 slots: 0x0000000000000032 is an unknown value
stack at sp + 5 slots: 0x0000000000000032 is an unknown value
stack at sp + 6 slots: 0x00007f2d1c5fedb0 points into unknown readable memory: 0x00007f2d1c5fee10 | 10 ee 5f 1c 2d 7f 00 00
stack at sp + 7 slots: 0x00007f2d37b4d0fd: <offset 0x0000000000f4d0fd> in /home/yusen/.vscode/extensions/ltex-plus.vscode-ltex-plus-15.7.1/lib/ltex-ls-plus-18.7.0/jdk-21.0.10+7/lib/server/libjvm.so at 0x00007f2d36c00000


---------------  P R O C E S S  ---------------

Threads class SMR info:
_java_thread_list=0x00007f2d30fb21b0, length=12, elements={
0x00007f2d301da8a0, 0x00007f2d301db740, 0x00007f2d301dd040, 0x00007f2d301de5b0,
0x00007f2d301e8180, 0x00007f2d301e96c0, 0x00007f2d301ead80, 0x00007f2d30268420,
0x00007f2d3026f270, 0x00007f2d31195770, 0x00007f2cd037f500, 0x00007f2d30032c60
}

Java Threads: ( => current thread )
  0x00007f2d301da8a0 JavaThread "Reference Handler"          daemon [_thread_blocked, id=261234, stack(0x00007f2d1c2fe000,0x00007f2d1c3fe000) (1024K)]
  0x00007f2d301db740 JavaThread "Finalizer"                  daemon [_thread_blocked, id=261235, stack(0x00007f2d1c1fd000,0x00007f2d1c2fd000) (1024K)]
  0x00007f2d301dd040 JavaThread "Signal Dispatcher"          daemon [_thread_blocked, id=261236, stack(0x00007f2d1c0fc000,0x00007f2d1c1fc000) (1024K)]
  0x00007f2d301de5b0 JavaThread "Service Thread"             daemon [_thread_blocked, id=261237, stack(0x00007f2d0df00000,0x00007f2d0e000000) (1024K)]
  0x00007f2d301e8180 JavaThread "Monitor Deflation Thread"   daemon [_thread_blocked, id=261238, stack(0x00007f2d0db00000,0x00007f2d0dc00000) (1024K)]
  0x00007f2d301e96c0 JavaThread "C2 CompilerThread0"         daemon [_thread_blocked, id=261239, stack(0x00007f2d0d9ff000,0x00007f2d0daff000) (1024K)]
  0x00007f2d301ead80 JavaThread "C1 CompilerThread0"         daemon [_thread_blocked, id=261240, stack(0x00007f2d0d8fe000,0x00007f2d0d9fe000) (1024K)]
  0x00007f2d30268420 JavaThread "Notification Thread"        daemon [_thread_blocked, id=261244, stack(0x00007f2d0d6fc000,0x00007f2d0d7fc000) (1024K)]
  0x00007f2d3026f270 JavaThread "Common-Cleaner"             daemon [_thread_blocked, id=261245, stack(0x00007f2d0d5fb000,0x00007f2d0d6fb000) (1024K)]
  0x00007f2d31195770 JavaThread "ltex-fragment-cache-sweeper" daemon [_thread_blocked, id=262166, stack(0x00007f2d0c2f2000,0x00007f2d0c3f2000) (1024K)]
  0x00007f2cd037f500 JavaThread "pool-1-thread-1"                   [_thread_blocked, id=262282, stack(0x00007f2d0cbfb000,0x00007f2d0ccfb000) (1024K)]
  0x00007f2d30032c60 JavaThread "DestroyJavaVM"                     [_thread_blocked, id=261226, stack(0x00007f2d36b00000,0x00007f2d36c00000) (1024K)]
Total: 12

Other Threads:
  0x00007f2d3010dc20 VMThread "VM Thread"                           [id=261233, stack(0x00007f2d1c3ff000,0x00007f2d1c4ff000) (1024K)]
=>0x00007f2d301025d0 WatcherThread "VM Periodic Task Thread"        [id=261232, stack(0x00007f2d1c500000,0x00007f2d1c600000) (1024K)]
  0x00007f2d3006c230 WorkerThread "GC Thread#0"                     [id=261227, stack(0x00007f2d3523b000,0x00007f2d3533b000) (1024K)]
  0x00007f2cf40089b0 WorkerThread "GC Thread#1"                     [id=261405, stack(0x00007f2d0d100000,0x00007f2d0d200000) (1024K)]
  0x00007f2cf4011b60 WorkerThread "GC Thread#2"                     [id=261406, stack(0x00007f2d0cfff000,0x00007f2d0d0ff000) (1024K)]
  0x00007f2cf4012600 WorkerThread "GC Thread#3"                     [id=261407, stack(0x00007f2d0cefe000,0x00007f2d0cffe000) (1024K)]
  0x00007f2cf40130f0 WorkerThread "GC Thread#4"                     [id=261408, stack(0x00007f2d0cdfd000,0x00007f2d0cefd000) (1024K)]
  0x00007f2cf4013c00 WorkerThread "GC Thread#5"                     [id=261409, stack(0x00007f2d0ccfc000,0x00007f2d0cdfc000) (1024K)]
  0x00007f2cf4011000 WorkerThread "GC Thread#6"                     [id=261429, stack(0x00007f2d0cafa000,0x00007f2d0cbfa000) (1024K)]
  0x00007f2cf400b400 WorkerThread "GC Thread#7"                     [id=261430, stack(0x00007f2d0c9f9000,0x00007f2d0caf9000) (1024K)]
  0x00007f2cf400bef0 WorkerThread "GC Thread#8"                     [id=261431, stack(0x00007f2d0c8f8000,0x00007f2d0c9f8000) (1024K)]
  0x00007f2cf4016b00 WorkerThread "GC Thread#9"                     [id=261432, stack(0x00007f2d0c7f7000,0x00007f2d0c8f7000) (1024K)]
  0x00007f2cf4017570 WorkerThread "GC Thread#10"                    [id=261433, stack(0x00007f2d0c6f6000,0x00007f2d0c7f6000) (1024K)]
  0x00007f2cf4018060 WorkerThread "GC Thread#11"                    [id=261434, stack(0x00007f2d0c5f5000,0x00007f2d0c6f5000) (1024K)]
  0x00007f2cf4010750 WorkerThread "GC Thread#12"                    [id=261450, stack(0x00007f2d0c1f1000,0x00007f2d0c2f1000) (1024K)]
  0x00007f2d3007d7a0 ConcurrentGCThread "G1 Main Marker"            [id=261228, stack(0x00007f2d3513a000,0x00007f2d3523a000) (1024K)]
  0x00007f2d3007e670 WorkerThread "G1 Conc#0"                       [id=261229, stack(0x00007f2d35039000,0x00007f2d35139000) (1024K)]
  0x00007f2d10000d00 WorkerThread "G1 Conc#1"                       [id=261435, stack(0x00007f2d0c4f4000,0x00007f2d0c5f4000) (1024K)]
  0x00007f2d10001830 WorkerThread "G1 Conc#2"                       [id=261436, stack(0x00007f2d0c3f3000,0x00007f2d0c4f3000) (1024K)]
  0x00007f2d300f0de0 ConcurrentGCThread "G1 Refine#0"               [id=261230, stack(0x00007f2d3422b000,0x00007f2d3432b000) (1024K)]
  0x00007f2d300f1cd0 ConcurrentGCThread "G1 Service"                [id=261231, stack(0x00007f2d3412a000,0x00007f2d3422a000) (1024K)]
Total: 21

Threads with active compile tasks:
Total: 0

VM state: not at safepoint (normal execution)

VM Mutex/Monitor currently owned by a thread:  ([mutex/lock_event])
[0x00007f2d38154e58] PeriodicTask_lock - owner thread: 0x00007f2d301025d0

Heap address: 0x0000000080000000, size: 2048 MB, Compressed Oops mode: 32-bit

CDS archive(s) not mapped
Compressed class space mapped at: 0x0000000100000000-0x0000000140000000, reserved size: 1073741824
Narrow klass base: 0x0000000000000000, Narrow klass shift: 3, Narrow klass range: 0x140000000

GC Precious Log:
 CardTable entry size: 512
 Card Set container configuration: InlinePtr #cards 5 size 8 Array Of Cards #cards 12 size 40 Howl #buckets 4 coarsen threshold 1843 Howl Bitmap #cards 512 size 80 coarsen threshold 460 Card regions per heap region 1 cards per card region 2048
 CPUs: 16 total, 16 available
 Memory: 15716M
 Large Page Support: Disabled
 NUMA Support: Disabled
 Compressed Oops: Enabled (32-bit)
 Heap Region Size: 1M
 Heap Min Capacity: 64M
 Heap Initial Capacity: 64M
 Heap Max Capacity: 2G
 Pre-touch: Disabled
 Parallel Workers: 13
 Concurrent Workers: 3
 Concurrent Refinement Workers: 13
 Periodic GC: Disabled

Heap:
 garbage-first heap   total 954368K, used 621381K [0x0000000080000000, 0x0000000100000000)
  region size 1024K, 159 young (162816K), 25 survivors (25600K)
 Metaspace       used 37344K, committed 37760K, reserved 1114112K
  class space    used 3798K, committed 4032K, reserved 1048576K

Heap Regions: E=young(eden), S=young(survivor), O=old, HS=humongous(starts), HC=humongous(continues), CS=collection set, F=free, TAMS=top-at-mark-start, PB=parsable bottom
|   0|0x0000000080000000, 0x0000000080100000, 0x0000000080100000|100%| O|  |TAMS 0x0000000080000000| PB 0x0000000080000000| Untracked 
|   1|0x0000000080100000, 0x0000000080200000, 0x0000000080200000|100%| O|  |TAMS 0x0000000080100000| PB 0x0000000080100000| Untracked 
|   2|0x0000000080200000, 0x0000000080300000, 0x0000000080300000|100%| O|  |TAMS 0x0000000080200000| PB 0x0000000080200000| Untracked 
|   3|0x0000000080300000, 0x0000000080400000, 0x0000000080400000|100%| O|  |TAMS 0x0000000080300000| PB 0x0000000080300000| Untracked 
|   4|0x0000000080400000, 0x0000000080500000, 0x0000000080500000|100%| O|  |TAMS 0x0000000080400000| PB 0x0000000080400000| Untracked 
|   5|0x0000000080500000, 0x0000000080600000, 0x0000000080600000|100%| O|  |TAMS 0x0000000080500000| PB 0x0000000080500000| Untracked 
|   6|0x0000000080600000, 0x0000000080700000, 0x0000000080700000|100%| O|  |TAMS 0x0000000080600000| PB 0x0000000080600000| Untracked 
|   7|0x0000000080700000, 0x0000000080800000, 0x0000000080800000|100%| O|  |TAMS 0x0000000080700000| PB 0x0000000080700000| Untracked 
|   8|0x0000000080800000, 0x0000000080900000, 0x0000000080900000|100%|HS|  |TAMS 0x0000000080800000| PB 0x0000000080800000| Complete 
|   9|0x0000000080900000, 0x0000000080a00000, 0x0000000080a00000|100%| O|  |TAMS 0x0000000080900000| PB 0x0000000080900000| Untracked 
|  10|0x0000000080a00000, 0x0000000080b00000, 0x0000000080b00000|100%| O|  |TAMS 0x0000000080a00000| PB 0x0000000080a00000| Untracked 
|  11|0x0000000080b00000, 0x0000000080c00000, 0x0000000080c00000|100%| O|  |TAMS 0x0000000080b00000| PB 0x0000000080b00000| Untracked 
|  12|0x0000000080c00000, 0x0000000080d00000, 0x0000000080d00000|100%| O|  |TAMS 0x0000000080c00000| PB 0x0000000080c00000| Untracked 
|  13|0x0000000080d00000, 0x0000000080e00000, 0x0000000080e00000|100%| O|  |TAMS 0x0000000080d00000| PB 0x0000000080d00000| Untracked 
|  14|0x0000000080e00000, 0x0000000080f00000, 0x0000000080f00000|100%| O|  |TAMS 0x0000000080e00000| PB 0x0000000080e00000| Untracked 
|  15|0x0000000080f00000, 0x0000000081000000, 0x0000000081000000|100%| O|  |TAMS 0x0000000080f00000| PB 0x0000000080f00000| Untracked 
|  16|0x0000000081000000, 0x0000000081100000, 0x0000000081100000|100%| O|  |TAMS 0x0000000081000000| PB 0x0000000081000000| Untracked 
|  17|0x0000000081100000, 0x0000000081200000, 0x0000000081200000|100%| O|  |TAMS 0x0000000081100000| PB 0x0000000081100000| Untracked 
|  18|0x0000000081200000, 0x0000000081300000, 0x0000000081300000|100%| O|  |TAMS 0x0000000081200000| PB 0x0000000081200000| Untracked 
|  19|0x0000000081300000, 0x0000000081400000, 0x0000000081400000|100%| O|  |TAMS 0x0000000081300000| PB 0x0000000081300000| Untracked 
|  20|0x0000000081400000, 0x0000000081500000, 0x0000000081500000|100%| O|  |TAMS 0x0000000081400000| PB 0x0000000081400000| Untracked 
|  21|0x0000000081500000, 0x0000000081600000, 0x0000000081600000|100%| O|Cm|TAMS 0x0000000081500000| PB 0x0000000081500000| Complete 
|  22|0x0000000081600000, 0x0000000081700000, 0x0000000081700000|100%| O|  |TAMS 0x0000000081600000| PB 0x0000000081600000| Untracked 
|  23|0x0000000081700000, 0x0000000081800000, 0x0000000081800000|100%| O|  |TAMS 0x0000000081700000| PB 0x0000000081700000| Untracked 
|  24|0x0000000081800000, 0x0000000081900000, 0x0000000081900000|100%| O|  |TAMS 0x0000000081800000| PB 0x0000000081800000| Untracked 
|  25|0x0000000081900000, 0x0000000081a00000, 0x0000000081a00000|100%|HS|  |TAMS 0x0000000081900000| PB 0x0000000081900000| Complete 
|  26|0x0000000081a00000, 0x0000000081b00000, 0x0000000081b00000|100%| O|  |TAMS 0x0000000081a00000| PB 0x0000000081a00000| Untracked 
|  27|0x0000000081b00000, 0x0000000081c00000, 0x0000000081c00000|100%| O|  |TAMS 0x0000000081b00000| PB 0x0000000081b00000| Untracked 
|  28|0x0000000081c00000, 0x0000000081d00000, 0x0000000081d00000|100%| O|  |TAMS 0x0000000081c00000| PB 0x0000000081c00000| Untracked 
|  29|0x0000000081d00000, 0x0000000081e00000, 0x0000000081e00000|100%| O|  |TAMS 0x0000000081d00000| PB 0x0000000081d00000| Untracked 
|  30|0x0000000081e00000, 0x0000000081f00000, 0x0000000081f00000|100%| O|  |TAMS 0x0000000081e00000| PB 0x0000000081e00000| Untracked 
|  31|0x0000000081f00000, 0x0000000082000000, 0x0000000082000000|100%| O|  |TAMS 0x0000000081f00000| PB 0x0000000081f00000| Untracked 
|  32|0x0000000082000000, 0x0000000082100000, 0x0000000082100000|100%| O|  |TAMS 0x0000000082000000| PB 0x0000000082000000| Untracked 
|  33|0x0000000082100000, 0x0000000082200000, 0x0000000082200000|100%| O|  |TAMS 0x0000000082100000| PB 0x0000000082100000| Untracked 
|  34|0x0000000082200000, 0x0000000082300000, 0x0000000082300000|100%| O|  |TAMS 0x0000000082200000| PB 0x0000000082200000| Untracked 
|  35|0x0000000082300000, 0x0000000082400000, 0x0000000082400000|100%| O|  |TAMS 0x0000000082300000| PB 0x0000000082300000| Untracked 
|  36|0x0000000082400000, 0x0000000082500000, 0x0000000082500000|100%|HS|  |TAMS 0x0000000082400000| PB 0x0000000082400000| Complete 
|  37|0x0000000082500000, 0x0000000082600000, 0x0000000082600000|100%|HS|  |TAMS 0x0000000082500000| PB 0x0000000082500000| Complete 
|  38|0x0000000082600000, 0x0000000082700000, 0x0000000082700000|100%| O|  |TAMS 0x0000000082600000| PB 0x0000000082600000| Untracked 
|  39|0x0000000082700000, 0x0000000082800000, 0x0000000082800000|100%| O|  |TAMS 0x0000000082700000| PB 0x0000000082700000| Untracked 
|  40|0x0000000082800000, 0x0000000082900000, 0x0000000082900000|100%| O|  |TAMS 0x0000000082800000| PB 0x0000000082800000| Untracked 
|  41|0x0000000082900000, 0x0000000082a00000, 0x0000000082a00000|100%| O|  |TAMS 0x0000000082900000| PB 0x0000000082900000| Untracked 
|  42|0x0000000082a00000, 0x0000000082b00000, 0x0000000082b00000|100%| O|  |TAMS 0x0000000082a00000| PB 0x0000000082a00000| Untracked 
|  43|0x0000000082b00000, 0x0000000082c00000, 0x0000000082c00000|100%| O|Cm|TAMS 0x0000000082b00000| PB 0x0000000082b00000| Complete 
|  44|0x0000000082c00000, 0x0000000082d00000, 0x0000000082d00000|100%| O|  |TAMS 0x0000000082c00000| PB 0x0000000082c00000| Untracked 
|  45|0x0000000082d00000, 0x0000000082d00000, 0x0000000082e00000|  0%| F|  |TAMS 0x0000000082d00000| PB 0x0000000082d00000| Untracked 
|  46|0x0000000082e00000, 0x0000000082f00000, 0x0000000082f00000|100%| O|  |TAMS 0x0000000082e00000| PB 0x0000000082e00000| Untracked 
|  47|0x0000000082f00000, 0x0000000083000000, 0x0000000083000000|100%| O|  |TAMS 0x0000000082f00000| PB 0x0000000082f00000| Untracked 
|  48|0x0000000083000000, 0x0000000083100000, 0x0000000083100000|100%| O|  |TAMS 0x0000000083000000| PB 0x0000000083000000| Untracked 
|  49|0x0000000083100000, 0x0000000083200000, 0x0000000083200000|100%| O|  |TAMS 0x0000000083100000| PB 0x0000000083100000| Untracked 
|  50|0x0000000083200000, 0x0000000083300000, 0x0000000083300000|100%| O|  |TAMS 0x0000000083200000| PB 0x0000000083200000| Untracked 
|  51|0x0000000083300000, 0x0000000083400000, 0x0000000083400000|100%|HS|  |TAMS 0x0000000083300000| PB 0x0000000083300000| Complete 
|  52|0x0000000083400000, 0x0000000083500000, 0x0000000083500000|100%|HC|  |TAMS 0x0000000083400000| PB 0x0000000083400000| Complete 
|  53|0x0000000083500000, 0x0000000083600000, 0x0000000083600000|100%|HC|  |TAMS 0x0000000083500000| PB 0x0000000083500000| Complete 
|  54|0x0000000083600000, 0x0000000083700000, 0x0000000083700000|100%| O|  |TAMS 0x0000000083600000| PB 0x0000000083600000| Untracked 
|  55|0x0000000083700000, 0x0000000083800000, 0x0000000083800000|100%| O|  |TAMS 0x0000000083700000| PB 0x0000000083700000| Untracked 
|  56|0x0000000083800000, 0x0000000083900000, 0x0000000083900000|100%| O|  |TAMS 0x0000000083800000| PB 0x0000000083800000| Untracked 
|  57|0x0000000083900000, 0x0000000083a00000, 0x0000000083a00000|100%|HS|  |TAMS 0x0000000083900000| PB 0x0000000083900000| Complete 
|  58|0x0000000083a00000, 0x0000000083b00000, 0x0000000083b00000|100%| O|  |TAMS 0x0000000083a00000| PB 0x0000000083a00000| Untracked 
|  59|0x0000000083b00000, 0x0000000083c00000, 0x0000000083c00000|100%| O|  |TAMS 0x0000000083b00000| PB 0x0000000083b00000| Untracked 
|  60|0x0000000083c00000, 0x0000000083d00000, 0x0000000083d00000|100%| O|  |TAMS 0x0000000083c00000| PB 0x0000000083c00000| Untracked 
|  61|0x0000000083d00000, 0x0000000083e00000, 0x0000000083e00000|100%| O|  |TAMS 0x0000000083d00000| PB 0x0000000083d00000| Untracked 
|  62|0x0000000083e00000, 0x0000000083f00000, 0x0000000083f00000|100%| O|  |TAMS 0x0000000083e00000| PB 0x0000000083e00000| Untracked 
|  63|0x0000000083f00000, 0x0000000084000000, 0x0000000084000000|100%| O|  |TAMS 0x0000000083f00000| PB 0x0000000083f00000| Untracked 
|  64|0x0000000084000000, 0x0000000084100000, 0x0000000084100000|100%| O|  |TAMS 0x0000000084000000| PB 0x0000000084000000| Untracked 
|  65|0x0000000084100000, 0x0000000084200000, 0x0000000084200000|100%| O|  |TAMS 0x0000000084100000| PB 0x0000000084100000| Untracked 
|  66|0x0000000084200000, 0x0000000084300000, 0x0000000084300000|100%| O|  |TAMS 0x0000000084200000| PB 0x0000000084200000| Untracked 
|  67|0x0000000084300000, 0x0000000084400000, 0x0000000084400000|100%| O|  |TAMS 0x0000000084300000| PB 0x0000000084300000| Untracked 
|  68|0x0000000084400000, 0x0000000084500000, 0x0000000084500000|100%| O|  |TAMS 0x0000000084400000| PB 0x0000000084400000| Untracked 
|  69|0x0000000084500000, 0x0000000084600000, 0x0000000084600000|100%|HS|  |TAMS 0x0000000084500000| PB 0x0000000084500000| Complete 
|  70|0x0000000084600000, 0x0000000084700000, 0x0000000084700000|100%| O|  |TAMS 0x0000000084600000| PB 0x0000000084600000| Untracked 
|  71|0x0000000084700000, 0x0000000084800000, 0x0000000084800000|100%| O|  |TAMS 0x0000000084700000| PB 0x0000000084700000| Untracked 
|  72|0x0000000084800000, 0x0000000084900000, 0x0000000084900000|100%| O|  |TAMS 0x0000000084800000| PB 0x0000000084800000| Untracked 
|  73|0x0000000084900000, 0x0000000084a00000, 0x0000000084a00000|100%| O|  |TAMS 0x0000000084900000| PB 0x0000000084900000| Untracked 
|  74|0x0000000084a00000, 0x0000000084b00000, 0x0000000084b00000|100%| O|  |TAMS 0x0000000084a00000| PB 0x0000000084a00000| Untracked 
|  75|0x0000000084b00000, 0x0000000084c00000, 0x0000000084c00000|100%| O|  |TAMS 0x0000000084b00000| PB 0x0000000084b00000| Untracked 
|  76|0x0000000084c00000, 0x0000000084d00000, 0x0000000084d00000|100%| O|  |TAMS 0x0000000084c00000| PB 0x0000000084c00000| Untracked 
|  77|0x0000000084d00000, 0x0000000084e00000, 0x0000000084e00000|100%| O|  |TAMS 0x0000000084d00000| PB 0x0000000084d00000| Untracked 
|  78|0x0000000084e00000, 0x0000000084f00000, 0x0000000084f00000|100%| O|  |TAMS 0x0000000084e00000| PB 0x0000000084e00000| Untracked 
|  79|0x0000000084f00000, 0x0000000085000000, 0x0000000085000000|100%| O|  |TAMS 0x0000000084f00000| PB 0x0000000084f00000| Untracked 
|  80|0x0000000085000000, 0x0000000085100000, 0x0000000085100000|100%| O|  |TAMS 0x0000000085000000| PB 0x0000000085000000| Untracked 
|  81|0x0000000085100000, 0x0000000085200000, 0x0000000085200000|100%| O|  |TAMS 0x0000000085100000| PB 0x0000000085100000| Untracked 
|  82|0x0000000085200000, 0x0000000085300000, 0x0000000085300000|100%| O|  |TAMS 0x0000000085200000| PB 0x0000000085200000| Untracked 
|  83|0x0000000085300000, 0x0000000085400000, 0x0000000085400000|100%| O|  |TAMS 0x0000000085300000| PB 0x0000000085300000| Untracked 
|  84|0x0000000085400000, 0x0000000085500000, 0x0000000085500000|100%| O|  |TAMS 0x0000000085400000| PB 0x0000000085400000| Untracked 
|  85|0x0000000085500000, 0x0000000085600000, 0x0000000085600000|100%| O|  |TAMS 0x0000000085500000| PB 0x0000000085500000| Untracked 
|  86|0x0000000085600000, 0x0000000085700000, 0x0000000085700000|100%| O|  |TAMS 0x0000000085600000| PB 0x0000000085600000| Untracked 
|  87|0x0000000085700000, 0x0000000085800000, 0x0000000085800000|100%| O|  |TAMS 0x0000000085700000| PB 0x0000000085700000| Untracked 
|  88|0x0000000085800000, 0x0000000085900000, 0x0000000085900000|100%| O|  |TAMS 0x0000000085800000| PB 0x0000000085800000| Untracked 
|  89|0x0000000085900000, 0x0000000085a00000, 0x0000000085a00000|100%| O|  |TAMS 0x0000000085900000| PB 0x0000000085900000| Untracked 
|  90|0x0000000085a00000, 0x0000000085b00000, 0x0000000085b00000|100%| O|  |TAMS 0x0000000085a00000| PB 0x0000000085a00000| Untracked 
|  91|0x0000000085b00000, 0x0000000085c00000, 0x0000000085c00000|100%| O|  |TAMS 0x0000000085b00000| PB 0x0000000085b00000| Untracked 
|  92|0x0000000085c00000, 0x0000000085d00000, 0x0000000085d00000|100%| O|  |TAMS 0x0000000085c00000| PB 0x0000000085c00000| Untracked 
|  93|0x0000000085d00000, 0x0000000085e00000, 0x0000000085e00000|100%| O|  |TAMS 0x0000000085d00000| PB 0x0000000085d00000| Untracked 
|  94|0x0000000085e00000, 0x0000000085f00000, 0x0000000085f00000|100%| O|  |TAMS 0x0000000085e00000| PB 0x0000000085e00000| Untracked 
|  95|0x0000000085f00000, 0x0000000086000000, 0x0000000086000000|100%| O|  |TAMS 0x0000000085f00000| PB 0x0000000085f00000| Untracked 
|  96|0x0000000086000000, 0x0000000086100000, 0x0000000086100000|100%| O|  |TAMS 0x0000000086000000| PB 0x0000000086000000| Untracked 
|  97|0x0000000086100000, 0x0000000086200000, 0x0000000086200000|100%| O|  |TAMS 0x0000000086100000| PB 0x0000000086100000| Untracked 
|  98|0x0000000086200000, 0x0000000086300000, 0x0000000086300000|100%| O|  |TAMS 0x0000000086200000| PB 0x0000000086200000| Untracked 
|  99|0x0000000086300000, 0x0000000086400000, 0x0000000086400000|100%| O|  |TAMS 0x0000000086300000| PB 0x0000000086300000| Untracked 
| 100|0x0000000086400000, 0x0000000086500000, 0x0000000086500000|100%| O|  |TAMS 0x0000000086400000| PB 0x0000000086400000| Untracked 
| 101|0x0000000086500000, 0x0000000086600000, 0x0000000086600000|100%| O|  |TAMS 0x0000000086500000| PB 0x0000000086500000| Untracked 
| 102|0x0000000086600000, 0x0000000086700000, 0x0000000086700000|100%| O|  |TAMS 0x0000000086600000| PB 0x0000000086600000| Untracked 
| 103|0x0000000086700000, 0x0000000086800000, 0x0000000086800000|100%| O|  |TAMS 0x0000000086700000| PB 0x0000000086700000| Untracked 
| 104|0x0000000086800000, 0x0000000086900000, 0x0000000086900000|100%| O|  |TAMS 0x0000000086800000| PB 0x0000000086800000| Untracked 
| 105|0x0000000086900000, 0x0000000086a00000, 0x0000000086a00000|100%| O|  |TAMS 0x0000000086900000| PB 0x0000000086900000| Untracked 
| 106|0x0000000086a00000, 0x0000000086b00000, 0x0000000086b00000|100%| O|  |TAMS 0x0000000086a00000| PB 0x0000000086a00000| Untracked 
| 107|0x0000000086b00000, 0x0000000086c00000, 0x0000000086c00000|100%| O|  |TAMS 0x0000000086b00000| PB 0x0000000086b00000| Untracked 
| 108|0x0000000086c00000, 0x0000000086d00000, 0x0000000086d00000|100%| O|  |TAMS 0x0000000086c00000| PB 0x0000000086c00000| Untracked 
| 109|0x0000000086d00000, 0x0000000086e00000, 0x0000000086e00000|100%| O|  |TAMS 0x0000000086d00000| PB 0x0000000086d00000| Untracked 
| 110|0x0000000086e00000, 0x0000000086f00000, 0x0000000086f00000|100%| O|  |TAMS 0x0000000086e00000| PB 0x0000000086e00000| Untracked 
| 111|0x0000000086f00000, 0x0000000087000000, 0x0000000087000000|100%| O|  |TAMS 0x0000000086f00000| PB 0x0000000086f00000| Untracked 
| 112|0x0000000087000000, 0x0000000087100000, 0x0000000087100000|100%| O|  |TAMS 0x0000000087000000| PB 0x0000000087000000| Untracked 
| 113|0x0000000087100000, 0x0000000087200000, 0x0000000087200000|100%|HS|  |TAMS 0x0000000087100000| PB 0x0000000087100000| Complete 
| 114|0x0000000087200000, 0x0000000087300000, 0x0000000087300000|100%|HC|  |TAMS 0x0000000087200000| PB 0x0000000087200000| Complete 
| 115|0x0000000087300000, 0x0000000087400000, 0x0000000087400000|100%|HS|  |TAMS 0x0000000087300000| PB 0x0000000087300000| Complete 
| 116|0x0000000087400000, 0x0000000087500000, 0x0000000087500000|100%|HS|  |TAMS 0x0000000087400000| PB 0x0000000087400000| Complete 
| 117|0x0000000087500000, 0x0000000087600000, 0x0000000087600000|100%|HS|  |TAMS 0x0000000087500000| PB 0x0000000087500000| Complete 
| 118|0x0000000087600000, 0x0000000087700000, 0x0000000087700000|100%|HS|  |TAMS 0x0000000087600000| PB 0x0000000087600000| Complete 
| 119|0x0000000087700000, 0x0000000087800000, 0x0000000087800000|100%|HS|  |TAMS 0x0000000087700000| PB 0x0000000087700000| Complete 
| 120|0x0000000087800000, 0x0000000087900000, 0x0000000087900000|100%|HS|  |TAMS 0x0000000087800000| PB 0x0000000087800000| Complete 
| 121|0x0000000087900000, 0x0000000087a00000, 0x0000000087a00000|100%| O|  |TAMS 0x0000000087900000| PB 0x0000000087900000| Untracked 
| 122|0x0000000087a00000, 0x0000000087b00000, 0x0000000087b00000|100%| O|  |TAMS 0x0000000087a00000| PB 0x0000000087a00000| Untracked 
| 123|0x0000000087b00000, 0x0000000087c00000, 0x0000000087c00000|100%| O|  |TAMS 0x0000000087b00000| PB 0x0000000087b00000| Untracked 
| 124|0x0000000087c00000, 0x0000000087d00000, 0x0000000087d00000|100%| O|  |TAMS 0x0000000087c00000| PB 0x0000000087c00000| Untracked 
| 125|0x0000000087d00000, 0x0000000087e00000, 0x0000000087e00000|100%| O|  |TAMS 0x0000000087d00000| PB 0x0000000087d00000| Untracked 
| 126|0x0000000087e00000, 0x0000000087f00000, 0x0000000087f00000|100%|HS|  |TAMS 0x0000000087e00000| PB 0x0000000087e00000| Complete 
| 127|0x0000000087f00000, 0x0000000088000000, 0x0000000088000000|100%|HC|  |TAMS 0x0000000087f00000| PB 0x0000000087f00000| Complete 
| 128|0x0000000088000000, 0x0000000088100000, 0x0000000088100000|100%| O|  |TAMS 0x0000000088000000| PB 0x0000000088000000| Untracked 
| 129|0x0000000088100000, 0x0000000088200000, 0x0000000088200000|100%| O|  |TAMS 0x0000000088100000| PB 0x0000000088100000| Untracked 
| 130|0x0000000088200000, 0x0000000088300000, 0x0000000088300000|100%| O|  |TAMS 0x0000000088200000| PB 0x0000000088200000| Untracked 
| 131|0x0000000088300000, 0x0000000088400000, 0x0000000088400000|100%| O|  |TAMS 0x0000000088300000| PB 0x0000000088300000| Untracked 
| 132|0x0000000088400000, 0x0000000088500000, 0x0000000088500000|100%| O|  |TAMS 0x0000000088400000| PB 0x0000000088400000| Untracked 
| 133|0x0000000088500000, 0x0000000088600000, 0x0000000088600000|100%| O|  |TAMS 0x0000000088500000| PB 0x0000000088500000| Untracked 
| 134|0x0000000088600000, 0x0000000088700000, 0x0000000088700000|100%| O|  |TAMS 0x0000000088600000| PB 0x0000000088600000| Untracked 
| 135|0x0000000088700000, 0x0000000088800000, 0x0000000088800000|100%| O|  |TAMS 0x0000000088700000| PB 0x0000000088700000| Untracked 
| 136|0x0000000088800000, 0x0000000088900000, 0x0000000088900000|100%| O|  |TAMS 0x0000000088800000| PB 0x0000000088800000| Untracked 
| 137|0x0000000088900000, 0x0000000088a00000, 0x0000000088a00000|100%| O|  |TAMS 0x0000000088900000| PB 0x0000000088900000| Untracked 
| 138|0x0000000088a00000, 0x0000000088b00000, 0x0000000088b00000|100%| O|  |TAMS 0x0000000088a00000| PB 0x0000000088a00000| Untracked 
| 139|0x0000000088b00000, 0x0000000088c00000, 0x0000000088c00000|100%| O|  |TAMS 0x0000000088b00000| PB 0x0000000088b00000| Untracked 
| 140|0x0000000088c00000, 0x0000000088d00000, 0x0000000088d00000|100%| O|  |TAMS 0x0000000088c00000| PB 0x0000000088c00000| Untracked 
| 141|0x0000000088d00000, 0x0000000088e00000, 0x0000000088e00000|100%| O|  |TAMS 0x0000000088d00000| PB 0x0000000088d00000| Untracked 
| 142|0x0000000088e00000, 0x0000000088f00000, 0x0000000088f00000|100%| O|  |TAMS 0x0000000088e00000| PB 0x0000000088e00000| Untracked 
| 143|0x0000000088f00000, 0x0000000089000000, 0x0000000089000000|100%| O|  |TAMS 0x0000000088f00000| PB 0x0000000088f00000| Untracked 
| 144|0x0000000089000000, 0x0000000089100000, 0x0000000089100000|100%| O|  |TAMS 0x0000000089000000| PB 0x0000000089000000| Untracked 
| 145|0x0000000089100000, 0x0000000089200000, 0x0000000089200000|100%| O|  |TAMS 0x0000000089100000| PB 0x0000000089100000| Untracked 
| 146|0x0000000089200000, 0x0000000089300000, 0x0000000089300000|100%| O|  |TAMS 0x0000000089200000| PB 0x0000000089200000| Untracked 
| 147|0x0000000089300000, 0x0000000089400000, 0x0000000089400000|100%| O|  |TAMS 0x0000000089300000| PB 0x0000000089300000| Untracked 
| 148|0x0000000089400000, 0x0000000089500000, 0x0000000089500000|100%| O|  |TAMS 0x0000000089400000| PB 0x0000000089400000| Untracked 
| 149|0x0000000089500000, 0x0000000089600000, 0x0000000089600000|100%| O|  |TAMS 0x0000000089500000| PB 0x0000000089500000| Untracked 
| 150|0x0000000089600000, 0x0000000089700000, 0x0000000089700000|100%| O|  |TAMS 0x0000000089600000| PB 0x0000000089600000| Untracked 
| 151|0x0000000089700000, 0x0000000089800000, 0x0000000089800000|100%| O|  |TAMS 0x0000000089700000| PB 0x0000000089700000| Untracked 
| 152|0x0000000089800000, 0x0000000089900000, 0x0000000089900000|100%| O|  |TAMS 0x0000000089800000| PB 0x0000000089800000| Untracked 
| 153|0x0000000089900000, 0x0000000089a00000, 0x0000000089a00000|100%| O|  |TAMS 0x0000000089900000| PB 0x0000000089900000| Untracked 
| 154|0x0000000089a00000, 0x0000000089b00000, 0x0000000089b00000|100%|HS|  |TAMS 0x0000000089a00000| PB 0x0000000089a00000| Complete 
| 155|0x0000000089b00000, 0x0000000089c00000, 0x0000000089c00000|100%|HC|  |TAMS 0x0000000089b00000| PB 0x0000000089b00000| Complete 
| 156|0x0000000089c00000, 0x0000000089d00000, 0x0000000089d00000|100%|HC|  |TAMS 0x0000000089c00000| PB 0x0000000089c00000| Complete 
| 157|0x0000000089d00000, 0x0000000089e00000, 0x0000000089e00000|100%| O|  |TAMS 0x0000000089d00000| PB 0x0000000089d00000| Untracked 
| 158|0x0000000089e00000, 0x0000000089f00000, 0x0000000089f00000|100%| O|  |TAMS 0x0000000089e00000| PB 0x0000000089e00000| Untracked 
| 159|0x0000000089f00000, 0x000000008a000000, 0x000000008a000000|100%| O|  |TAMS 0x0000000089f00000| PB 0x0000000089f00000| Untracked 
| 160|0x000000008a000000, 0x000000008a100000, 0x000000008a100000|100%| O|  |TAMS 0x000000008a000000| PB 0x000000008a000000| Untracked 
| 161|0x000000008a100000, 0x000000008a200000, 0x000000008a200000|100%| O|  |TAMS 0x000000008a100000| PB 0x000000008a100000| Untracked 
| 162|0x000000008a200000, 0x000000008a300000, 0x000000008a300000|100%| O|  |TAMS 0x000000008a200000| PB 0x000000008a200000| Untracked 
| 163|0x000000008a300000, 0x000000008a400000, 0x000000008a400000|100%| O|  |TAMS 0x000000008a300000| PB 0x000000008a300000| Untracked 
| 164|0x000000008a400000, 0x000000008a500000, 0x000000008a500000|100%| O|  |TAMS 0x000000008a400000| PB 0x000000008a400000| Untracked 
| 165|0x000000008a500000, 0x000000008a600000, 0x000000008a600000|100%|HS|  |TAMS 0x000000008a500000| PB 0x000000008a500000| Complete 
| 166|0x000000008a600000, 0x000000008a700000, 0x000000008a700000|100%|HS|  |TAMS 0x000000008a600000| PB 0x000000008a600000| Complete 
| 167|0x000000008a700000, 0x000000008a800000, 0x000000008a800000|100%|HS|  |TAMS 0x000000008a700000| PB 0x000000008a700000| Complete 
| 168|0x000000008a800000, 0x000000008a900000, 0x000000008a900000|100%|HS|  |TAMS 0x000000008a800000| PB 0x000000008a800000| Complete 
| 169|0x000000008a900000, 0x000000008aa00000, 0x000000008aa00000|100%| O|  |TAMS 0x000000008a900000| PB 0x000000008a900000| Untracked 
| 170|0x000000008aa00000, 0x000000008ab00000, 0x000000008ab00000|100%| O|  |TAMS 0x000000008aa00000| PB 0x000000008aa00000| Untracked 
| 171|0x000000008ab00000, 0x000000008ac00000, 0x000000008ac00000|100%| O|  |TAMS 0x000000008ab00000| PB 0x000000008ab00000| Untracked 
| 172|0x000000008ac00000, 0x000000008ad00000, 0x000000008ad00000|100%| O|  |TAMS 0x000000008ac00000| PB 0x000000008ac00000| Untracked 
| 173|0x000000008ad00000, 0x000000008ae00000, 0x000000008ae00000|100%| O|  |TAMS 0x000000008ad00000| PB 0x000000008ad00000| Untracked 
| 174|0x000000008ae00000, 0x000000008af00000, 0x000000008af00000|100%|HS|  |TAMS 0x000000008ae00000| PB 0x000000008ae00000| Complete 
| 175|0x000000008af00000, 0x000000008b000000, 0x000000008b000000|100%|HC|  |TAMS 0x000000008af00000| PB 0x000000008af00000| Complete 
| 176|0x000000008b000000, 0x000000008b100000, 0x000000008b100000|100%| O|  |TAMS 0x000000008b000000| PB 0x000000008b000000| Untracked 
| 177|0x000000008b100000, 0x000000008b200000, 0x000000008b200000|100%| O|  |TAMS 0x000000008b100000| PB 0x000000008b100000| Untracked 
| 178|0x000000008b200000, 0x000000008b300000, 0x000000008b300000|100%| O|  |TAMS 0x000000008b200000| PB 0x000000008b200000| Untracked 
| 179|0x000000008b300000, 0x000000008b400000, 0x000000008b400000|100%| O|  |TAMS 0x000000008b300000| PB 0x000000008b300000| Untracked 
| 180|0x000000008b400000, 0x000000008b500000, 0x000000008b500000|100%| O|  |TAMS 0x000000008b400000| PB 0x000000008b400000| Untracked 
| 181|0x000000008b500000, 0x000000008b600000, 0x000000008b600000|100%| O|  |TAMS 0x000000008b500000| PB 0x000000008b500000| Untracked 
| 182|0x000000008b600000, 0x000000008b700000, 0x000000008b700000|100%| O|  |TAMS 0x000000008b600000| PB 0x000000008b600000| Untracked 
| 183|0x000000008b700000, 0x000000008b800000, 0x000000008b800000|100%| O|  |TAMS 0x000000008b700000| PB 0x000000008b700000| Untracked 
| 184|0x000000008b800000, 0x000000008b900000, 0x000000008b900000|100%| O|  |TAMS 0x000000008b800000| PB 0x000000008b800000| Untracked 
| 185|0x000000008b900000, 0x000000008ba00000, 0x000000008ba00000|100%| O|  |TAMS 0x000000008b900000| PB 0x000000008b900000| Untracked 
| 186|0x000000008ba00000, 0x000000008bb00000, 0x000000008bb00000|100%| O|  |TAMS 0x000000008ba00000| PB 0x000000008ba00000| Untracked 
| 187|0x000000008bb00000, 0x000000008bc00000, 0x000000008bc00000|100%| O|  |TAMS 0x000000008bb00000| PB 0x000000008bb00000| Untracked 
| 188|0x000000008bc00000, 0x000000008bd00000, 0x000000008bd00000|100%| O|  |TAMS 0x000000008bc00000| PB 0x000000008bc00000| Untracked 
| 189|0x000000008bd00000, 0x000000008be00000, 0x000000008be00000|100%| O|  |TAMS 0x000000008bd00000| PB 0x000000008bd00000| Untracked 
| 190|0x000000008be00000, 0x000000008bf00000, 0x000000008bf00000|100%| O|  |TAMS 0x000000008be00000| PB 0x000000008be00000| Untracked 
| 191|0x000000008bf00000, 0x000000008c000000, 0x000000008c000000|100%| O|  |TAMS 0x000000008bf00000| PB 0x000000008bf00000| Untracked 
| 192|0x000000008c000000, 0x000000008c100000, 0x000000008c100000|100%| O|  |TAMS 0x000000008c000000| PB 0x000000008c000000| Untracked 
| 193|0x000000008c100000, 0x000000008c200000, 0x000000008c200000|100%| O|  |TAMS 0x000000008c100000| PB 0x000000008c100000| Untracked 
| 194|0x000000008c200000, 0x000000008c300000, 0x000000008c300000|100%| O|  |TAMS 0x000000008c200000| PB 0x000000008c200000| Untracked 
| 195|0x000000008c300000, 0x000000008c400000, 0x000000008c400000|100%| O|  |TAMS 0x000000008c300000| PB 0x000000008c300000| Untracked 
| 196|0x000000008c400000, 0x000000008c500000, 0x000000008c500000|100%| O|  |TAMS 0x000000008c400000| PB 0x000000008c400000| Untracked 
| 197|0x000000008c500000, 0x000000008c600000, 0x000000008c600000|100%|HS|  |TAMS 0x000000008c500000| PB 0x000000008c500000| Complete 
| 198|0x000000008c600000, 0x000000008c700000, 0x000000008c700000|100%|HC|  |TAMS 0x000000008c600000| PB 0x000000008c600000| Complete 
| 199|0x000000008c700000, 0x000000008c800000, 0x000000008c800000|100%| O|  |TAMS 0x000000008c700000| PB 0x000000008c700000| Untracked 
| 200|0x000000008c800000, 0x000000008c900000, 0x000000008c900000|100%| O|  |TAMS 0x000000008c800000| PB 0x000000008c800000| Untracked 
| 201|0x000000008c900000, 0x000000008ca00000, 0x000000008ca00000|100%| O|  |TAMS 0x000000008c900000| PB 0x000000008c900000| Untracked 
| 202|0x000000008ca00000, 0x000000008cb00000, 0x000000008cb00000|100%| O|  |TAMS 0x000000008ca00000| PB 0x000000008ca00000| Untracked 
| 203|0x000000008cb00000, 0x000000008cc00000, 0x000000008cc00000|100%| O|  |TAMS 0x000000008cb00000| PB 0x000000008cb00000| Untracked 
| 204|0x000000008cc00000, 0x000000008cd00000, 0x000000008cd00000|100%| O|  |TAMS 0x000000008cc00000| PB 0x000000008cc00000| Untracked 
| 205|0x000000008cd00000, 0x000000008ce00000, 0x000000008ce00000|100%| O|  |TAMS 0x000000008cd00000| PB 0x000000008cd00000| Untracked 
| 206|0x000000008ce00000, 0x000000008cf00000, 0x000000008cf00000|100%| O|  |TAMS 0x000000008ce00000| PB 0x000000008ce00000| Untracked 
| 207|0x000000008cf00000, 0x000000008d000000, 0x000000008d000000|100%| O|  |TAMS 0x000000008cf00000| PB 0x000000008cf00000| Untracked 
| 208|0x000000008d000000, 0x000000008d100000, 0x000000008d100000|100%| O|  |TAMS 0x000000008d000000| PB 0x000000008d000000| Untracked 
| 209|0x000000008d100000, 0x000000008d200000, 0x000000008d200000|100%| O|  |TAMS 0x000000008d100000| PB 0x000000008d100000| Untracked 
| 210|0x000000008d200000, 0x000000008d300000, 0x000000008d300000|100%| O|  |TAMS 0x000000008d200000| PB 0x000000008d200000| Untracked 
| 211|0x000000008d300000, 0x000000008d400000, 0x000000008d400000|100%| O|  |TAMS 0x000000008d300000| PB 0x000000008d300000| Untracked 
| 212|0x000000008d400000, 0x000000008d500000, 0x000000008d500000|100%| O|  |TAMS 0x000000008d400000| PB 0x000000008d400000| Untracked 
| 213|0x000000008d500000, 0x000000008d600000, 0x000000008d600000|100%|HS|  |TAMS 0x000000008d500000| PB 0x000000008d500000| Complete 
| 214|0x000000008d600000, 0x000000008d700000, 0x000000008d700000|100%|HC|  |TAMS 0x000000008d600000| PB 0x000000008d600000| Complete 
| 215|0x000000008d700000, 0x000000008d800000, 0x000000008d800000|100%|HC|  |TAMS 0x000000008d700000| PB 0x000000008d700000| Complete 
| 216|0x000000008d800000, 0x000000008d900000, 0x000000008d900000|100%|HS|  |TAMS 0x000000008d800000| PB 0x000000008d800000| Complete 
| 217|0x000000008d900000, 0x000000008da00000, 0x000000008da00000|100%| O|  |TAMS 0x000000008d900000| PB 0x000000008d900000| Untracked 
| 218|0x000000008da00000, 0x000000008db00000, 0x000000008db00000|100%| O|  |TAMS 0x000000008da00000| PB 0x000000008da00000| Untracked 
| 219|0x000000008db00000, 0x000000008dc00000, 0x000000008dc00000|100%| O|  |TAMS 0x000000008db00000| PB 0x000000008db00000| Untracked 
| 220|0x000000008dc00000, 0x000000008dd00000, 0x000000008dd00000|100%| O|  |TAMS 0x000000008dc00000| PB 0x000000008dc00000| Untracked 
| 221|0x000000008dd00000, 0x000000008de00000, 0x000000008de00000|100%| O|  |TAMS 0x000000008dd00000| PB 0x000000008dd00000| Untracked 
| 222|0x000000008de00000, 0x000000008df00000, 0x000000008df00000|100%| O|  |TAMS 0x000000008de00000| PB 0x000000008de00000| Untracked 
| 223|0x000000008df00000, 0x000000008e000000, 0x000000008e000000|100%| O|  |TAMS 0x000000008df00000| PB 0x000000008df00000| Untracked 
| 224|0x000000008e000000, 0x000000008e100000, 0x000000008e100000|100%| O|  |TAMS 0x000000008e000000| PB 0x000000008e000000| Untracked 
| 225|0x000000008e100000, 0x000000008e200000, 0x000000008e200000|100%| O|  |TAMS 0x000000008e100000| PB 0x000000008e100000| Untracked 
| 226|0x000000008e200000, 0x000000008e300000, 0x000000008e300000|100%| O|  |TAMS 0x000000008e200000| PB 0x000000008e200000| Untracked 
| 227|0x000000008e300000, 0x000000008e400000, 0x000000008e400000|100%| O|  |TAMS 0x000000008e300000| PB 0x000000008e300000| Untracked 
| 228|0x000000008e400000, 0x000000008e400000, 0x000000008e500000|  0%| F|  |TAMS 0x000000008e400000| PB 0x000000008e400000| Untracked 
| 229|0x000000008e500000, 0x000000008e600000, 0x000000008e600000|100%| O|  |TAMS 0x000000008e500000| PB 0x000000008e500000| Untracked 
| 230|0x000000008e600000, 0x000000008e700000, 0x000000008e700000|100%| O|  |TAMS 0x000000008e600000| PB 0x000000008e600000| Untracked 
| 231|0x000000008e700000, 0x000000008e800000, 0x000000008e800000|100%| O|  |TAMS 0x000000008e700000| PB 0x000000008e700000| Untracked 
| 232|0x000000008e800000, 0x000000008e900000, 0x000000008e900000|100%| O|  |TAMS 0x000000008e800000| PB 0x000000008e800000| Untracked 
| 233|0x000000008e900000, 0x000000008ea00000, 0x000000008ea00000|100%| O|  |TAMS 0x000000008e900000| PB 0x000000008e900000| Untracked 
| 234|0x000000008ea00000, 0x000000008eb00000, 0x000000008eb00000|100%| O|  |TAMS 0x000000008ea00000| PB 0x000000008ea00000| Untracked 
| 235|0x000000008eb00000, 0x000000008ec00000, 0x000000008ec00000|100%| O|  |TAMS 0x000000008eb00000| PB 0x000000008eb00000| Untracked 
| 236|0x000000008ec00000, 0x000000008ed00000, 0x000000008ed00000|100%| O|  |TAMS 0x000000008ec00000| PB 0x000000008ec00000| Untracked 
| 237|0x000000008ed00000, 0x000000008ee00000, 0x000000008ee00000|100%| O|  |TAMS 0x000000008ed00000| PB 0x000000008ed00000| Untracked 
| 238|0x000000008ee00000, 0x000000008ef00000, 0x000000008ef00000|100%| O|  |TAMS 0x000000008ee00000| PB 0x000000008ee00000| Untracked 
| 239|0x000000008ef00000, 0x000000008f000000, 0x000000008f000000|100%| O|  |TAMS 0x000000008ef00000| PB 0x000000008ef00000| Untracked 
| 240|0x000000008f000000, 0x000000008f100000, 0x000000008f100000|100%| O|  |TAMS 0x000000008f000000| PB 0x000000008f000000| Untracked 
| 241|0x000000008f100000, 0x000000008f200000, 0x000000008f200000|100%| O|  |TAMS 0x000000008f100000| PB 0x000000008f100000| Untracked 
| 242|0x000000008f200000, 0x000000008f300000, 0x000000008f300000|100%| O|Cm|TAMS 0x000000008f200000| PB 0x000000008f200000| Complete 
| 243|0x000000008f300000, 0x000000008f400000, 0x000000008f400000|100%| O|  |TAMS 0x000000008f300000| PB 0x000000008f300000| Untracked 
| 244|0x000000008f400000, 0x000000008f500000, 0x000000008f500000|100%| O|  |TAMS 0x000000008f400000| PB 0x000000008f400000| Untracked 
| 245|0x000000008f500000, 0x000000008f600000, 0x000000008f600000|100%| O|  |TAMS 0x000000008f500000| PB 0x000000008f500000| Untracked 
| 246|0x000000008f600000, 0x000000008f700000, 0x000000008f700000|100%| O|  |TAMS 0x000000008f600000| PB 0x000000008f600000| Untracked 
| 247|0x000000008f700000, 0x000000008f800000, 0x000000008f800000|100%| O|  |TAMS 0x000000008f700000| PB 0x000000008f700000| Untracked 
| 248|0x000000008f800000, 0x000000008f900000, 0x000000008f900000|100%| O|  |TAMS 0x000000008f800000| PB 0x000000008f800000| Untracked 
| 249|0x000000008f900000, 0x000000008fa00000, 0x000000008fa00000|100%| O|  |TAMS 0x000000008f900000| PB 0x000000008f900000| Untracked 
| 250|0x000000008fa00000, 0x000000008fb00000, 0x000000008fb00000|100%| O|  |TAMS 0x000000008fa00000| PB 0x000000008fa00000| Untracked 
| 251|0x000000008fb00000, 0x000000008fc00000, 0x000000008fc00000|100%| O|  |TAMS 0x000000008fb00000| PB 0x000000008fb00000| Untracked 
| 252|0x000000008fc00000, 0x000000008fd00000, 0x000000008fd00000|100%| O|  |TAMS 0x000000008fc00000| PB 0x000000008fc00000| Untracked 
| 253|0x000000008fd00000, 0x000000008fe00000, 0x000000008fe00000|100%| O|  |TAMS 0x000000008fd00000| PB 0x000000008fd00000| Untracked 
| 254|0x000000008fe00000, 0x000000008ff00000, 0x000000008ff00000|100%| O|  |TAMS 0x000000008fe00000| PB 0x000000008fe00000| Untracked 
| 255|0x000000008ff00000, 0x0000000090000000, 0x0000000090000000|100%| O|  |TAMS 0x000000008ff00000| PB 0x000000008ff00000| Untracked 
| 256|0x0000000090000000, 0x0000000090100000, 0x0000000090100000|100%| O|  |TAMS 0x0000000090000000| PB 0x0000000090000000| Untracked 
| 257|0x0000000090100000, 0x0000000090200000, 0x0000000090200000|100%| O|  |TAMS 0x0000000090100000| PB 0x0000000090100000| Untracked 
| 258|0x0000000090200000, 0x0000000090300000, 0x0000000090300000|100%| O|Cm|TAMS 0x0000000090200000| PB 0x0000000090200000| Complete 
| 259|0x0000000090300000, 0x0000000090400000, 0x0000000090400000|100%| O|  |TAMS 0x0000000090300000| PB 0x0000000090300000| Untracked 
| 260|0x0000000090400000, 0x0000000090500000, 0x0000000090500000|100%| O|  |TAMS 0x0000000090400000| PB 0x0000000090400000| Untracked 
| 261|0x0000000090500000, 0x0000000090600000, 0x0000000090600000|100%| O|  |TAMS 0x0000000090500000| PB 0x0000000090500000| Untracked 
| 262|0x0000000090600000, 0x0000000090700000, 0x0000000090700000|100%|HS|  |TAMS 0x0000000090600000| PB 0x0000000090600000| Complete 
| 263|0x0000000090700000, 0x0000000090800000, 0x0000000090800000|100%|HC|  |TAMS 0x0000000090700000| PB 0x0000000090700000| Complete 
| 264|0x0000000090800000, 0x0000000090900000, 0x0000000090900000|100%| O|  |TAMS 0x0000000090800000| PB 0x0000000090800000| Untracked 
| 265|0x0000000090900000, 0x0000000090a00000, 0x0000000090a00000|100%| O|  |TAMS 0x0000000090900000| PB 0x0000000090900000| Untracked 
| 266|0x0000000090a00000, 0x0000000090b00000, 0x0000000090b00000|100%| O|  |TAMS 0x0000000090a00000| PB 0x0000000090a00000| Untracked 
| 267|0x0000000090b00000, 0x0000000090c00000, 0x0000000090c00000|100%| O|  |TAMS 0x0000000090b00000| PB 0x0000000090b00000| Untracked 
| 268|0x0000000090c00000, 0x0000000090d00000, 0x0000000090d00000|100%| O|  |TAMS 0x0000000090c00000| PB 0x0000000090c00000| Untracked 
| 269|0x0000000090d00000, 0x0000000090e00000, 0x0000000090e00000|100%| O|  |TAMS 0x0000000090d00000| PB 0x0000000090d00000| Untracked 
| 270|0x0000000090e00000, 0x0000000090f00000, 0x0000000090f00000|100%| O|  |TAMS 0x0000000090e00000| PB 0x0000000090e00000| Untracked 
| 271|0x0000000090f00000, 0x0000000091000000, 0x0000000091000000|100%| O|  |TAMS 0x0000000090f00000| PB 0x0000000090f00000| Untracked 
| 272|0x0000000091000000, 0x0000000091100000, 0x0000000091100000|100%| O|  |TAMS 0x0000000091000000| PB 0x0000000091000000| Untracked 
| 273|0x0000000091100000, 0x0000000091200000, 0x0000000091200000|100%| O|  |TAMS 0x0000000091100000| PB 0x0000000091100000| Untracked 
| 274|0x0000000091200000, 0x0000000091300000, 0x0000000091300000|100%| O|  |TAMS 0x0000000091200000| PB 0x0000000091200000| Untracked 
| 275|0x0000000091300000, 0x0000000091400000, 0x0000000091400000|100%| O|  |TAMS 0x0000000091300000| PB 0x0000000091300000| Untracked 
| 276|0x0000000091400000, 0x0000000091500000, 0x0000000091500000|100%| O|  |TAMS 0x0000000091400000| PB 0x0000000091400000| Untracked 
| 277|0x0000000091500000, 0x0000000091600000, 0x0000000091600000|100%| O|  |TAMS 0x0000000091500000| PB 0x0000000091500000| Untracked 
| 278|0x0000000091600000, 0x0000000091700000, 0x0000000091700000|100%| O|  |TAMS 0x0000000091600000| PB 0x0000000091600000| Untracked 
| 279|0x0000000091700000, 0x0000000091800000, 0x0000000091800000|100%| O|  |TAMS 0x0000000091700000| PB 0x0000000091700000| Untracked 
| 280|0x0000000091800000, 0x0000000091900000, 0x0000000091900000|100%| O|  |TAMS 0x0000000091800000| PB 0x0000000091800000| Untracked 
| 281|0x0000000091900000, 0x0000000091a00000, 0x0000000091a00000|100%| O|  |TAMS 0x0000000091900000| PB 0x0000000091900000| Untracked 
| 282|0x0000000091a00000, 0x0000000091b00000, 0x0000000091b00000|100%| O|  |TAMS 0x0000000091a00000| PB 0x0000000091a00000| Untracked 
| 283|0x0000000091b00000, 0x0000000091c00000, 0x0000000091c00000|100%| O|  |TAMS 0x0000000091b00000| PB 0x0000000091b00000| Untracked 
| 284|0x0000000091c00000, 0x0000000091d00000, 0x0000000091d00000|100%| O|  |TAMS 0x0000000091c00000| PB 0x0000000091c00000| Untracked 
| 285|0x0000000091d00000, 0x0000000091e00000, 0x0000000091e00000|100%| O|  |TAMS 0x0000000091d00000| PB 0x0000000091d00000| Untracked 
| 286|0x0000000091e00000, 0x0000000091f00000, 0x0000000091f00000|100%| O|  |TAMS 0x0000000091e00000| PB 0x0000000091e00000| Untracked 
| 287|0x0000000091f00000, 0x0000000092000000, 0x0000000092000000|100%| O|  |TAMS 0x0000000091f00000| PB 0x0000000091f00000| Untracked 
| 288|0x0000000092000000, 0x0000000092100000, 0x0000000092100000|100%| O|  |TAMS 0x0000000092000000| PB 0x0000000092000000| Untracked 
| 289|0x0000000092100000, 0x0000000092200000, 0x0000000092200000|100%| O|  |TAMS 0x0000000092100000| PB 0x0000000092100000| Untracked 
| 290|0x0000000092200000, 0x0000000092300000, 0x0000000092300000|100%| O|  |TAMS 0x0000000092200000| PB 0x0000000092200000| Untracked 
| 291|0x0000000092300000, 0x0000000092400000, 0x0000000092400000|100%| O|  |TAMS 0x0000000092300000| PB 0x0000000092300000| Untracked 
| 292|0x0000000092400000, 0x0000000092400000, 0x0000000092500000|  0%| F|  |TAMS 0x0000000092400000| PB 0x0000000092400000| Untracked 
| 293|0x0000000092500000, 0x0000000092600000, 0x0000000092600000|100%| O|  |TAMS 0x0000000092500000| PB 0x0000000092500000| Untracked 
| 294|0x0000000092600000, 0x0000000092700000, 0x0000000092700000|100%| O|  |TAMS 0x0000000092600000| PB 0x0000000092600000| Untracked 
| 295|0x0000000092700000, 0x0000000092800000, 0x0000000092800000|100%|HS|  |TAMS 0x0000000092700000| PB 0x0000000092700000| Complete 
| 296|0x0000000092800000, 0x0000000092900000, 0x0000000092900000|100%| O|Cm|TAMS 0x0000000092800000| PB 0x0000000092800000| Complete 
| 297|0x0000000092900000, 0x0000000092a00000, 0x0000000092a00000|100%| O|  |TAMS 0x0000000092900000| PB 0x0000000092900000| Untracked 
| 298|0x0000000092a00000, 0x0000000092b00000, 0x0000000092b00000|100%| O|  |TAMS 0x0000000092a00000| PB 0x0000000092a00000| Untracked 
| 299|0x0000000092b00000, 0x0000000092c00000, 0x0000000092c00000|100%| O|  |TAMS 0x0000000092b00000| PB 0x0000000092b00000| Untracked 
| 300|0x0000000092c00000, 0x0000000092d00000, 0x0000000092d00000|100%| O|  |TAMS 0x0000000092c00000| PB 0x0000000092c00000| Untracked 
| 301|0x0000000092d00000, 0x0000000092e00000, 0x0000000092e00000|100%| O|  |TAMS 0x0000000092d00000| PB 0x0000000092d00000| Untracked 
| 302|0x0000000092e00000, 0x0000000092f00000, 0x0000000092f00000|100%| O|  |TAMS 0x0000000092e00000| PB 0x0000000092e00000| Untracked 
| 303|0x0000000092f00000, 0x0000000093000000, 0x0000000093000000|100%| O|  |TAMS 0x0000000092f00000| PB 0x0000000092f00000| Untracked 
| 304|0x0000000093000000, 0x0000000093100000, 0x0000000093100000|100%| O|  |TAMS 0x0000000093000000| PB 0x0000000093000000| Untracked 
| 305|0x0000000093100000, 0x0000000093200000, 0x0000000093200000|100%| O|  |TAMS 0x0000000093100000| PB 0x0000000093100000| Untracked 
| 306|0x0000000093200000, 0x0000000093300000, 0x0000000093300000|100%| O|  |TAMS 0x0000000093200000| PB 0x0000000093200000| Untracked 
| 307|0x0000000093300000, 0x0000000093400000, 0x0000000093400000|100%| O|  |TAMS 0x0000000093300000| PB 0x0000000093300000| Untracked 
| 308|0x0000000093400000, 0x0000000093500000, 0x0000000093500000|100%| O|  |TAMS 0x0000000093400000| PB 0x0000000093400000| Untracked 
| 309|0x0000000093500000, 0x0000000093600000, 0x0000000093600000|100%| O|  |TAMS 0x0000000093500000| PB 0x0000000093500000| Untracked 
| 310|0x0000000093600000, 0x0000000093700000, 0x0000000093700000|100%| O|  |TAMS 0x0000000093600000| PB 0x0000000093600000| Untracked 
| 311|0x0000000093700000, 0x0000000093800000, 0x0000000093800000|100%| O|  |TAMS 0x0000000093700000| PB 0x0000000093700000| Untracked 
| 312|0x0000000093800000, 0x0000000093900000, 0x0000000093900000|100%| O|  |TAMS 0x0000000093800000| PB 0x0000000093800000| Untracked 
| 313|0x0000000093900000, 0x0000000093a00000, 0x0000000093a00000|100%| O|  |TAMS 0x0000000093900000| PB 0x0000000093900000| Untracked 
| 314|0x0000000093a00000, 0x0000000093b00000, 0x0000000093b00000|100%| O|  |TAMS 0x0000000093a00000| PB 0x0000000093a00000| Untracked 
| 315|0x0000000093b00000, 0x0000000093c00000, 0x0000000093c00000|100%| O|  |TAMS 0x0000000093b00000| PB 0x0000000093b00000| Untracked 
| 316|0x0000000093c00000, 0x0000000093d00000, 0x0000000093d00000|100%| O|  |TAMS 0x0000000093c00000| PB 0x0000000093c00000| Untracked 
| 317|0x0000000093d00000, 0x0000000093e00000, 0x0000000093e00000|100%| O|  |TAMS 0x0000000093d00000| PB 0x0000000093d00000| Untracked 
| 318|0x0000000093e00000, 0x0000000093f00000, 0x0000000093f00000|100%| O|  |TAMS 0x0000000093e00000| PB 0x0000000093e00000| Untracked 
| 319|0x0000000093f00000, 0x0000000094000000, 0x0000000094000000|100%| O|  |TAMS 0x0000000093f00000| PB 0x0000000093f00000| Untracked 
| 320|0x0000000094000000, 0x0000000094100000, 0x0000000094100000|100%| O|  |TAMS 0x0000000094000000| PB 0x0000000094000000| Untracked 
| 321|0x0000000094100000, 0x0000000094200000, 0x0000000094200000|100%| O|  |TAMS 0x0000000094100000| PB 0x0000000094100000| Untracked 
| 322|0x0000000094200000, 0x0000000094300000, 0x0000000094300000|100%| O|  |TAMS 0x0000000094200000| PB 0x0000000094200000| Untracked 
| 323|0x0000000094300000, 0x0000000094400000, 0x0000000094400000|100%| O|  |TAMS 0x0000000094300000| PB 0x0000000094300000| Untracked 
| 324|0x0000000094400000, 0x0000000094500000, 0x0000000094500000|100%| O|  |TAMS 0x0000000094400000| PB 0x0000000094400000| Untracked 
| 325|0x0000000094500000, 0x0000000094600000, 0x0000000094600000|100%| O|  |TAMS 0x0000000094500000| PB 0x0000000094500000| Untracked 
| 326|0x0000000094600000, 0x0000000094700000, 0x0000000094700000|100%| O|  |TAMS 0x0000000094600000| PB 0x0000000094600000| Untracked 
| 327|0x0000000094700000, 0x0000000094800000, 0x0000000094800000|100%| O|  |TAMS 0x0000000094700000| PB 0x0000000094700000| Untracked 
| 328|0x0000000094800000, 0x0000000094900000, 0x0000000094900000|100%| O|  |TAMS 0x0000000094800000| PB 0x0000000094800000| Untracked 
| 329|0x0000000094900000, 0x0000000094a00000, 0x0000000094a00000|100%| O|  |TAMS 0x0000000094900000| PB 0x0000000094900000| Untracked 
| 330|0x0000000094a00000, 0x0000000094b00000, 0x0000000094b00000|100%| O|  |TAMS 0x0000000094a00000| PB 0x0000000094a00000| Untracked 
| 331|0x0000000094b00000, 0x0000000094c00000, 0x0000000094c00000|100%| O|  |TAMS 0x0000000094b00000| PB 0x0000000094b00000| Untracked 
| 332|0x0000000094c00000, 0x0000000094d00000, 0x0000000094d00000|100%| O|  |TAMS 0x0000000094c00000| PB 0x0000000094c00000| Untracked 
| 333|0x0000000094d00000, 0x0000000094e00000, 0x0000000094e00000|100%| O|  |TAMS 0x0000000094d00000| PB 0x0000000094d00000| Untracked 
| 334|0x0000000094e00000, 0x0000000094f00000, 0x0000000094f00000|100%| O|  |TAMS 0x0000000094e00000| PB 0x0000000094e00000| Untracked 
| 335|0x0000000094f00000, 0x0000000095000000, 0x0000000095000000|100%| O|  |TAMS 0x0000000094f00000| PB 0x0000000094f00000| Untracked 
| 336|0x0000000095000000, 0x0000000095100000, 0x0000000095100000|100%| O|  |TAMS 0x0000000095000000| PB 0x0000000095000000| Untracked 
| 337|0x0000000095100000, 0x0000000095200000, 0x0000000095200000|100%| O|Cm|TAMS 0x0000000095100000| PB 0x0000000095100000| Complete 
| 338|0x0000000095200000, 0x0000000095300000, 0x0000000095300000|100%| O|  |TAMS 0x0000000095200000| PB 0x0000000095200000| Untracked 
| 339|0x0000000095300000, 0x0000000095400000, 0x0000000095400000|100%| O|  |TAMS 0x0000000095300000| PB 0x0000000095300000| Untracked 
| 340|0x0000000095400000, 0x0000000095500000, 0x0000000095500000|100%| O|  |TAMS 0x0000000095400000| PB 0x0000000095400000| Untracked 
| 341|0x0000000095500000, 0x0000000095600000, 0x0000000095600000|100%| O|  |TAMS 0x0000000095500000| PB 0x0000000095500000| Untracked 
| 342|0x0000000095600000, 0x0000000095700000, 0x0000000095700000|100%| O|  |TAMS 0x0000000095600000| PB 0x0000000095600000| Untracked 
| 343|0x0000000095700000, 0x0000000095800000, 0x0000000095800000|100%| O|  |TAMS 0x0000000095700000| PB 0x0000000095700000| Untracked 
| 344|0x0000000095800000, 0x0000000095900000, 0x0000000095900000|100%| O|  |TAMS 0x0000000095800000| PB 0x0000000095800000| Untracked 
| 345|0x0000000095900000, 0x0000000095a00000, 0x0000000095a00000|100%| O|  |TAMS 0x0000000095900000| PB 0x0000000095900000| Untracked 
| 346|0x0000000095a00000, 0x0000000095b00000, 0x0000000095b00000|100%| O|  |TAMS 0x0000000095a00000| PB 0x0000000095a00000| Untracked 
| 347|0x0000000095b00000, 0x0000000095c00000, 0x0000000095c00000|100%| O|  |TAMS 0x0000000095b00000| PB 0x0000000095b00000| Untracked 
| 348|0x0000000095c00000, 0x0000000095d00000, 0x0000000095d00000|100%| O|  |TAMS 0x0000000095c00000| PB 0x0000000095c00000| Untracked 
| 349|0x0000000095d00000, 0x0000000095e00000, 0x0000000095e00000|100%| O|  |TAMS 0x0000000095d00000| PB 0x0000000095d00000| Untracked 
| 350|0x0000000095e00000, 0x0000000095f00000, 0x0000000095f00000|100%| O|  |TAMS 0x0000000095e00000| PB 0x0000000095e00000| Untracked 
| 351|0x0000000095f00000, 0x0000000096000000, 0x0000000096000000|100%| O|  |TAMS 0x0000000095f00000| PB 0x0000000095f00000| Untracked 
| 352|0x0000000096000000, 0x0000000096100000, 0x0000000096100000|100%| O|  |TAMS 0x0000000096000000| PB 0x0000000096000000| Untracked 
| 353|0x0000000096100000, 0x0000000096200000, 0x0000000096200000|100%| O|  |TAMS 0x0000000096100000| PB 0x0000000096100000| Untracked 
| 354|0x0000000096200000, 0x0000000096300000, 0x0000000096300000|100%| O|  |TAMS 0x0000000096200000| PB 0x0000000096200000| Untracked 
| 355|0x0000000096300000, 0x0000000096400000, 0x0000000096400000|100%| O|  |TAMS 0x0000000096300000| PB 0x0000000096300000| Untracked 
| 356|0x0000000096400000, 0x0000000096500000, 0x0000000096500000|100%| O|  |TAMS 0x0000000096400000| PB 0x0000000096400000| Untracked 
| 357|0x0000000096500000, 0x0000000096600000, 0x0000000096600000|100%| O|  |TAMS 0x0000000096500000| PB 0x0000000096500000| Untracked 
| 358|0x0000000096600000, 0x0000000096700000, 0x0000000096700000|100%| O|  |TAMS 0x0000000096600000| PB 0x0000000096600000| Untracked 
| 359|0x0000000096700000, 0x0000000096700000, 0x0000000096800000|  0%| F|  |TAMS 0x0000000096700000| PB 0x0000000096700000| Untracked 
| 360|0x0000000096800000, 0x0000000096800000, 0x0000000096900000|  0%| F|  |TAMS 0x0000000096800000| PB 0x0000000096800000| Untracked 
| 361|0x0000000096900000, 0x0000000096a00000, 0x0000000096a00000|100%| O|  |TAMS 0x0000000096900000| PB 0x0000000096900000| Untracked 
| 362|0x0000000096a00000, 0x0000000096a00000, 0x0000000096b00000|  0%| F|  |TAMS 0x0000000096a00000| PB 0x0000000096a00000| Untracked 
| 363|0x0000000096b00000, 0x0000000096c00000, 0x0000000096c00000|100%|HS|  |TAMS 0x0000000096b00000| PB 0x0000000096b00000| Complete 
| 364|0x0000000096c00000, 0x0000000096d00000, 0x0000000096d00000|100%|HS|  |TAMS 0x0000000096c00000| PB 0x0000000096c00000| Complete 
| 365|0x0000000096d00000, 0x0000000096e00000, 0x0000000096e00000|100%| O|  |TAMS 0x0000000096d00000| PB 0x0000000096d00000| Untracked 
| 366|0x0000000096e00000, 0x0000000096f00000, 0x0000000096f00000|100%| O|  |TAMS 0x0000000096e00000| PB 0x0000000096e00000| Untracked 
| 367|0x0000000096f00000, 0x0000000097000000, 0x0000000097000000|100%| O|  |TAMS 0x0000000096f00000| PB 0x0000000096f00000| Untracked 
| 368|0x0000000097000000, 0x0000000097000000, 0x0000000097100000|  0%| F|  |TAMS 0x0000000097000000| PB 0x0000000097000000| Untracked 
| 369|0x0000000097100000, 0x0000000097200000, 0x0000000097200000|100%| O|  |TAMS 0x0000000097100000| PB 0x0000000097100000| Untracked 
| 370|0x0000000097200000, 0x0000000097300000, 0x0000000097300000|100%| O|  |TAMS 0x0000000097200000| PB 0x0000000097200000| Untracked 
| 371|0x0000000097300000, 0x0000000097400000, 0x0000000097400000|100%| O|  |TAMS 0x0000000097300000| PB 0x0000000097300000| Untracked 
| 372|0x0000000097400000, 0x0000000097500000, 0x0000000097500000|100%| O|  |TAMS 0x0000000097400000| PB 0x0000000097400000| Untracked 
| 373|0x0000000097500000, 0x0000000097600000, 0x0000000097600000|100%| O|  |TAMS 0x0000000097500000| PB 0x0000000097500000| Untracked 
| 374|0x0000000097600000, 0x0000000097700000, 0x0000000097700000|100%| O|  |TAMS 0x0000000097600000| PB 0x0000000097600000| Untracked 
| 375|0x0000000097700000, 0x0000000097800000, 0x0000000097800000|100%| O|  |TAMS 0x0000000097700000| PB 0x0000000097700000| Untracked 
| 376|0x0000000097800000, 0x0000000097900000, 0x0000000097900000|100%| O|  |TAMS 0x0000000097800000| PB 0x0000000097800000| Untracked 
| 377|0x0000000097900000, 0x0000000097a00000, 0x0000000097a00000|100%| O|  |TAMS 0x0000000097900000| PB 0x0000000097900000| Untracked 
| 378|0x0000000097a00000, 0x0000000097b00000, 0x0000000097b00000|100%| O|  |TAMS 0x0000000097a00000| PB 0x0000000097a00000| Untracked 
| 379|0x0000000097b00000, 0x0000000097c00000, 0x0000000097c00000|100%| O|  |TAMS 0x0000000097b00000| PB 0x0000000097b00000| Untracked 
| 380|0x0000000097c00000, 0x0000000097d00000, 0x0000000097d00000|100%| O|  |TAMS 0x0000000097c00000| PB 0x0000000097c00000| Untracked 
| 381|0x0000000097d00000, 0x0000000097e00000, 0x0000000097e00000|100%| O|  |TAMS 0x0000000097d00000| PB 0x0000000097d00000| Untracked 
| 382|0x0000000097e00000, 0x0000000097f00000, 0x0000000097f00000|100%| O|  |TAMS 0x0000000097e00000| PB 0x0000000097e00000| Untracked 
| 383|0x0000000097f00000, 0x0000000098000000, 0x0000000098000000|100%| O|  |TAMS 0x0000000097f00000| PB 0x0000000097f00000| Untracked 
| 384|0x0000000098000000, 0x0000000098100000, 0x0000000098100000|100%| O|  |TAMS 0x0000000098000000| PB 0x0000000098000000| Untracked 
| 385|0x0000000098100000, 0x0000000098200000, 0x0000000098200000|100%|HS|  |TAMS 0x0000000098100000| PB 0x0000000098100000| Complete 
| 386|0x0000000098200000, 0x0000000098300000, 0x0000000098300000|100%|HC|  |TAMS 0x0000000098200000| PB 0x0000000098200000| Complete 
| 387|0x0000000098300000, 0x0000000098300000, 0x0000000098400000|  0%| F|  |TAMS 0x0000000098300000| PB 0x0000000098300000| Untracked 
| 388|0x0000000098400000, 0x0000000098500000, 0x0000000098500000|100%| O|  |TAMS 0x0000000098400000| PB 0x0000000098400000| Untracked 
| 389|0x0000000098500000, 0x0000000098600000, 0x0000000098600000|100%| O|  |TAMS 0x0000000098500000| PB 0x0000000098500000| Untracked 
| 390|0x0000000098600000, 0x0000000098700000, 0x0000000098700000|100%| O|  |TAMS 0x0000000098600000| PB 0x0000000098600000| Untracked 
| 391|0x0000000098700000, 0x0000000098800000, 0x0000000098800000|100%| O|  |TAMS 0x0000000098700000| PB 0x0000000098700000| Untracked 
| 392|0x0000000098800000, 0x0000000098900000, 0x0000000098900000|100%| O|  |TAMS 0x0000000098800000| PB 0x0000000098800000| Untracked 
| 393|0x0000000098900000, 0x0000000098a00000, 0x0000000098a00000|100%| O|  |TAMS 0x0000000098900000| PB 0x0000000098900000| Untracked 
| 394|0x0000000098a00000, 0x0000000098b00000, 0x0000000098b00000|100%| O|  |TAMS 0x0000000098a00000| PB 0x0000000098a00000| Untracked 
| 395|0x0000000098b00000, 0x0000000098c00000, 0x0000000098c00000|100%| O|Cm|TAMS 0x0000000098b00000| PB 0x0000000098b00000| Complete 
| 396|0x0000000098c00000, 0x0000000098c7a730, 0x0000000098d00000| 47%| O|  |TAMS 0x0000000098c00000| PB 0x0000000098c00000| Untracked 
| 397|0x0000000098d00000, 0x0000000098e00000, 0x0000000098e00000|100%| O|  |TAMS 0x0000000098d00000| PB 0x0000000098d00000| Untracked 
| 398|0x0000000098e00000, 0x0000000098f00000, 0x0000000098f00000|100%| O|  |TAMS 0x0000000098e00000| PB 0x0000000098e00000| Untracked 
| 399|0x0000000098f00000, 0x0000000099000000, 0x0000000099000000|100%|HS|  |TAMS 0x0000000098f00000| PB 0x0000000098f00000| Complete 
| 400|0x0000000099000000, 0x0000000099100000, 0x0000000099100000|100%|HC|  |TAMS 0x0000000099000000| PB 0x0000000099000000| Complete 
| 401|0x0000000099100000, 0x0000000099200000, 0x0000000099200000|100%| O|  |TAMS 0x0000000099100000| PB 0x0000000099100000| Untracked 
| 402|0x0000000099200000, 0x0000000099300000, 0x0000000099300000|100%| O|  |TAMS 0x0000000099200000| PB 0x0000000099200000| Untracked 
| 403|0x0000000099300000, 0x0000000099400000, 0x0000000099400000|100%| O|  |TAMS 0x0000000099300000| PB 0x0000000099300000| Untracked 
| 404|0x0000000099400000, 0x0000000099500000, 0x0000000099500000|100%| O|  |TAMS 0x0000000099400000| PB 0x0000000099400000| Untracked 
| 405|0x0000000099500000, 0x0000000099600000, 0x0000000099600000|100%| O|  |TAMS 0x0000000099500000| PB 0x0000000099500000| Untracked 
| 406|0x0000000099600000, 0x0000000099700000, 0x0000000099700000|100%| O|  |TAMS 0x0000000099600000| PB 0x0000000099600000| Untracked 
| 407|0x0000000099700000, 0x0000000099800000, 0x0000000099800000|100%| O|  |TAMS 0x0000000099700000| PB 0x0000000099700000| Untracked 
| 408|0x0000000099800000, 0x0000000099900000, 0x0000000099900000|100%| O|  |TAMS 0x0000000099800000| PB 0x0000000099800000| Untracked 
| 409|0x0000000099900000, 0x0000000099a00000, 0x0000000099a00000|100%| O|  |TAMS 0x0000000099900000| PB 0x0000000099900000| Untracked 
| 410|0x0000000099a00000, 0x0000000099b00000, 0x0000000099b00000|100%| O|  |TAMS 0x0000000099a00000| PB 0x0000000099a00000| Untracked 
| 411|0x0000000099b00000, 0x0000000099c00000, 0x0000000099c00000|100%| O|  |TAMS 0x0000000099b00000| PB 0x0000000099b00000| Untracked 
| 412|0x0000000099c00000, 0x0000000099d00000, 0x0000000099d00000|100%| O|  |TAMS 0x0000000099c00000| PB 0x0000000099c00000| Untracked 
| 413|0x0000000099d00000, 0x0000000099e00000, 0x0000000099e00000|100%| O|  |TAMS 0x0000000099d00000| PB 0x0000000099d00000| Untracked 
| 414|0x0000000099e00000, 0x0000000099f00000, 0x0000000099f00000|100%| O|  |TAMS 0x0000000099e00000| PB 0x0000000099e00000| Untracked 
| 415|0x0000000099f00000, 0x000000009a000000, 0x000000009a000000|100%| O|  |TAMS 0x0000000099f00000| PB 0x0000000099f00000| Untracked 
| 416|0x000000009a000000, 0x000000009a100000, 0x000000009a100000|100%| O|  |TAMS 0x000000009a000000| PB 0x000000009a000000| Untracked 
| 417|0x000000009a100000, 0x000000009a200000, 0x000000009a200000|100%| O|  |TAMS 0x000000009a100000| PB 0x000000009a100000| Untracked 
| 418|0x000000009a200000, 0x000000009a300000, 0x000000009a300000|100%| O|  |TAMS 0x000000009a200000| PB 0x000000009a200000| Untracked 
| 419|0x000000009a300000, 0x000000009a400000, 0x000000009a400000|100%| O|  |TAMS 0x000000009a300000| PB 0x000000009a300000| Untracked 
| 420|0x000000009a400000, 0x000000009a500000, 0x000000009a500000|100%| O|  |TAMS 0x000000009a400000| PB 0x000000009a400000| Untracked 
| 421|0x000000009a500000, 0x000000009a600000, 0x000000009a600000|100%| O|  |TAMS 0x000000009a500000| PB 0x000000009a500000| Untracked 
| 422|0x000000009a600000, 0x000000009a700000, 0x000000009a700000|100%| O|  |TAMS 0x000000009a600000| PB 0x000000009a600000| Untracked 
| 423|0x000000009a700000, 0x000000009a800000, 0x000000009a800000|100%| O|  |TAMS 0x000000009a700000| PB 0x000000009a700000| Untracked 
| 424|0x000000009a800000, 0x000000009a900000, 0x000000009a900000|100%| O|  |TAMS 0x000000009a800000| PB 0x000000009a800000| Untracked 
| 425|0x000000009a900000, 0x000000009aa00000, 0x000000009aa00000|100%| O|  |TAMS 0x000000009a900000| PB 0x000000009a900000| Untracked 
| 426|0x000000009aa00000, 0x000000009ab00000, 0x000000009ab00000|100%| O|  |TAMS 0x000000009aa00000| PB 0x000000009aa00000| Untracked 
| 427|0x000000009ab00000, 0x000000009ac00000, 0x000000009ac00000|100%| O|  |TAMS 0x000000009ab00000| PB 0x000000009ab00000| Untracked 
| 428|0x000000009ac00000, 0x000000009ad00000, 0x000000009ad00000|100%| O|  |TAMS 0x000000009ac00000| PB 0x000000009ac00000| Untracked 
| 429|0x000000009ad00000, 0x000000009ae00000, 0x000000009ae00000|100%| O|  |TAMS 0x000000009ad00000| PB 0x000000009ad00000| Untracked 
| 430|0x000000009ae00000, 0x000000009af00000, 0x000000009af00000|100%| O|  |TAMS 0x000000009ae00000| PB 0x000000009ae00000| Untracked 
| 431|0x000000009af00000, 0x000000009b000000, 0x000000009b000000|100%| O|  |TAMS 0x000000009af00000| PB 0x000000009af00000| Untracked 
| 432|0x000000009b000000, 0x000000009b100000, 0x000000009b100000|100%| O|  |TAMS 0x000000009b000000| PB 0x000000009b000000| Untracked 
| 433|0x000000009b100000, 0x000000009b200000, 0x000000009b200000|100%| O|  |TAMS 0x000000009b100000| PB 0x000000009b100000| Untracked 
| 434|0x000000009b200000, 0x000000009b300000, 0x000000009b300000|100%| O|  |TAMS 0x000000009b200000| PB 0x000000009b200000| Untracked 
| 435|0x000000009b300000, 0x000000009b400000, 0x000000009b400000|100%| O|  |TAMS 0x000000009b300000| PB 0x000000009b300000| Untracked 
| 436|0x000000009b400000, 0x000000009b500000, 0x000000009b500000|100%| O|  |TAMS 0x000000009b400000| PB 0x000000009b400000| Untracked 
| 437|0x000000009b500000, 0x000000009b600000, 0x000000009b600000|100%| O|  |TAMS 0x000000009b500000| PB 0x000000009b500000| Untracked 
| 438|0x000000009b600000, 0x000000009b700000, 0x000000009b700000|100%| O|  |TAMS 0x000000009b600000| PB 0x000000009b600000| Untracked 
| 439|0x000000009b700000, 0x000000009b800000, 0x000000009b800000|100%| O|  |TAMS 0x000000009b700000| PB 0x000000009b700000| Untracked 
| 440|0x000000009b800000, 0x000000009b900000, 0x000000009b900000|100%| O|  |TAMS 0x000000009b800000| PB 0x000000009b800000| Untracked 
| 441|0x000000009b900000, 0x000000009b900000, 0x000000009ba00000|  0%| F|  |TAMS 0x000000009b900000| PB 0x000000009b900000| Untracked 
| 442|0x000000009ba00000, 0x000000009ba00000, 0x000000009bb00000|  0%| F|  |TAMS 0x000000009ba00000| PB 0x000000009ba00000| Untracked 
| 443|0x000000009bb00000, 0x000000009bb00000, 0x000000009bc00000|  0%| F|  |TAMS 0x000000009bb00000| PB 0x000000009bb00000| Untracked 
| 444|0x000000009bc00000, 0x000000009bc00000, 0x000000009bd00000|  0%| F|  |TAMS 0x000000009bc00000| PB 0x000000009bc00000| Untracked 
| 445|0x000000009bd00000, 0x000000009bd00000, 0x000000009be00000|  0%| F|  |TAMS 0x000000009bd00000| PB 0x000000009bd00000| Untracked 
| 446|0x000000009be00000, 0x000000009be00000, 0x000000009bf00000|  0%| F|  |TAMS 0x000000009be00000| PB 0x000000009be00000| Untracked 
| 447|0x000000009bf00000, 0x000000009bf00000, 0x000000009c000000|  0%| F|  |TAMS 0x000000009bf00000| PB 0x000000009bf00000| Untracked 
| 448|0x000000009c000000, 0x000000009c000000, 0x000000009c100000|  0%| F|  |TAMS 0x000000009c000000| PB 0x000000009c000000| Untracked 
| 449|0x000000009c100000, 0x000000009c100000, 0x000000009c200000|  0%| F|  |TAMS 0x000000009c100000| PB 0x000000009c100000| Untracked 
| 450|0x000000009c200000, 0x000000009c200000, 0x000000009c300000|  0%| F|  |TAMS 0x000000009c200000| PB 0x000000009c200000| Untracked 
| 451|0x000000009c300000, 0x000000009c300000, 0x000000009c400000|  0%| F|  |TAMS 0x000000009c300000| PB 0x000000009c300000| Untracked 
| 452|0x000000009c400000, 0x000000009c400000, 0x000000009c500000|  0%| F|  |TAMS 0x000000009c400000| PB 0x000000009c400000| Untracked 
| 453|0x000000009c500000, 0x000000009c600000, 0x000000009c600000|100%| O|  |TAMS 0x000000009c500000| PB 0x000000009c500000| Untracked 
| 454|0x000000009c600000, 0x000000009c700000, 0x000000009c700000|100%| O|  |TAMS 0x000000009c600000| PB 0x000000009c600000| Untracked 
| 455|0x000000009c700000, 0x000000009c800000, 0x000000009c800000|100%| O|  |TAMS 0x000000009c700000| PB 0x000000009c700000| Untracked 
| 456|0x000000009c800000, 0x000000009c900000, 0x000000009c900000|100%| O|  |TAMS 0x000000009c800000| PB 0x000000009c800000| Untracked 
| 457|0x000000009c900000, 0x000000009ca00000, 0x000000009ca00000|100%| O|  |TAMS 0x000000009c900000| PB 0x000000009c900000| Untracked 
| 458|0x000000009ca00000, 0x000000009cb00000, 0x000000009cb00000|100%| O|  |TAMS 0x000000009ca00000| PB 0x000000009ca00000| Untracked 
| 459|0x000000009cb00000, 0x000000009cb00000, 0x000000009cc00000|  0%| F|  |TAMS 0x000000009cb00000| PB 0x000000009cb00000| Untracked 
| 460|0x000000009cc00000, 0x000000009cc00000, 0x000000009cd00000|  0%| F|  |TAMS 0x000000009cc00000| PB 0x000000009cc00000| Untracked 
| 461|0x000000009cd00000, 0x000000009cd00000, 0x000000009ce00000|  0%| F|  |TAMS 0x000000009cd00000| PB 0x000000009cd00000| Untracked 
| 462|0x000000009ce00000, 0x000000009ce56d40, 0x000000009cf00000| 33%| S|CS|TAMS 0x000000009ce00000| PB 0x000000009ce00000| Complete 
| 463|0x000000009cf00000, 0x000000009d000000, 0x000000009d000000|100%| S|CS|TAMS 0x000000009cf00000| PB 0x000000009cf00000| Complete 
| 464|0x000000009d000000, 0x000000009d100000, 0x000000009d100000|100%| S|CS|TAMS 0x000000009d000000| PB 0x000000009d000000| Complete 
| 465|0x000000009d100000, 0x000000009d200000, 0x000000009d200000|100%| S|CS|TAMS 0x000000009d100000| PB 0x000000009d100000| Complete 
| 466|0x000000009d200000, 0x000000009d200000, 0x000000009d300000|  0%| F|  |TAMS 0x000000009d200000| PB 0x000000009d200000| Untracked 
| 467|0x000000009d300000, 0x000000009d300000, 0x000000009d400000|  0%| F|  |TAMS 0x000000009d300000| PB 0x000000009d300000| Untracked 
| 468|0x000000009d400000, 0x000000009d500000, 0x000000009d500000|100%|HS|  |TAMS 0x000000009d400000| PB 0x000000009d400000| Complete 
| 469|0x000000009d500000, 0x000000009d600000, 0x000000009d600000|100%| S|CS|TAMS 0x000000009d500000| PB 0x000000009d500000| Complete 
| 470|0x000000009d600000, 0x000000009d700000, 0x000000009d700000|100%| S|CS|TAMS 0x000000009d600000| PB 0x000000009d600000| Complete 
| 471|0x000000009d700000, 0x000000009d800000, 0x000000009d800000|100%| S|CS|TAMS 0x000000009d700000| PB 0x000000009d700000| Complete 
| 472|0x000000009d800000, 0x000000009d900000, 0x000000009d900000|100%| S|CS|TAMS 0x000000009d800000| PB 0x000000009d800000| Complete 
| 473|0x000000009d900000, 0x000000009da00000, 0x000000009da00000|100%| S|CS|TAMS 0x000000009d900000| PB 0x000000009d900000| Complete 
| 474|0x000000009da00000, 0x000000009db00000, 0x000000009db00000|100%| S|CS|TAMS 0x000000009da00000| PB 0x000000009da00000| Complete 
| 475|0x000000009db00000, 0x000000009db00000, 0x000000009dc00000|  0%| F|  |TAMS 0x000000009db00000| PB 0x000000009db00000| Untracked 
| 476|0x000000009dc00000, 0x000000009dc00000, 0x000000009dd00000|  0%| F|  |TAMS 0x000000009dc00000| PB 0x000000009dc00000| Untracked 
| 477|0x000000009dd00000, 0x000000009dd00000, 0x000000009de00000|  0%| F|  |TAMS 0x000000009dd00000| PB 0x000000009dd00000| Untracked 
| 478|0x000000009de00000, 0x000000009de00000, 0x000000009df00000|  0%| F|  |TAMS 0x000000009de00000| PB 0x000000009de00000| Untracked 
| 479|0x000000009df00000, 0x000000009df00000, 0x000000009e000000|  0%| F|  |TAMS 0x000000009df00000| PB 0x000000009df00000| Untracked 
| 480|0x000000009e000000, 0x000000009e000000, 0x000000009e100000|  0%| F|  |TAMS 0x000000009e000000| PB 0x000000009e000000| Untracked 
| 481|0x000000009e100000, 0x000000009e100000, 0x000000009e200000|  0%| F|  |TAMS 0x000000009e100000| PB 0x000000009e100000| Untracked 
| 482|0x000000009e200000, 0x000000009e200000, 0x000000009e300000|  0%| F|  |TAMS 0x000000009e200000| PB 0x000000009e200000| Untracked 
| 483|0x000000009e300000, 0x000000009e300000, 0x000000009e400000|  0%| F|  |TAMS 0x000000009e300000| PB 0x000000009e300000| Untracked 
| 484|0x000000009e400000, 0x000000009e400000, 0x000000009e500000|  0%| F|  |TAMS 0x000000009e400000| PB 0x000000009e400000| Untracked 
| 485|0x000000009e500000, 0x000000009e500000, 0x000000009e600000|  0%| F|  |TAMS 0x000000009e500000| PB 0x000000009e500000| Untracked 
| 486|0x000000009e600000, 0x000000009e600000, 0x000000009e700000|  0%| F|  |TAMS 0x000000009e600000| PB 0x000000009e600000| Untracked 
| 487|0x000000009e700000, 0x000000009e700000, 0x000000009e800000|  0%| F|  |TAMS 0x000000009e700000| PB 0x000000009e700000| Untracked 
| 488|0x000000009e800000, 0x000000009e800000, 0x000000009e900000|  0%| F|  |TAMS 0x000000009e800000| PB 0x000000009e800000| Untracked 
| 489|0x000000009e900000, 0x000000009ea00000, 0x000000009ea00000|100%| S|CS|TAMS 0x000000009e900000| PB 0x000000009e900000| Complete 
| 490|0x000000009ea00000, 0x000000009eb00000, 0x000000009eb00000|100%| S|CS|TAMS 0x000000009ea00000| PB 0x000000009ea00000| Complete 
| 491|0x000000009eb00000, 0x000000009ec00000, 0x000000009ec00000|100%| S|CS|TAMS 0x000000009eb00000| PB 0x000000009eb00000| Complete 
| 492|0x000000009ec00000, 0x000000009ed00000, 0x000000009ed00000|100%| S|CS|TAMS 0x000000009ec00000| PB 0x000000009ec00000| Complete 
| 493|0x000000009ed00000, 0x000000009ee00000, 0x000000009ee00000|100%| S|CS|TAMS 0x000000009ed00000| PB 0x000000009ed00000| Complete 
| 494|0x000000009ee00000, 0x000000009ef00000, 0x000000009ef00000|100%| S|CS|TAMS 0x000000009ee00000| PB 0x000000009ee00000| Complete 
| 495|0x000000009ef00000, 0x000000009f000000, 0x000000009f000000|100%| S|CS|TAMS 0x000000009ef00000| PB 0x000000009ef00000| Complete 
| 496|0x000000009f000000, 0x000000009f100000, 0x000000009f100000|100%| S|CS|TAMS 0x000000009f000000| PB 0x000000009f000000| Complete 
| 497|0x000000009f100000, 0x000000009f200000, 0x000000009f200000|100%| S|CS|TAMS 0x000000009f100000| PB 0x000000009f100000| Complete 
| 498|0x000000009f200000, 0x000000009f300000, 0x000000009f300000|100%| S|CS|TAMS 0x000000009f200000| PB 0x000000009f200000| Complete 
| 499|0x000000009f300000, 0x000000009f400000, 0x000000009f400000|100%| S|CS|TAMS 0x000000009f300000| PB 0x000000009f300000| Complete 
| 500|0x000000009f400000, 0x000000009f500000, 0x000000009f500000|100%| S|CS|TAMS 0x000000009f400000| PB 0x000000009f400000| Complete 
| 501|0x000000009f500000, 0x000000009f600000, 0x000000009f600000|100%| S|CS|TAMS 0x000000009f500000| PB 0x000000009f500000| Complete 
| 502|0x000000009f600000, 0x000000009f700000, 0x000000009f700000|100%| S|CS|TAMS 0x000000009f600000| PB 0x000000009f600000| Complete 
| 503|0x000000009f700000, 0x000000009f800000, 0x000000009f800000|100%| S|CS|TAMS 0x000000009f700000| PB 0x000000009f700000| Complete 
| 504|0x000000009f800000, 0x000000009f800000, 0x000000009f900000|  0%| F|  |TAMS 0x000000009f800000| PB 0x000000009f800000| Untracked 
| 505|0x000000009f900000, 0x000000009f900000, 0x000000009fa00000|  0%| F|  |TAMS 0x000000009f900000| PB 0x000000009f900000| Untracked 
| 506|0x000000009fa00000, 0x000000009fa00000, 0x000000009fb00000|  0%| F|  |TAMS 0x000000009fa00000| PB 0x000000009fa00000| Untracked 
| 507|0x000000009fb00000, 0x000000009fb00000, 0x000000009fc00000|  0%| F|  |TAMS 0x000000009fb00000| PB 0x000000009fb00000| Untracked 
| 508|0x000000009fc00000, 0x000000009fc00000, 0x000000009fd00000|  0%| F|  |TAMS 0x000000009fc00000| PB 0x000000009fc00000| Untracked 
| 509|0x000000009fd00000, 0x000000009fd00000, 0x000000009fe00000|  0%| F|  |TAMS 0x000000009fd00000| PB 0x000000009fd00000| Untracked 
| 510|0x000000009fe00000, 0x000000009fe00000, 0x000000009ff00000|  0%| F|  |TAMS 0x000000009fe00000| PB 0x000000009fe00000| Untracked 
| 511|0x000000009ff00000, 0x000000009ff00000, 0x00000000a0000000|  0%| F|  |TAMS 0x000000009ff00000| PB 0x000000009ff00000| Untracked 
| 512|0x00000000a0000000, 0x00000000a0000000, 0x00000000a0100000|  0%| F|  |TAMS 0x00000000a0000000| PB 0x00000000a0000000| Untracked 
| 513|0x00000000a0100000, 0x00000000a0100000, 0x00000000a0200000|  0%| F|  |TAMS 0x00000000a0100000| PB 0x00000000a0100000| Untracked 
| 514|0x00000000a0200000, 0x00000000a0200000, 0x00000000a0300000|  0%| F|  |TAMS 0x00000000a0200000| PB 0x00000000a0200000| Untracked 
| 515|0x00000000a0300000, 0x00000000a0300000, 0x00000000a0400000|  0%| F|  |TAMS 0x00000000a0300000| PB 0x00000000a0300000| Untracked 
| 516|0x00000000a0400000, 0x00000000a0400000, 0x00000000a0500000|  0%| F|  |TAMS 0x00000000a0400000| PB 0x00000000a0400000| Untracked 
| 517|0x00000000a0500000, 0x00000000a0500000, 0x00000000a0600000|  0%| F|  |TAMS 0x00000000a0500000| PB 0x00000000a0500000| Untracked 
| 518|0x00000000a0600000, 0x00000000a0600000, 0x00000000a0700000|  0%| F|  |TAMS 0x00000000a0600000| PB 0x00000000a0600000| Untracked 
| 519|0x00000000a0700000, 0x00000000a0700000, 0x00000000a0800000|  0%| F|  |TAMS 0x00000000a0700000| PB 0x00000000a0700000| Untracked 
| 520|0x00000000a0800000, 0x00000000a0800000, 0x00000000a0900000|  0%| F|  |TAMS 0x00000000a0800000| PB 0x00000000a0800000| Untracked 
| 521|0x00000000a0900000, 0x00000000a0900000, 0x00000000a0a00000|  0%| F|  |TAMS 0x00000000a0900000| PB 0x00000000a0900000| Untracked 
| 522|0x00000000a0a00000, 0x00000000a0a00000, 0x00000000a0b00000|  0%| F|  |TAMS 0x00000000a0a00000| PB 0x00000000a0a00000| Untracked 
| 523|0x00000000a0b00000, 0x00000000a0b00000, 0x00000000a0c00000|  0%| F|  |TAMS 0x00000000a0b00000| PB 0x00000000a0b00000| Untracked 
| 524|0x00000000a0c00000, 0x00000000a0c00000, 0x00000000a0d00000|  0%| F|  |TAMS 0x00000000a0c00000| PB 0x00000000a0c00000| Untracked 
| 525|0x00000000a0d00000, 0x00000000a0d00000, 0x00000000a0e00000|  0%| F|  |TAMS 0x00000000a0d00000| PB 0x00000000a0d00000| Untracked 
| 526|0x00000000a0e00000, 0x00000000a0e00000, 0x00000000a0f00000|  0%| F|  |TAMS 0x00000000a0e00000| PB 0x00000000a0e00000| Untracked 
| 527|0x00000000a0f00000, 0x00000000a0f00000, 0x00000000a1000000|  0%| F|  |TAMS 0x00000000a0f00000| PB 0x00000000a0f00000| Untracked 
| 528|0x00000000a1000000, 0x00000000a1000000, 0x00000000a1100000|  0%| F|  |TAMS 0x00000000a1000000| PB 0x00000000a1000000| Untracked 
| 529|0x00000000a1100000, 0x00000000a1100000, 0x00000000a1200000|  0%| F|  |TAMS 0x00000000a1100000| PB 0x00000000a1100000| Untracked 
| 530|0x00000000a1200000, 0x00000000a1200000, 0x00000000a1300000|  0%| F|  |TAMS 0x00000000a1200000| PB 0x00000000a1200000| Untracked 
| 531|0x00000000a1300000, 0x00000000a1300000, 0x00000000a1400000|  0%| F|  |TAMS 0x00000000a1300000| PB 0x00000000a1300000| Untracked 
| 532|0x00000000a1400000, 0x00000000a1400000, 0x00000000a1500000|  0%| F|  |TAMS 0x00000000a1400000| PB 0x00000000a1400000| Untracked 
| 533|0x00000000a1500000, 0x00000000a1500000, 0x00000000a1600000|  0%| F|  |TAMS 0x00000000a1500000| PB 0x00000000a1500000| Untracked 
| 534|0x00000000a1600000, 0x00000000a1600000, 0x00000000a1700000|  0%| F|  |TAMS 0x00000000a1600000| PB 0x00000000a1600000| Untracked 
| 535|0x00000000a1700000, 0x00000000a1700000, 0x00000000a1800000|  0%| F|  |TAMS 0x00000000a1700000| PB 0x00000000a1700000| Untracked 
| 536|0x00000000a1800000, 0x00000000a1800000, 0x00000000a1900000|  0%| F|  |TAMS 0x00000000a1800000| PB 0x00000000a1800000| Untracked 
| 537|0x00000000a1900000, 0x00000000a1900000, 0x00000000a1a00000|  0%| F|  |TAMS 0x00000000a1900000| PB 0x00000000a1900000| Untracked 
| 538|0x00000000a1a00000, 0x00000000a1a00000, 0x00000000a1b00000|  0%| F|  |TAMS 0x00000000a1a00000| PB 0x00000000a1a00000| Untracked 
| 539|0x00000000a1b00000, 0x00000000a1b00000, 0x00000000a1c00000|  0%| F|  |TAMS 0x00000000a1b00000| PB 0x00000000a1b00000| Untracked 
| 540|0x00000000a1c00000, 0x00000000a1c00000, 0x00000000a1d00000|  0%| F|  |TAMS 0x00000000a1c00000| PB 0x00000000a1c00000| Untracked 
| 541|0x00000000a1d00000, 0x00000000a1d00000, 0x00000000a1e00000|  0%| F|  |TAMS 0x00000000a1d00000| PB 0x00000000a1d00000| Untracked 
| 542|0x00000000a1e00000, 0x00000000a1e00000, 0x00000000a1f00000|  0%| F|  |TAMS 0x00000000a1e00000| PB 0x00000000a1e00000| Untracked 
| 543|0x00000000a1f00000, 0x00000000a1f00000, 0x00000000a2000000|  0%| F|  |TAMS 0x00000000a1f00000| PB 0x00000000a1f00000| Untracked 
| 544|0x00000000a2000000, 0x00000000a2000000, 0x00000000a2100000|  0%| F|  |TAMS 0x00000000a2000000| PB 0x00000000a2000000| Untracked 
| 545|0x00000000a2100000, 0x00000000a2100000, 0x00000000a2200000|  0%| F|  |TAMS 0x00000000a2100000| PB 0x00000000a2100000| Untracked 
| 546|0x00000000a2200000, 0x00000000a2200000, 0x00000000a2300000|  0%| F|  |TAMS 0x00000000a2200000| PB 0x00000000a2200000| Untracked 
| 547|0x00000000a2300000, 0x00000000a2300000, 0x00000000a2400000|  0%| F|  |TAMS 0x00000000a2300000| PB 0x00000000a2300000| Untracked 
| 548|0x00000000a2400000, 0x00000000a2400000, 0x00000000a2500000|  0%| F|  |TAMS 0x00000000a2400000| PB 0x00000000a2400000| Untracked 
| 549|0x00000000a2500000, 0x00000000a2500000, 0x00000000a2600000|  0%| F|  |TAMS 0x00000000a2500000| PB 0x00000000a2500000| Untracked 
| 550|0x00000000a2600000, 0x00000000a2600000, 0x00000000a2700000|  0%| F|  |TAMS 0x00000000a2600000| PB 0x00000000a2600000| Untracked 
| 551|0x00000000a2700000, 0x00000000a2700000, 0x00000000a2800000|  0%| F|  |TAMS 0x00000000a2700000| PB 0x00000000a2700000| Untracked 
| 552|0x00000000a2800000, 0x00000000a2800000, 0x00000000a2900000|  0%| F|  |TAMS 0x00000000a2800000| PB 0x00000000a2800000| Untracked 
| 553|0x00000000a2900000, 0x00000000a2900000, 0x00000000a2a00000|  0%| F|  |TAMS 0x00000000a2900000| PB 0x00000000a2900000| Untracked 
| 554|0x00000000a2a00000, 0x00000000a2a00000, 0x00000000a2b00000|  0%| F|  |TAMS 0x00000000a2a00000| PB 0x00000000a2a00000| Untracked 
| 555|0x00000000a2b00000, 0x00000000a2b00000, 0x00000000a2c00000|  0%| F|  |TAMS 0x00000000a2b00000| PB 0x00000000a2b00000| Untracked 
| 556|0x00000000a2c00000, 0x00000000a2c00000, 0x00000000a2d00000|  0%| F|  |TAMS 0x00000000a2c00000| PB 0x00000000a2c00000| Untracked 
| 557|0x00000000a2d00000, 0x00000000a2d00000, 0x00000000a2e00000|  0%| F|  |TAMS 0x00000000a2d00000| PB 0x00000000a2d00000| Untracked 
| 558|0x00000000a2e00000, 0x00000000a2e00000, 0x00000000a2f00000|  0%| F|  |TAMS 0x00000000a2e00000| PB 0x00000000a2e00000| Untracked 
| 559|0x00000000a2f00000, 0x00000000a2f00000, 0x00000000a3000000|  0%| F|  |TAMS 0x00000000a2f00000| PB 0x00000000a2f00000| Untracked 
| 560|0x00000000a3000000, 0x00000000a3000000, 0x00000000a3100000|  0%| F|  |TAMS 0x00000000a3000000| PB 0x00000000a3000000| Untracked 
| 561|0x00000000a3100000, 0x00000000a3100000, 0x00000000a3200000|  0%| F|  |TAMS 0x00000000a3100000| PB 0x00000000a3100000| Untracked 
| 562|0x00000000a3200000, 0x00000000a3200000, 0x00000000a3300000|  0%| F|  |TAMS 0x00000000a3200000| PB 0x00000000a3200000| Untracked 
| 563|0x00000000a3300000, 0x00000000a3300000, 0x00000000a3400000|  0%| F|  |TAMS 0x00000000a3300000| PB 0x00000000a3300000| Untracked 
| 564|0x00000000a3400000, 0x00000000a3400000, 0x00000000a3500000|  0%| F|  |TAMS 0x00000000a3400000| PB 0x00000000a3400000| Untracked 
| 565|0x00000000a3500000, 0x00000000a3500000, 0x00000000a3600000|  0%| F|  |TAMS 0x00000000a3500000| PB 0x00000000a3500000| Untracked 
| 566|0x00000000a3600000, 0x00000000a3600000, 0x00000000a3700000|  0%| F|  |TAMS 0x00000000a3600000| PB 0x00000000a3600000| Untracked 
| 567|0x00000000a3700000, 0x00000000a3700000, 0x00000000a3800000|  0%| F|  |TAMS 0x00000000a3700000| PB 0x00000000a3700000| Untracked 
| 568|0x00000000a3800000, 0x00000000a3800000, 0x00000000a3900000|  0%| F|  |TAMS 0x00000000a3800000| PB 0x00000000a3800000| Untracked 
| 569|0x00000000a3900000, 0x00000000a3900000, 0x00000000a3a00000|  0%| F|  |TAMS 0x00000000a3900000| PB 0x00000000a3900000| Untracked 
| 570|0x00000000a3a00000, 0x00000000a3a00000, 0x00000000a3b00000|  0%| F|  |TAMS 0x00000000a3a00000| PB 0x00000000a3a00000| Untracked 
| 571|0x00000000a3b00000, 0x00000000a3b00000, 0x00000000a3c00000|  0%| F|  |TAMS 0x00000000a3b00000| PB 0x00000000a3b00000| Untracked 
| 572|0x00000000a3c00000, 0x00000000a3c00000, 0x00000000a3d00000|  0%| F|  |TAMS 0x00000000a3c00000| PB 0x00000000a3c00000| Untracked 
| 573|0x00000000a3d00000, 0x00000000a3d00000, 0x00000000a3e00000|  0%| F|  |TAMS 0x00000000a3d00000| PB 0x00000000a3d00000| Untracked 
| 574|0x00000000a3e00000, 0x00000000a3e00000, 0x00000000a3f00000|  0%| F|  |TAMS 0x00000000a3e00000| PB 0x00000000a3e00000| Untracked 
| 575|0x00000000a3f00000, 0x00000000a3f00000, 0x00000000a4000000|  0%| F|  |TAMS 0x00000000a3f00000| PB 0x00000000a3f00000| Untracked 
| 576|0x00000000a4000000, 0x00000000a4000000, 0x00000000a4100000|  0%| F|  |TAMS 0x00000000a4000000| PB 0x00000000a4000000| Untracked 
| 577|0x00000000a4100000, 0x00000000a4100000, 0x00000000a4200000|  0%| F|  |TAMS 0x00000000a4100000| PB 0x00000000a4100000| Untracked 
| 578|0x00000000a4200000, 0x00000000a4200000, 0x00000000a4300000|  0%| F|  |TAMS 0x00000000a4200000| PB 0x00000000a4200000| Untracked 
| 579|0x00000000a4300000, 0x00000000a4300000, 0x00000000a4400000|  0%| F|  |TAMS 0x00000000a4300000| PB 0x00000000a4300000| Untracked 
| 580|0x00000000a4400000, 0x00000000a4400000, 0x00000000a4500000|  0%| F|  |TAMS 0x00000000a4400000| PB 0x00000000a4400000| Untracked 
| 581|0x00000000a4500000, 0x00000000a4500000, 0x00000000a4600000|  0%| F|  |TAMS 0x00000000a4500000| PB 0x00000000a4500000| Untracked 
| 582|0x00000000a4600000, 0x00000000a4600000, 0x00000000a4700000|  0%| F|  |TAMS 0x00000000a4600000| PB 0x00000000a4600000| Untracked 
| 583|0x00000000a4700000, 0x00000000a4700000, 0x00000000a4800000|  0%| F|  |TAMS 0x00000000a4700000| PB 0x00000000a4700000| Untracked 
| 584|0x00000000a4800000, 0x00000000a4800000, 0x00000000a4900000|  0%| F|  |TAMS 0x00000000a4800000| PB 0x00000000a4800000| Untracked 
| 585|0x00000000a4900000, 0x00000000a4900000, 0x00000000a4a00000|  0%| F|  |TAMS 0x00000000a4900000| PB 0x00000000a4900000| Untracked 
| 586|0x00000000a4a00000, 0x00000000a4a00000, 0x00000000a4b00000|  0%| F|  |TAMS 0x00000000a4a00000| PB 0x00000000a4a00000| Untracked 
| 587|0x00000000a4b00000, 0x00000000a4b00000, 0x00000000a4c00000|  0%| F|  |TAMS 0x00000000a4b00000| PB 0x00000000a4b00000| Untracked 
| 588|0x00000000a4c00000, 0x00000000a4c00000, 0x00000000a4d00000|  0%| F|  |TAMS 0x00000000a4c00000| PB 0x00000000a4c00000| Untracked 
| 589|0x00000000a4d00000, 0x00000000a4d00000, 0x00000000a4e00000|  0%| F|  |TAMS 0x00000000a4d00000| PB 0x00000000a4d00000| Untracked 
| 590|0x00000000a4e00000, 0x00000000a4e00000, 0x00000000a4f00000|  0%| F|  |TAMS 0x00000000a4e00000| PB 0x00000000a4e00000| Untracked 
| 591|0x00000000a4f00000, 0x00000000a4f00000, 0x00000000a5000000|  0%| F|  |TAMS 0x00000000a4f00000| PB 0x00000000a4f00000| Untracked 
| 592|0x00000000a5000000, 0x00000000a5000000, 0x00000000a5100000|  0%| F|  |TAMS 0x00000000a5000000| PB 0x00000000a5000000| Untracked 
| 593|0x00000000a5100000, 0x00000000a5100000, 0x00000000a5200000|  0%| F|  |TAMS 0x00000000a5100000| PB 0x00000000a5100000| Untracked 
| 594|0x00000000a5200000, 0x00000000a5200000, 0x00000000a5300000|  0%| F|  |TAMS 0x00000000a5200000| PB 0x00000000a5200000| Untracked 
| 595|0x00000000a5300000, 0x00000000a5300000, 0x00000000a5400000|  0%| F|  |TAMS 0x00000000a5300000| PB 0x00000000a5300000| Untracked 
| 596|0x00000000a5400000, 0x00000000a5400000, 0x00000000a5500000|  0%| F|  |TAMS 0x00000000a5400000| PB 0x00000000a5400000| Untracked 
| 597|0x00000000a5500000, 0x00000000a5500000, 0x00000000a5600000|  0%| F|  |TAMS 0x00000000a5500000| PB 0x00000000a5500000| Untracked 
| 598|0x00000000a5600000, 0x00000000a5600000, 0x00000000a5700000|  0%| F|  |TAMS 0x00000000a5600000| PB 0x00000000a5600000| Untracked 
| 599|0x00000000a5700000, 0x00000000a5700000, 0x00000000a5800000|  0%| F|  |TAMS 0x00000000a5700000| PB 0x00000000a5700000| Untracked 
| 600|0x00000000a5800000, 0x00000000a5800000, 0x00000000a5900000|  0%| F|  |TAMS 0x00000000a5800000| PB 0x00000000a5800000| Untracked 
| 601|0x00000000a5900000, 0x00000000a5900000, 0x00000000a5a00000|  0%| F|  |TAMS 0x00000000a5900000| PB 0x00000000a5900000| Untracked 
| 602|0x00000000a5a00000, 0x00000000a5a00000, 0x00000000a5b00000|  0%| F|  |TAMS 0x00000000a5a00000| PB 0x00000000a5a00000| Untracked 
| 603|0x00000000a5b00000, 0x00000000a5b00000, 0x00000000a5c00000|  0%| F|  |TAMS 0x00000000a5b00000| PB 0x00000000a5b00000| Untracked 
| 604|0x00000000a5c00000, 0x00000000a5c00000, 0x00000000a5d00000|  0%| F|  |TAMS 0x00000000a5c00000| PB 0x00000000a5c00000| Untracked 
| 605|0x00000000a5d00000, 0x00000000a5d00000, 0x00000000a5e00000|  0%| F|  |TAMS 0x00000000a5d00000| PB 0x00000000a5d00000| Untracked 
| 606|0x00000000a5e00000, 0x00000000a5e00000, 0x00000000a5f00000|  0%| F|  |TAMS 0x00000000a5e00000| PB 0x00000000a5e00000| Untracked 
| 607|0x00000000a5f00000, 0x00000000a5f00000, 0x00000000a6000000|  0%| F|  |TAMS 0x00000000a5f00000| PB 0x00000000a5f00000| Untracked 
| 608|0x00000000a6000000, 0x00000000a6000000, 0x00000000a6100000|  0%| F|  |TAMS 0x00000000a6000000| PB 0x00000000a6000000| Untracked 
| 609|0x00000000a6100000, 0x00000000a6100000, 0x00000000a6200000|  0%| F|  |TAMS 0x00000000a6100000| PB 0x00000000a6100000| Untracked 
| 610|0x00000000a6200000, 0x00000000a6200000, 0x00000000a6300000|  0%| F|  |TAMS 0x00000000a6200000| PB 0x00000000a6200000| Untracked 
| 611|0x00000000a6300000, 0x00000000a6300000, 0x00000000a6400000|  0%| F|  |TAMS 0x00000000a6300000| PB 0x00000000a6300000| Untracked 
| 612|0x00000000a6400000, 0x00000000a6400000, 0x00000000a6500000|  0%| F|  |TAMS 0x00000000a6400000| PB 0x00000000a6400000| Untracked 
| 613|0x00000000a6500000, 0x00000000a6500000, 0x00000000a6600000|  0%| F|  |TAMS 0x00000000a6500000| PB 0x00000000a6500000| Untracked 
| 614|0x00000000a6600000, 0x00000000a6600000, 0x00000000a6700000|  0%| F|  |TAMS 0x00000000a6600000| PB 0x00000000a6600000| Untracked 
| 615|0x00000000a6700000, 0x00000000a6700000, 0x00000000a6800000|  0%| F|  |TAMS 0x00000000a6700000| PB 0x00000000a6700000| Untracked 
| 616|0x00000000a6800000, 0x00000000a6800000, 0x00000000a6900000|  0%| F|  |TAMS 0x00000000a6800000| PB 0x00000000a6800000| Untracked 
| 617|0x00000000a6900000, 0x00000000a6900000, 0x00000000a6a00000|  0%| F|  |TAMS 0x00000000a6900000| PB 0x00000000a6900000| Untracked 
| 618|0x00000000a6a00000, 0x00000000a6a00000, 0x00000000a6b00000|  0%| F|  |TAMS 0x00000000a6a00000| PB 0x00000000a6a00000| Untracked 
| 619|0x00000000a6b00000, 0x00000000a6b00000, 0x00000000a6c00000|  0%| F|  |TAMS 0x00000000a6b00000| PB 0x00000000a6b00000| Untracked 
| 620|0x00000000a6c00000, 0x00000000a6c00000, 0x00000000a6d00000|  0%| F|  |TAMS 0x00000000a6c00000| PB 0x00000000a6c00000| Untracked 
| 621|0x00000000a6d00000, 0x00000000a6d00000, 0x00000000a6e00000|  0%| F|  |TAMS 0x00000000a6d00000| PB 0x00000000a6d00000| Untracked 
| 622|0x00000000a6e00000, 0x00000000a6e00000, 0x00000000a6f00000|  0%| F|  |TAMS 0x00000000a6e00000| PB 0x00000000a6e00000| Untracked 
| 623|0x00000000a6f00000, 0x00000000a6f00000, 0x00000000a7000000|  0%| F|  |TAMS 0x00000000a6f00000| PB 0x00000000a6f00000| Untracked 
| 624|0x00000000a7000000, 0x00000000a7000000, 0x00000000a7100000|  0%| F|  |TAMS 0x00000000a7000000| PB 0x00000000a7000000| Untracked 
| 625|0x00000000a7100000, 0x00000000a7100000, 0x00000000a7200000|  0%| F|  |TAMS 0x00000000a7100000| PB 0x00000000a7100000| Untracked 
| 626|0x00000000a7200000, 0x00000000a7200000, 0x00000000a7300000|  0%| F|  |TAMS 0x00000000a7200000| PB 0x00000000a7200000| Untracked 
| 627|0x00000000a7300000, 0x00000000a7300000, 0x00000000a7400000|  0%| F|  |TAMS 0x00000000a7300000| PB 0x00000000a7300000| Untracked 
| 628|0x00000000a7400000, 0x00000000a7400000, 0x00000000a7500000|  0%| F|  |TAMS 0x00000000a7400000| PB 0x00000000a7400000| Untracked 
| 629|0x00000000a7500000, 0x00000000a7500000, 0x00000000a7600000|  0%| F|  |TAMS 0x00000000a7500000| PB 0x00000000a7500000| Untracked 
| 630|0x00000000a7600000, 0x00000000a7600000, 0x00000000a7700000|  0%| F|  |TAMS 0x00000000a7600000| PB 0x00000000a7600000| Untracked 
| 631|0x00000000a7700000, 0x00000000a7700000, 0x00000000a7800000|  0%| F|  |TAMS 0x00000000a7700000| PB 0x00000000a7700000| Untracked 
| 632|0x00000000a7800000, 0x00000000a7800000, 0x00000000a7900000|  0%| F|  |TAMS 0x00000000a7800000| PB 0x00000000a7800000| Untracked 
| 633|0x00000000a7900000, 0x00000000a7900000, 0x00000000a7a00000|  0%| F|  |TAMS 0x00000000a7900000| PB 0x00000000a7900000| Untracked 
| 634|0x00000000a7a00000, 0x00000000a7a00000, 0x00000000a7b00000|  0%| F|  |TAMS 0x00000000a7a00000| PB 0x00000000a7a00000| Untracked 
| 635|0x00000000a7b00000, 0x00000000a7b00000, 0x00000000a7c00000|  0%| F|  |TAMS 0x00000000a7b00000| PB 0x00000000a7b00000| Untracked 
| 636|0x00000000a7c00000, 0x00000000a7c00000, 0x00000000a7d00000|  0%| F|  |TAMS 0x00000000a7c00000| PB 0x00000000a7c00000| Untracked 
| 637|0x00000000a7d00000, 0x00000000a7d00000, 0x00000000a7e00000|  0%| F|  |TAMS 0x00000000a7d00000| PB 0x00000000a7d00000| Untracked 
| 638|0x00000000a7e00000, 0x00000000a7e00000, 0x00000000a7f00000|  0%| F|  |TAMS 0x00000000a7e00000| PB 0x00000000a7e00000| Untracked 
| 639|0x00000000a7f00000, 0x00000000a7f00000, 0x00000000a8000000|  0%| F|  |TAMS 0x00000000a7f00000| PB 0x00000000a7f00000| Untracked 
| 640|0x00000000a8000000, 0x00000000a8000000, 0x00000000a8100000|  0%| F|  |TAMS 0x00000000a8000000| PB 0x00000000a8000000| Untracked 
| 641|0x00000000a8100000, 0x00000000a8100000, 0x00000000a8200000|  0%| F|  |TAMS 0x00000000a8100000| PB 0x00000000a8100000| Untracked 
| 642|0x00000000a8200000, 0x00000000a8200000, 0x00000000a8300000|  0%| F|  |TAMS 0x00000000a8200000| PB 0x00000000a8200000| Untracked 
| 643|0x00000000a8300000, 0x00000000a8300000, 0x00000000a8400000|  0%| F|  |TAMS 0x00000000a8300000| PB 0x00000000a8300000| Untracked 
| 644|0x00000000a8400000, 0x00000000a8400000, 0x00000000a8500000|  0%| F|  |TAMS 0x00000000a8400000| PB 0x00000000a8400000| Untracked 
| 645|0x00000000a8500000, 0x00000000a8500000, 0x00000000a8600000|  0%| F|  |TAMS 0x00000000a8500000| PB 0x00000000a8500000| Untracked 
| 646|0x00000000a8600000, 0x00000000a8600000, 0x00000000a8700000|  0%| F|  |TAMS 0x00000000a8600000| PB 0x00000000a8600000| Untracked 
| 647|0x00000000a8700000, 0x00000000a8700000, 0x00000000a8800000|  0%| F|  |TAMS 0x00000000a8700000| PB 0x00000000a8700000| Untracked 
| 648|0x00000000a8800000, 0x00000000a8800000, 0x00000000a8900000|  0%| F|  |TAMS 0x00000000a8800000| PB 0x00000000a8800000| Untracked 
| 649|0x00000000a8900000, 0x00000000a8900000, 0x00000000a8a00000|  0%| F|  |TAMS 0x00000000a8900000| PB 0x00000000a8900000| Untracked 
| 650|0x00000000a8a00000, 0x00000000a8a00000, 0x00000000a8b00000|  0%| F|  |TAMS 0x00000000a8a00000| PB 0x00000000a8a00000| Untracked 
| 651|0x00000000a8b00000, 0x00000000a8b00000, 0x00000000a8c00000|  0%| F|  |TAMS 0x00000000a8b00000| PB 0x00000000a8b00000| Untracked 
| 652|0x00000000a8c00000, 0x00000000a8c00000, 0x00000000a8d00000|  0%| F|  |TAMS 0x00000000a8c00000| PB 0x00000000a8c00000| Untracked 
| 653|0x00000000a8d00000, 0x00000000a8d00000, 0x00000000a8e00000|  0%| F|  |TAMS 0x00000000a8d00000| PB 0x00000000a8d00000| Untracked 
| 654|0x00000000a8e00000, 0x00000000a8e00000, 0x00000000a8f00000|  0%| F|  |TAMS 0x00000000a8e00000| PB 0x00000000a8e00000| Untracked 
| 655|0x00000000a8f00000, 0x00000000a8f00000, 0x00000000a9000000|  0%| F|  |TAMS 0x00000000a8f00000| PB 0x00000000a8f00000| Untracked 
| 656|0x00000000a9000000, 0x00000000a9000000, 0x00000000a9100000|  0%| F|  |TAMS 0x00000000a9000000| PB 0x00000000a9000000| Untracked 
| 657|0x00000000a9100000, 0x00000000a9100000, 0x00000000a9200000|  0%| F|  |TAMS 0x00000000a9100000| PB 0x00000000a9100000| Untracked 
| 658|0x00000000a9200000, 0x00000000a9200000, 0x00000000a9300000|  0%| F|  |TAMS 0x00000000a9200000| PB 0x00000000a9200000| Untracked 
| 659|0x00000000a9300000, 0x00000000a9300000, 0x00000000a9400000|  0%| F|  |TAMS 0x00000000a9300000| PB 0x00000000a9300000| Untracked 
| 660|0x00000000a9400000, 0x00000000a9400000, 0x00000000a9500000|  0%| F|  |TAMS 0x00000000a9400000| PB 0x00000000a9400000| Untracked 
| 661|0x00000000a9500000, 0x00000000a9500000, 0x00000000a9600000|  0%| F|  |TAMS 0x00000000a9500000| PB 0x00000000a9500000| Untracked 
| 662|0x00000000a9600000, 0x00000000a9600000, 0x00000000a9700000|  0%| F|  |TAMS 0x00000000a9600000| PB 0x00000000a9600000| Untracked 
| 663|0x00000000a9700000, 0x00000000a9700000, 0x00000000a9800000|  0%| F|  |TAMS 0x00000000a9700000| PB 0x00000000a9700000| Untracked 
| 664|0x00000000a9800000, 0x00000000a9800000, 0x00000000a9900000|  0%| F|  |TAMS 0x00000000a9800000| PB 0x00000000a9800000| Untracked 
| 665|0x00000000a9900000, 0x00000000a9900000, 0x00000000a9a00000|  0%| F|  |TAMS 0x00000000a9900000| PB 0x00000000a9900000| Untracked 
| 666|0x00000000a9a00000, 0x00000000a9a00000, 0x00000000a9b00000|  0%| F|  |TAMS 0x00000000a9a00000| PB 0x00000000a9a00000| Untracked 
| 667|0x00000000a9b00000, 0x00000000a9b00000, 0x00000000a9c00000|  0%| F|  |TAMS 0x00000000a9b00000| PB 0x00000000a9b00000| Untracked 
| 668|0x00000000a9c00000, 0x00000000a9c00000, 0x00000000a9d00000|  0%| F|  |TAMS 0x00000000a9c00000| PB 0x00000000a9c00000| Untracked 
| 669|0x00000000a9d00000, 0x00000000a9d00000, 0x00000000a9e00000|  0%| F|  |TAMS 0x00000000a9d00000| PB 0x00000000a9d00000| Untracked 
| 670|0x00000000a9e00000, 0x00000000a9e00000, 0x00000000a9f00000|  0%| F|  |TAMS 0x00000000a9e00000| PB 0x00000000a9e00000| Untracked 
| 671|0x00000000a9f00000, 0x00000000a9f00000, 0x00000000aa000000|  0%| F|  |TAMS 0x00000000a9f00000| PB 0x00000000a9f00000| Untracked 
| 672|0x00000000aa000000, 0x00000000aa000000, 0x00000000aa100000|  0%| F|  |TAMS 0x00000000aa000000| PB 0x00000000aa000000| Untracked 
| 673|0x00000000aa100000, 0x00000000aa100000, 0x00000000aa200000|  0%| F|  |TAMS 0x00000000aa100000| PB 0x00000000aa100000| Untracked 
| 674|0x00000000aa200000, 0x00000000aa200000, 0x00000000aa300000|  0%| F|  |TAMS 0x00000000aa200000| PB 0x00000000aa200000| Untracked 
| 675|0x00000000aa300000, 0x00000000aa300000, 0x00000000aa400000|  0%| F|  |TAMS 0x00000000aa300000| PB 0x00000000aa300000| Untracked 
| 676|0x00000000aa400000, 0x00000000aa400000, 0x00000000aa500000|  0%| F|  |TAMS 0x00000000aa400000| PB 0x00000000aa400000| Untracked 
| 677|0x00000000aa500000, 0x00000000aa500000, 0x00000000aa600000|  0%| F|  |TAMS 0x00000000aa500000| PB 0x00000000aa500000| Untracked 
| 678|0x00000000aa600000, 0x00000000aa600000, 0x00000000aa700000|  0%| F|  |TAMS 0x00000000aa600000| PB 0x00000000aa600000| Untracked 
| 679|0x00000000aa700000, 0x00000000aa700000, 0x00000000aa800000|  0%| F|  |TAMS 0x00000000aa700000| PB 0x00000000aa700000| Untracked 
| 680|0x00000000aa800000, 0x00000000aa800000, 0x00000000aa900000|  0%| F|  |TAMS 0x00000000aa800000| PB 0x00000000aa800000| Untracked 
| 681|0x00000000aa900000, 0x00000000aa900000, 0x00000000aaa00000|  0%| F|  |TAMS 0x00000000aa900000| PB 0x00000000aa900000| Untracked 
| 682|0x00000000aaa00000, 0x00000000aaa00000, 0x00000000aab00000|  0%| F|  |TAMS 0x00000000aaa00000| PB 0x00000000aaa00000| Untracked 
| 683|0x00000000aab00000, 0x00000000aab00000, 0x00000000aac00000|  0%| F|  |TAMS 0x00000000aab00000| PB 0x00000000aab00000| Untracked 
| 684|0x00000000aac00000, 0x00000000aac00000, 0x00000000aad00000|  0%| F|  |TAMS 0x00000000aac00000| PB 0x00000000aac00000| Untracked 
| 685|0x00000000aad00000, 0x00000000aad00000, 0x00000000aae00000|  0%| F|  |TAMS 0x00000000aad00000| PB 0x00000000aad00000| Untracked 
| 686|0x00000000aae00000, 0x00000000aae00000, 0x00000000aaf00000|  0%| F|  |TAMS 0x00000000aae00000| PB 0x00000000aae00000| Untracked 
| 687|0x00000000aaf00000, 0x00000000aaf00000, 0x00000000ab000000|  0%| F|  |TAMS 0x00000000aaf00000| PB 0x00000000aaf00000| Untracked 
| 688|0x00000000ab000000, 0x00000000ab000000, 0x00000000ab100000|  0%| F|  |TAMS 0x00000000ab000000| PB 0x00000000ab000000| Untracked 
| 689|0x00000000ab100000, 0x00000000ab100000, 0x00000000ab200000|  0%| F|  |TAMS 0x00000000ab100000| PB 0x00000000ab100000| Untracked 
| 690|0x00000000ab200000, 0x00000000ab200000, 0x00000000ab300000|  0%| F|  |TAMS 0x00000000ab200000| PB 0x00000000ab200000| Untracked 
| 691|0x00000000ab300000, 0x00000000ab300000, 0x00000000ab400000|  0%| F|  |TAMS 0x00000000ab300000| PB 0x00000000ab300000| Untracked 
| 692|0x00000000ab400000, 0x00000000ab400000, 0x00000000ab500000|  0%| F|  |TAMS 0x00000000ab400000| PB 0x00000000ab400000| Untracked 
| 693|0x00000000ab500000, 0x00000000ab500000, 0x00000000ab600000|  0%| F|  |TAMS 0x00000000ab500000| PB 0x00000000ab500000| Untracked 
| 694|0x00000000ab600000, 0x00000000ab600000, 0x00000000ab700000|  0%| F|  |TAMS 0x00000000ab600000| PB 0x00000000ab600000| Untracked 
| 695|0x00000000ab700000, 0x00000000ab700000, 0x00000000ab800000|  0%| F|  |TAMS 0x00000000ab700000| PB 0x00000000ab700000| Untracked 
| 696|0x00000000ab800000, 0x00000000ab800000, 0x00000000ab900000|  0%| F|  |TAMS 0x00000000ab800000| PB 0x00000000ab800000| Untracked 
| 697|0x00000000ab900000, 0x00000000ab900000, 0x00000000aba00000|  0%| F|  |TAMS 0x00000000ab900000| PB 0x00000000ab900000| Untracked 
| 698|0x00000000aba00000, 0x00000000aba00000, 0x00000000abb00000|  0%| F|  |TAMS 0x00000000aba00000| PB 0x00000000aba00000| Untracked 
| 699|0x00000000abb00000, 0x00000000abb00000, 0x00000000abc00000|  0%| F|  |TAMS 0x00000000abb00000| PB 0x00000000abb00000| Untracked 
| 700|0x00000000abc00000, 0x00000000abc00000, 0x00000000abd00000|  0%| F|  |TAMS 0x00000000abc00000| PB 0x00000000abc00000| Untracked 
| 701|0x00000000abd00000, 0x00000000abd00000, 0x00000000abe00000|  0%| F|  |TAMS 0x00000000abd00000| PB 0x00000000abd00000| Untracked 
| 702|0x00000000abe00000, 0x00000000abe00000, 0x00000000abf00000|  0%| F|  |TAMS 0x00000000abe00000| PB 0x00000000abe00000| Untracked 
| 703|0x00000000abf00000, 0x00000000abf00000, 0x00000000ac000000|  0%| F|  |TAMS 0x00000000abf00000| PB 0x00000000abf00000| Untracked 
| 704|0x00000000ac000000, 0x00000000ac000000, 0x00000000ac100000|  0%| F|  |TAMS 0x00000000ac000000| PB 0x00000000ac000000| Untracked 
| 705|0x00000000ac100000, 0x00000000ac100000, 0x00000000ac200000|  0%| F|  |TAMS 0x00000000ac100000| PB 0x00000000ac100000| Untracked 
| 706|0x00000000ac200000, 0x00000000ac200000, 0x00000000ac300000|  0%| F|  |TAMS 0x00000000ac200000| PB 0x00000000ac200000| Untracked 
| 707|0x00000000ac300000, 0x00000000ac300000, 0x00000000ac400000|  0%| F|  |TAMS 0x00000000ac300000| PB 0x00000000ac300000| Untracked 
| 708|0x00000000ac400000, 0x00000000ac400000, 0x00000000ac500000|  0%| F|  |TAMS 0x00000000ac400000| PB 0x00000000ac400000| Untracked 
| 709|0x00000000ac500000, 0x00000000ac500000, 0x00000000ac600000|  0%| F|  |TAMS 0x00000000ac500000| PB 0x00000000ac500000| Untracked 
| 710|0x00000000ac600000, 0x00000000ac600000, 0x00000000ac700000|  0%| F|  |TAMS 0x00000000ac600000| PB 0x00000000ac600000| Untracked 
| 711|0x00000000ac700000, 0x00000000ac700000, 0x00000000ac800000|  0%| F|  |TAMS 0x00000000ac700000| PB 0x00000000ac700000| Untracked 
| 712|0x00000000ac800000, 0x00000000ac800000, 0x00000000ac900000|  0%| F|  |TAMS 0x00000000ac800000| PB 0x00000000ac800000| Untracked 
| 713|0x00000000ac900000, 0x00000000ac900000, 0x00000000aca00000|  0%| F|  |TAMS 0x00000000ac900000| PB 0x00000000ac900000| Untracked 
| 714|0x00000000aca00000, 0x00000000aca00000, 0x00000000acb00000|  0%| F|  |TAMS 0x00000000aca00000| PB 0x00000000aca00000| Untracked 
| 715|0x00000000acb00000, 0x00000000acb00000, 0x00000000acc00000|  0%| F|  |TAMS 0x00000000acb00000| PB 0x00000000acb00000| Untracked 
| 716|0x00000000acc00000, 0x00000000acc00000, 0x00000000acd00000|  0%| F|  |TAMS 0x00000000acc00000| PB 0x00000000acc00000| Untracked 
| 717|0x00000000acd00000, 0x00000000acd00000, 0x00000000ace00000|  0%| F|  |TAMS 0x00000000acd00000| PB 0x00000000acd00000| Untracked 
| 718|0x00000000ace00000, 0x00000000ace00000, 0x00000000acf00000|  0%| F|  |TAMS 0x00000000ace00000| PB 0x00000000ace00000| Untracked 
| 719|0x00000000acf00000, 0x00000000acf00000, 0x00000000ad000000|  0%| F|  |TAMS 0x00000000acf00000| PB 0x00000000acf00000| Untracked 
| 720|0x00000000ad000000, 0x00000000ad000000, 0x00000000ad100000|  0%| F|  |TAMS 0x00000000ad000000| PB 0x00000000ad000000| Untracked 
| 721|0x00000000ad100000, 0x00000000ad100000, 0x00000000ad200000|  0%| F|  |TAMS 0x00000000ad100000| PB 0x00000000ad100000| Untracked 
| 722|0x00000000ad200000, 0x00000000ad200000, 0x00000000ad300000|  0%| F|  |TAMS 0x00000000ad200000| PB 0x00000000ad200000| Untracked 
| 723|0x00000000ad300000, 0x00000000ad300000, 0x00000000ad400000|  0%| F|  |TAMS 0x00000000ad300000| PB 0x00000000ad300000| Untracked 
| 724|0x00000000ad400000, 0x00000000ad400000, 0x00000000ad500000|  0%| F|  |TAMS 0x00000000ad400000| PB 0x00000000ad400000| Untracked 
| 725|0x00000000ad500000, 0x00000000ad500000, 0x00000000ad600000|  0%| F|  |TAMS 0x00000000ad500000| PB 0x00000000ad500000| Untracked 
| 726|0x00000000ad600000, 0x00000000ad600000, 0x00000000ad700000|  0%| F|  |TAMS 0x00000000ad600000| PB 0x00000000ad600000| Untracked 
| 727|0x00000000ad700000, 0x00000000ad700000, 0x00000000ad800000|  0%| F|  |TAMS 0x00000000ad700000| PB 0x00000000ad700000| Untracked 
| 728|0x00000000ad800000, 0x00000000ad800000, 0x00000000ad900000|  0%| F|  |TAMS 0x00000000ad800000| PB 0x00000000ad800000| Untracked 
| 729|0x00000000ad900000, 0x00000000ad900000, 0x00000000ada00000|  0%| F|  |TAMS 0x00000000ad900000| PB 0x00000000ad900000| Untracked 
| 730|0x00000000ada00000, 0x00000000ada00000, 0x00000000adb00000|  0%| F|  |TAMS 0x00000000ada00000| PB 0x00000000ada00000| Untracked 
| 731|0x00000000adb00000, 0x00000000adb00000, 0x00000000adc00000|  0%| F|  |TAMS 0x00000000adb00000| PB 0x00000000adb00000| Untracked 
| 732|0x00000000adc00000, 0x00000000adc00000, 0x00000000add00000|  0%| F|  |TAMS 0x00000000adc00000| PB 0x00000000adc00000| Untracked 
| 733|0x00000000add00000, 0x00000000add00000, 0x00000000ade00000|  0%| F|  |TAMS 0x00000000add00000| PB 0x00000000add00000| Untracked 
| 734|0x00000000ade00000, 0x00000000ade00000, 0x00000000adf00000|  0%| F|  |TAMS 0x00000000ade00000| PB 0x00000000ade00000| Untracked 
| 735|0x00000000adf00000, 0x00000000adf00000, 0x00000000ae000000|  0%| F|  |TAMS 0x00000000adf00000| PB 0x00000000adf00000| Untracked 
| 736|0x00000000ae000000, 0x00000000ae000000, 0x00000000ae100000|  0%| F|  |TAMS 0x00000000ae000000| PB 0x00000000ae000000| Untracked 
| 737|0x00000000ae100000, 0x00000000ae100000, 0x00000000ae200000|  0%| F|  |TAMS 0x00000000ae100000| PB 0x00000000ae100000| Untracked 
| 738|0x00000000ae200000, 0x00000000ae200000, 0x00000000ae300000|  0%| F|  |TAMS 0x00000000ae200000| PB 0x00000000ae200000| Untracked 
| 739|0x00000000ae300000, 0x00000000ae300000, 0x00000000ae400000|  0%| F|  |TAMS 0x00000000ae300000| PB 0x00000000ae300000| Untracked 
| 740|0x00000000ae400000, 0x00000000ae400000, 0x00000000ae500000|  0%| F|  |TAMS 0x00000000ae400000| PB 0x00000000ae400000| Untracked 
| 741|0x00000000ae500000, 0x00000000ae500000, 0x00000000ae600000|  0%| F|  |TAMS 0x00000000ae500000| PB 0x00000000ae500000| Untracked 
| 742|0x00000000ae600000, 0x00000000ae600000, 0x00000000ae700000|  0%| F|  |TAMS 0x00000000ae600000| PB 0x00000000ae600000| Untracked 
| 743|0x00000000ae700000, 0x00000000ae700000, 0x00000000ae800000|  0%| F|  |TAMS 0x00000000ae700000| PB 0x00000000ae700000| Untracked 
| 744|0x00000000ae800000, 0x00000000ae800000, 0x00000000ae900000|  0%| F|  |TAMS 0x00000000ae800000| PB 0x00000000ae800000| Untracked 
| 745|0x00000000ae900000, 0x00000000ae900000, 0x00000000aea00000|  0%| F|  |TAMS 0x00000000ae900000| PB 0x00000000ae900000| Untracked 
| 746|0x00000000aea00000, 0x00000000aea00000, 0x00000000aeb00000|  0%| F|  |TAMS 0x00000000aea00000| PB 0x00000000aea00000| Untracked 
| 747|0x00000000aeb00000, 0x00000000aeb00000, 0x00000000aec00000|  0%| F|  |TAMS 0x00000000aeb00000| PB 0x00000000aeb00000| Untracked 
| 748|0x00000000aec00000, 0x00000000aec00000, 0x00000000aed00000|  0%| F|  |TAMS 0x00000000aec00000| PB 0x00000000aec00000| Untracked 
| 749|0x00000000aed00000, 0x00000000aed00000, 0x00000000aee00000|  0%| F|  |TAMS 0x00000000aed00000| PB 0x00000000aed00000| Untracked 
| 750|0x00000000aee00000, 0x00000000aee00000, 0x00000000aef00000|  0%| F|  |TAMS 0x00000000aee00000| PB 0x00000000aee00000| Untracked 
| 751|0x00000000aef00000, 0x00000000aef00000, 0x00000000af000000|  0%| F|  |TAMS 0x00000000aef00000| PB 0x00000000aef00000| Untracked 
| 752|0x00000000af000000, 0x00000000af000000, 0x00000000af100000|  0%| F|  |TAMS 0x00000000af000000| PB 0x00000000af000000| Untracked 
| 753|0x00000000af100000, 0x00000000af100000, 0x00000000af200000|  0%| F|  |TAMS 0x00000000af100000| PB 0x00000000af100000| Untracked 
| 754|0x00000000af200000, 0x00000000af200000, 0x00000000af300000|  0%| F|  |TAMS 0x00000000af200000| PB 0x00000000af200000| Untracked 
| 755|0x00000000af300000, 0x00000000af300000, 0x00000000af400000|  0%| F|  |TAMS 0x00000000af300000| PB 0x00000000af300000| Untracked 
| 756|0x00000000af400000, 0x00000000af400000, 0x00000000af500000|  0%| F|  |TAMS 0x00000000af400000| PB 0x00000000af400000| Untracked 
| 757|0x00000000af500000, 0x00000000af500000, 0x00000000af600000|  0%| F|  |TAMS 0x00000000af500000| PB 0x00000000af500000| Untracked 
| 758|0x00000000af600000, 0x00000000af600000, 0x00000000af700000|  0%| F|  |TAMS 0x00000000af600000| PB 0x00000000af600000| Untracked 
| 759|0x00000000af700000, 0x00000000af700000, 0x00000000af800000|  0%| F|  |TAMS 0x00000000af700000| PB 0x00000000af700000| Untracked 
| 760|0x00000000af800000, 0x00000000af800000, 0x00000000af900000|  0%| F|  |TAMS 0x00000000af800000| PB 0x00000000af800000| Untracked 
| 761|0x00000000af900000, 0x00000000af900000, 0x00000000afa00000|  0%| F|  |TAMS 0x00000000af900000| PB 0x00000000af900000| Untracked 
| 762|0x00000000afa00000, 0x00000000afa00000, 0x00000000afb00000|  0%| F|  |TAMS 0x00000000afa00000| PB 0x00000000afa00000| Untracked 
| 763|0x00000000afb00000, 0x00000000afb00000, 0x00000000afc00000|  0%| F|  |TAMS 0x00000000afb00000| PB 0x00000000afb00000| Untracked 
| 764|0x00000000afc00000, 0x00000000afc00000, 0x00000000afd00000|  0%| F|  |TAMS 0x00000000afc00000| PB 0x00000000afc00000| Untracked 
| 765|0x00000000afd00000, 0x00000000afd00000, 0x00000000afe00000|  0%| F|  |TAMS 0x00000000afd00000| PB 0x00000000afd00000| Untracked 
| 766|0x00000000afe00000, 0x00000000afe00000, 0x00000000aff00000|  0%| F|  |TAMS 0x00000000afe00000| PB 0x00000000afe00000| Untracked 
| 767|0x00000000aff00000, 0x00000000aff00000, 0x00000000b0000000|  0%| F|  |TAMS 0x00000000aff00000| PB 0x00000000aff00000| Untracked 
| 768|0x00000000b0000000, 0x00000000b0000000, 0x00000000b0100000|  0%| F|  |TAMS 0x00000000b0000000| PB 0x00000000b0000000| Untracked 
| 769|0x00000000b0100000, 0x00000000b0100000, 0x00000000b0200000|  0%| F|  |TAMS 0x00000000b0100000| PB 0x00000000b0100000| Untracked 
| 770|0x00000000b0200000, 0x00000000b0200000, 0x00000000b0300000|  0%| F|  |TAMS 0x00000000b0200000| PB 0x00000000b0200000| Untracked 
| 771|0x00000000b0300000, 0x00000000b0300000, 0x00000000b0400000|  0%| F|  |TAMS 0x00000000b0300000| PB 0x00000000b0300000| Untracked 
| 772|0x00000000b0400000, 0x00000000b0400000, 0x00000000b0500000|  0%| F|  |TAMS 0x00000000b0400000| PB 0x00000000b0400000| Untracked 
| 773|0x00000000b0500000, 0x00000000b0500000, 0x00000000b0600000|  0%| F|  |TAMS 0x00000000b0500000| PB 0x00000000b0500000| Untracked 
| 774|0x00000000b0600000, 0x00000000b0600000, 0x00000000b0700000|  0%| F|  |TAMS 0x00000000b0600000| PB 0x00000000b0600000| Untracked 
| 775|0x00000000b0700000, 0x00000000b0700000, 0x00000000b0800000|  0%| F|  |TAMS 0x00000000b0700000| PB 0x00000000b0700000| Untracked 
| 776|0x00000000b0800000, 0x00000000b0800000, 0x00000000b0900000|  0%| F|  |TAMS 0x00000000b0800000| PB 0x00000000b0800000| Untracked 
| 777|0x00000000b0900000, 0x00000000b0900000, 0x00000000b0a00000|  0%| F|  |TAMS 0x00000000b0900000| PB 0x00000000b0900000| Untracked 
| 778|0x00000000b0a00000, 0x00000000b0a00000, 0x00000000b0b00000|  0%| F|  |TAMS 0x00000000b0a00000| PB 0x00000000b0a00000| Untracked 
| 779|0x00000000b0b00000, 0x00000000b0b00000, 0x00000000b0c00000|  0%| F|  |TAMS 0x00000000b0b00000| PB 0x00000000b0b00000| Untracked 
| 780|0x00000000b0c00000, 0x00000000b0c00000, 0x00000000b0d00000|  0%| F|  |TAMS 0x00000000b0c00000| PB 0x00000000b0c00000| Untracked 
| 781|0x00000000b0d00000, 0x00000000b0d00000, 0x00000000b0e00000|  0%| F|  |TAMS 0x00000000b0d00000| PB 0x00000000b0d00000| Untracked 
| 782|0x00000000b0e00000, 0x00000000b0e00000, 0x00000000b0f00000|  0%| F|  |TAMS 0x00000000b0e00000| PB 0x00000000b0e00000| Untracked 
| 783|0x00000000b0f00000, 0x00000000b0f00000, 0x00000000b1000000|  0%| F|  |TAMS 0x00000000b0f00000| PB 0x00000000b0f00000| Untracked 
| 784|0x00000000b1000000, 0x00000000b1000000, 0x00000000b1100000|  0%| F|  |TAMS 0x00000000b1000000| PB 0x00000000b1000000| Untracked 
| 785|0x00000000b1100000, 0x00000000b1100000, 0x00000000b1200000|  0%| F|  |TAMS 0x00000000b1100000| PB 0x00000000b1100000| Untracked 
| 786|0x00000000b1200000, 0x00000000b1200000, 0x00000000b1300000|  0%| F|  |TAMS 0x00000000b1200000| PB 0x00000000b1200000| Untracked 
| 787|0x00000000b1300000, 0x00000000b1300000, 0x00000000b1400000|  0%| F|  |TAMS 0x00000000b1300000| PB 0x00000000b1300000| Untracked 
| 788|0x00000000b1400000, 0x00000000b1480000, 0x00000000b1500000| 50%| E|  |TAMS 0x00000000b1400000| PB 0x00000000b1400000| Complete 
| 789|0x00000000b1500000, 0x00000000b1600000, 0x00000000b1600000|100%| E|CS|TAMS 0x00000000b1500000| PB 0x00000000b1500000| Complete 
| 790|0x00000000b1600000, 0x00000000b1700000, 0x00000000b1700000|100%| E|CS|TAMS 0x00000000b1600000| PB 0x00000000b1600000| Complete 
| 791|0x00000000b1700000, 0x00000000b1800000, 0x00000000b1800000|100%| E|CS|TAMS 0x00000000b1700000| PB 0x00000000b1700000| Complete 
| 792|0x00000000b1800000, 0x00000000b1900000, 0x00000000b1900000|100%| E|CS|TAMS 0x00000000b1800000| PB 0x00000000b1800000| Complete 
| 793|0x00000000b1900000, 0x00000000b1a00000, 0x00000000b1a00000|100%| E|CS|TAMS 0x00000000b1900000| PB 0x00000000b1900000| Complete 
| 794|0x00000000b1a00000, 0x00000000b1b00000, 0x00000000b1b00000|100%| E|CS|TAMS 0x00000000b1a00000| PB 0x00000000b1a00000| Complete 
| 795|0x00000000b1b00000, 0x00000000b1c00000, 0x00000000b1c00000|100%| E|CS|TAMS 0x00000000b1b00000| PB 0x00000000b1b00000| Complete 
| 796|0x00000000b1c00000, 0x00000000b1d00000, 0x00000000b1d00000|100%| E|CS|TAMS 0x00000000b1c00000| PB 0x00000000b1c00000| Complete 
| 797|0x00000000b1d00000, 0x00000000b1e00000, 0x00000000b1e00000|100%| E|CS|TAMS 0x00000000b1d00000| PB 0x00000000b1d00000| Complete 
| 798|0x00000000b1e00000, 0x00000000b1f00000, 0x00000000b1f00000|100%| E|CS|TAMS 0x00000000b1e00000| PB 0x00000000b1e00000| Complete 
| 799|0x00000000b1f00000, 0x00000000b2000000, 0x00000000b2000000|100%| E|CS|TAMS 0x00000000b1f00000| PB 0x00000000b1f00000| Complete 
| 800|0x00000000b2000000, 0x00000000b2100000, 0x00000000b2100000|100%| E|CS|TAMS 0x00000000b2000000| PB 0x00000000b2000000| Complete 
| 801|0x00000000b2100000, 0x00000000b2200000, 0x00000000b2200000|100%| E|CS|TAMS 0x00000000b2100000| PB 0x00000000b2100000| Complete 
| 802|0x00000000b2200000, 0x00000000b2300000, 0x00000000b2300000|100%| E|CS|TAMS 0x00000000b2200000| PB 0x00000000b2200000| Complete 
| 803|0x00000000b2300000, 0x00000000b2400000, 0x00000000b2400000|100%| E|CS|TAMS 0x00000000b2300000| PB 0x00000000b2300000| Complete 
| 804|0x00000000b2400000, 0x00000000b2500000, 0x00000000b2500000|100%| E|CS|TAMS 0x00000000b2400000| PB 0x00000000b2400000| Complete 
| 805|0x00000000b2500000, 0x00000000b2600000, 0x00000000b2600000|100%| E|CS|TAMS 0x00000000b2500000| PB 0x00000000b2500000| Complete 
| 806|0x00000000b2600000, 0x00000000b2700000, 0x00000000b2700000|100%| E|CS|TAMS 0x00000000b2600000| PB 0x00000000b2600000| Complete 
| 807|0x00000000b2700000, 0x00000000b2800000, 0x00000000b2800000|100%| E|CS|TAMS 0x00000000b2700000| PB 0x00000000b2700000| Complete 
| 808|0x00000000b2800000, 0x00000000b2900000, 0x00000000b2900000|100%| E|CS|TAMS 0x00000000b2800000| PB 0x00000000b2800000| Complete 
| 809|0x00000000b2900000, 0x00000000b2a00000, 0x00000000b2a00000|100%| E|CS|TAMS 0x00000000b2900000| PB 0x00000000b2900000| Complete 
| 810|0x00000000b2a00000, 0x00000000b2b00000, 0x00000000b2b00000|100%| E|CS|TAMS 0x00000000b2a00000| PB 0x00000000b2a00000| Complete 
| 811|0x00000000b2b00000, 0x00000000b2c00000, 0x00000000b2c00000|100%| E|CS|TAMS 0x00000000b2b00000| PB 0x00000000b2b00000| Complete 
| 812|0x00000000b2c00000, 0x00000000b2d00000, 0x00000000b2d00000|100%| E|CS|TAMS 0x00000000b2c00000| PB 0x00000000b2c00000| Complete 
| 813|0x00000000b2d00000, 0x00000000b2e00000, 0x00000000b2e00000|100%| E|CS|TAMS 0x00000000b2d00000| PB 0x00000000b2d00000| Complete 
| 814|0x00000000b2e00000, 0x00000000b2f00000, 0x00000000b2f00000|100%| E|CS|TAMS 0x00000000b2e00000| PB 0x00000000b2e00000| Complete 
| 815|0x00000000b2f00000, 0x00000000b3000000, 0x00000000b3000000|100%| E|CS|TAMS 0x00000000b2f00000| PB 0x00000000b2f00000| Complete 
| 816|0x00000000b3000000, 0x00000000b3100000, 0x00000000b3100000|100%| E|CS|TAMS 0x00000000b3000000| PB 0x00000000b3000000| Complete 
| 817|0x00000000b3100000, 0x00000000b3200000, 0x00000000b3200000|100%| E|CS|TAMS 0x00000000b3100000| PB 0x00000000b3100000| Complete 
| 818|0x00000000b3200000, 0x00000000b3300000, 0x00000000b3300000|100%| E|CS|TAMS 0x00000000b3200000| PB 0x00000000b3200000| Complete 
| 819|0x00000000b3300000, 0x00000000b3400000, 0x00000000b3400000|100%| E|CS|TAMS 0x00000000b3300000| PB 0x00000000b3300000| Complete 
| 820|0x00000000b3400000, 0x00000000b3500000, 0x00000000b3500000|100%| E|CS|TAMS 0x00000000b3400000| PB 0x00000000b3400000| Complete 
| 821|0x00000000b3500000, 0x00000000b3600000, 0x00000000b3600000|100%| E|CS|TAMS 0x00000000b3500000| PB 0x00000000b3500000| Complete 
| 822|0x00000000b3600000, 0x00000000b3700000, 0x00000000b3700000|100%| E|CS|TAMS 0x00000000b3600000| PB 0x00000000b3600000| Complete 
| 823|0x00000000b3700000, 0x00000000b3800000, 0x00000000b3800000|100%| E|CS|TAMS 0x00000000b3700000| PB 0x00000000b3700000| Complete 
| 824|0x00000000b3800000, 0x00000000b3900000, 0x00000000b3900000|100%| E|CS|TAMS 0x00000000b3800000| PB 0x00000000b3800000| Complete 
| 825|0x00000000b3900000, 0x00000000b3a00000, 0x00000000b3a00000|100%| E|CS|TAMS 0x00000000b3900000| PB 0x00000000b3900000| Complete 
| 826|0x00000000b3a00000, 0x00000000b3b00000, 0x00000000b3b00000|100%| E|CS|TAMS 0x00000000b3a00000| PB 0x00000000b3a00000| Complete 
| 827|0x00000000b3b00000, 0x00000000b3c00000, 0x00000000b3c00000|100%| E|CS|TAMS 0x00000000b3b00000| PB 0x00000000b3b00000| Complete 
| 828|0x00000000b3c00000, 0x00000000b3d00000, 0x00000000b3d00000|100%| E|CS|TAMS 0x00000000b3c00000| PB 0x00000000b3c00000| Complete 
| 829|0x00000000b3d00000, 0x00000000b3e00000, 0x00000000b3e00000|100%| E|CS|TAMS 0x00000000b3d00000| PB 0x00000000b3d00000| Complete 
| 830|0x00000000b3e00000, 0x00000000b3f00000, 0x00000000b3f00000|100%| E|CS|TAMS 0x00000000b3e00000| PB 0x00000000b3e00000| Complete 
| 831|0x00000000b3f00000, 0x00000000b4000000, 0x00000000b4000000|100%| E|CS|TAMS 0x00000000b3f00000| PB 0x00000000b3f00000| Complete 
| 832|0x00000000b4000000, 0x00000000b4100000, 0x00000000b4100000|100%| E|CS|TAMS 0x00000000b4000000| PB 0x00000000b4000000| Complete 
| 833|0x00000000b4100000, 0x00000000b4200000, 0x00000000b4200000|100%| E|CS|TAMS 0x00000000b4100000| PB 0x00000000b4100000| Complete 
| 834|0x00000000b4200000, 0x00000000b4300000, 0x00000000b4300000|100%| E|CS|TAMS 0x00000000b4200000| PB 0x00000000b4200000| Complete 
| 835|0x00000000b4300000, 0x00000000b4400000, 0x00000000b4400000|100%| E|CS|TAMS 0x00000000b4300000| PB 0x00000000b4300000| Complete 
| 836|0x00000000b4400000, 0x00000000b4500000, 0x00000000b4500000|100%| E|CS|TAMS 0x00000000b4400000| PB 0x00000000b4400000| Complete 
| 837|0x00000000b4500000, 0x00000000b4600000, 0x00000000b4600000|100%| E|CS|TAMS 0x00000000b4500000| PB 0x00000000b4500000| Complete 
| 838|0x00000000b4600000, 0x00000000b4700000, 0x00000000b4700000|100%| E|CS|TAMS 0x00000000b4600000| PB 0x00000000b4600000| Complete 
| 839|0x00000000b4700000, 0x00000000b4800000, 0x00000000b4800000|100%| E|CS|TAMS 0x00000000b4700000| PB 0x00000000b4700000| Complete 
| 840|0x00000000b4800000, 0x00000000b4900000, 0x00000000b4900000|100%| E|CS|TAMS 0x00000000b4800000| PB 0x00000000b4800000| Complete 
| 841|0x00000000b4900000, 0x00000000b4a00000, 0x00000000b4a00000|100%| E|CS|TAMS 0x00000000b4900000| PB 0x00000000b4900000| Complete 
| 842|0x00000000b4a00000, 0x00000000b4b00000, 0x00000000b4b00000|100%| E|CS|TAMS 0x00000000b4a00000| PB 0x00000000b4a00000| Complete 
| 843|0x00000000b4b00000, 0x00000000b4c00000, 0x00000000b4c00000|100%| E|CS|TAMS 0x00000000b4b00000| PB 0x00000000b4b00000| Complete 
| 844|0x00000000b4c00000, 0x00000000b4d00000, 0x00000000b4d00000|100%| E|CS|TAMS 0x00000000b4c00000| PB 0x00000000b4c00000| Complete 
| 845|0x00000000b4d00000, 0x00000000b4e00000, 0x00000000b4e00000|100%| E|CS|TAMS 0x00000000b4d00000| PB 0x00000000b4d00000| Complete 
| 846|0x00000000b4e00000, 0x00000000b4f00000, 0x00000000b4f00000|100%| E|CS|TAMS 0x00000000b4e00000| PB 0x00000000b4e00000| Complete 
| 847|0x00000000b4f00000, 0x00000000b5000000, 0x00000000b5000000|100%| E|CS|TAMS 0x00000000b4f00000| PB 0x00000000b4f00000| Complete 
| 848|0x00000000b5000000, 0x00000000b5100000, 0x00000000b5100000|100%| E|CS|TAMS 0x00000000b5000000| PB 0x00000000b5000000| Complete 
| 849|0x00000000b5100000, 0x00000000b5200000, 0x00000000b5200000|100%| E|CS|TAMS 0x00000000b5100000| PB 0x00000000b5100000| Complete 
| 850|0x00000000b5200000, 0x00000000b5300000, 0x00000000b5300000|100%| E|CS|TAMS 0x00000000b5200000| PB 0x00000000b5200000| Complete 
| 851|0x00000000b5300000, 0x00000000b5400000, 0x00000000b5400000|100%| E|CS|TAMS 0x00000000b5300000| PB 0x00000000b5300000| Complete 
| 852|0x00000000b5400000, 0x00000000b5500000, 0x00000000b5500000|100%| E|CS|TAMS 0x00000000b5400000| PB 0x00000000b5400000| Complete 
| 853|0x00000000b5500000, 0x00000000b5600000, 0x00000000b5600000|100%| E|CS|TAMS 0x00000000b5500000| PB 0x00000000b5500000| Complete 
| 854|0x00000000b5600000, 0x00000000b5700000, 0x00000000b5700000|100%| E|CS|TAMS 0x00000000b5600000| PB 0x00000000b5600000| Complete 
| 855|0x00000000b5700000, 0x00000000b5800000, 0x00000000b5800000|100%| E|CS|TAMS 0x00000000b5700000| PB 0x00000000b5700000| Complete 
| 856|0x00000000b5800000, 0x00000000b5900000, 0x00000000b5900000|100%| E|CS|TAMS 0x00000000b5800000| PB 0x00000000b5800000| Complete 
| 857|0x00000000b5900000, 0x00000000b5a00000, 0x00000000b5a00000|100%| E|CS|TAMS 0x00000000b5900000| PB 0x00000000b5900000| Complete 
| 858|0x00000000b5a00000, 0x00000000b5b00000, 0x00000000b5b00000|100%| E|CS|TAMS 0x00000000b5a00000| PB 0x00000000b5a00000| Complete 
| 859|0x00000000b5b00000, 0x00000000b5c00000, 0x00000000b5c00000|100%| E|CS|TAMS 0x00000000b5b00000| PB 0x00000000b5b00000| Complete 
| 860|0x00000000b5c00000, 0x00000000b5d00000, 0x00000000b5d00000|100%| E|CS|TAMS 0x00000000b5c00000| PB 0x00000000b5c00000| Complete 
| 861|0x00000000b5d00000, 0x00000000b5e00000, 0x00000000b5e00000|100%| E|CS|TAMS 0x00000000b5d00000| PB 0x00000000b5d00000| Complete 
| 862|0x00000000b5e00000, 0x00000000b5f00000, 0x00000000b5f00000|100%| E|CS|TAMS 0x00000000b5e00000| PB 0x00000000b5e00000| Complete 
| 863|0x00000000b5f00000, 0x00000000b6000000, 0x00000000b6000000|100%| E|CS|TAMS 0x00000000b5f00000| PB 0x00000000b5f00000| Complete 
| 864|0x00000000b6000000, 0x00000000b6100000, 0x00000000b6100000|100%| E|CS|TAMS 0x00000000b6000000| PB 0x00000000b6000000| Complete 
| 865|0x00000000b6100000, 0x00000000b6200000, 0x00000000b6200000|100%| E|CS|TAMS 0x00000000b6100000| PB 0x00000000b6100000| Complete 
| 866|0x00000000b6200000, 0x00000000b6300000, 0x00000000b6300000|100%| E|CS|TAMS 0x00000000b6200000| PB 0x00000000b6200000| Complete 
| 867|0x00000000b6300000, 0x00000000b6400000, 0x00000000b6400000|100%| E|CS|TAMS 0x00000000b6300000| PB 0x00000000b6300000| Complete 
| 868|0x00000000b6400000, 0x00000000b6500000, 0x00000000b6500000|100%| E|CS|TAMS 0x00000000b6400000| PB 0x00000000b6400000| Complete 
| 869|0x00000000b6500000, 0x00000000b6600000, 0x00000000b6600000|100%| E|CS|TAMS 0x00000000b6500000| PB 0x00000000b6500000| Complete 
| 870|0x00000000b6600000, 0x00000000b6700000, 0x00000000b6700000|100%| E|CS|TAMS 0x00000000b6600000| PB 0x00000000b6600000| Complete 
| 871|0x00000000b6700000, 0x00000000b6800000, 0x00000000b6800000|100%| E|CS|TAMS 0x00000000b6700000| PB 0x00000000b6700000| Complete 
| 872|0x00000000b6800000, 0x00000000b6900000, 0x00000000b6900000|100%| E|CS|TAMS 0x00000000b6800000| PB 0x00000000b6800000| Complete 
| 873|0x00000000b6900000, 0x00000000b6a00000, 0x00000000b6a00000|100%| E|CS|TAMS 0x00000000b6900000| PB 0x00000000b6900000| Complete 
| 874|0x00000000b6a00000, 0x00000000b6b00000, 0x00000000b6b00000|100%| E|CS|TAMS 0x00000000b6a00000| PB 0x00000000b6a00000| Complete 
| 875|0x00000000b6b00000, 0x00000000b6c00000, 0x00000000b6c00000|100%| E|CS|TAMS 0x00000000b6b00000| PB 0x00000000b6b00000| Complete 
| 876|0x00000000b6c00000, 0x00000000b6d00000, 0x00000000b6d00000|100%| E|CS|TAMS 0x00000000b6c00000| PB 0x00000000b6c00000| Complete 
| 877|0x00000000b6d00000, 0x00000000b6e00000, 0x00000000b6e00000|100%| E|CS|TAMS 0x00000000b6d00000| PB 0x00000000b6d00000| Complete 
| 878|0x00000000b6e00000, 0x00000000b6f00000, 0x00000000b6f00000|100%| E|CS|TAMS 0x00000000b6e00000| PB 0x00000000b6e00000| Complete 
| 879|0x00000000b6f00000, 0x00000000b7000000, 0x00000000b7000000|100%| E|CS|TAMS 0x00000000b6f00000| PB 0x00000000b6f00000| Complete 
| 880|0x00000000b7000000, 0x00000000b7100000, 0x00000000b7100000|100%| E|CS|TAMS 0x00000000b7000000| PB 0x00000000b7000000| Complete 
| 881|0x00000000b7100000, 0x00000000b7200000, 0x00000000b7200000|100%| E|CS|TAMS 0x00000000b7100000| PB 0x00000000b7100000| Complete 
| 882|0x00000000b7200000, 0x00000000b7300000, 0x00000000b7300000|100%| E|CS|TAMS 0x00000000b7200000| PB 0x00000000b7200000| Complete 
| 883|0x00000000b7300000, 0x00000000b7400000, 0x00000000b7400000|100%| E|CS|TAMS 0x00000000b7300000| PB 0x00000000b7300000| Complete 
| 884|0x00000000b7400000, 0x00000000b7500000, 0x00000000b7500000|100%| E|CS|TAMS 0x00000000b7400000| PB 0x00000000b7400000| Complete 
| 885|0x00000000b7500000, 0x00000000b7600000, 0x00000000b7600000|100%| E|CS|TAMS 0x00000000b7500000| PB 0x00000000b7500000| Complete 
| 886|0x00000000b7600000, 0x00000000b7700000, 0x00000000b7700000|100%| E|CS|TAMS 0x00000000b7600000| PB 0x00000000b7600000| Complete 
| 887|0x00000000b7700000, 0x00000000b7800000, 0x00000000b7800000|100%| E|CS|TAMS 0x00000000b7700000| PB 0x00000000b7700000| Complete 
| 888|0x00000000b7800000, 0x00000000b7900000, 0x00000000b7900000|100%| E|CS|TAMS 0x00000000b7800000| PB 0x00000000b7800000| Complete 
| 889|0x00000000b7900000, 0x00000000b7a00000, 0x00000000b7a00000|100%| E|CS|TAMS 0x00000000b7900000| PB 0x00000000b7900000| Complete 
| 890|0x00000000b7a00000, 0x00000000b7b00000, 0x00000000b7b00000|100%| E|CS|TAMS 0x00000000b7a00000| PB 0x00000000b7a00000| Complete 
| 891|0x00000000b7b00000, 0x00000000b7c00000, 0x00000000b7c00000|100%| E|CS|TAMS 0x00000000b7b00000| PB 0x00000000b7b00000| Complete 
| 892|0x00000000b7c00000, 0x00000000b7d00000, 0x00000000b7d00000|100%| E|CS|TAMS 0x00000000b7c00000| PB 0x00000000b7c00000| Complete 
| 893|0x00000000b7d00000, 0x00000000b7e00000, 0x00000000b7e00000|100%| E|CS|TAMS 0x00000000b7d00000| PB 0x00000000b7d00000| Complete 
| 894|0x00000000b7e00000, 0x00000000b7f00000, 0x00000000b7f00000|100%| E|CS|TAMS 0x00000000b7e00000| PB 0x00000000b7e00000| Complete 
| 895|0x00000000b7f00000, 0x00000000b8000000, 0x00000000b8000000|100%| E|CS|TAMS 0x00000000b7f00000| PB 0x00000000b7f00000| Complete 
| 896|0x00000000b8000000, 0x00000000b8100000, 0x00000000b8100000|100%| E|CS|TAMS 0x00000000b8000000| PB 0x00000000b8000000| Complete 
| 897|0x00000000b8100000, 0x00000000b8200000, 0x00000000b8200000|100%| E|CS|TAMS 0x00000000b8100000| PB 0x00000000b8100000| Complete 
| 898|0x00000000b8200000, 0x00000000b8300000, 0x00000000b8300000|100%| E|CS|TAMS 0x00000000b8200000| PB 0x00000000b8200000| Complete 
| 899|0x00000000b8300000, 0x00000000b8400000, 0x00000000b8400000|100%| E|CS|TAMS 0x00000000b8300000| PB 0x00000000b8300000| Complete 
| 900|0x00000000b8400000, 0x00000000b8500000, 0x00000000b8500000|100%| E|CS|TAMS 0x00000000b8400000| PB 0x00000000b8400000| Complete 
| 901|0x00000000b8500000, 0x00000000b8600000, 0x00000000b8600000|100%| E|CS|TAMS 0x00000000b8500000| PB 0x00000000b8500000| Complete 
| 902|0x00000000b8600000, 0x00000000b8700000, 0x00000000b8700000|100%| E|CS|TAMS 0x00000000b8600000| PB 0x00000000b8600000| Complete 
| 903|0x00000000b8700000, 0x00000000b8800000, 0x00000000b8800000|100%| E|CS|TAMS 0x00000000b8700000| PB 0x00000000b8700000| Complete 
| 904|0x00000000b8800000, 0x00000000b8900000, 0x00000000b8900000|100%| E|CS|TAMS 0x00000000b8800000| PB 0x00000000b8800000| Complete 
| 905|0x00000000b8900000, 0x00000000b8a00000, 0x00000000b8a00000|100%| E|CS|TAMS 0x00000000b8900000| PB 0x00000000b8900000| Complete 
| 906|0x00000000b8a00000, 0x00000000b8b00000, 0x00000000b8b00000|100%| E|CS|TAMS 0x00000000b8a00000| PB 0x00000000b8a00000| Complete 
| 907|0x00000000b8b00000, 0x00000000b8c00000, 0x00000000b8c00000|100%| E|CS|TAMS 0x00000000b8b00000| PB 0x00000000b8b00000| Complete 
| 908|0x00000000b8c00000, 0x00000000b8d00000, 0x00000000b8d00000|100%| E|CS|TAMS 0x00000000b8c00000| PB 0x00000000b8c00000| Complete 
| 909|0x00000000b8d00000, 0x00000000b8e00000, 0x00000000b8e00000|100%| E|CS|TAMS 0x00000000b8d00000| PB 0x00000000b8d00000| Complete 
| 910|0x00000000b8e00000, 0x00000000b8f00000, 0x00000000b8f00000|100%| E|CS|TAMS 0x00000000b8e00000| PB 0x00000000b8e00000| Complete 
| 911|0x00000000b8f00000, 0x00000000b9000000, 0x00000000b9000000|100%| E|CS|TAMS 0x00000000b8f00000| PB 0x00000000b8f00000| Complete 
| 912|0x00000000b9000000, 0x00000000b9100000, 0x00000000b9100000|100%| E|CS|TAMS 0x00000000b9000000| PB 0x00000000b9000000| Complete 
| 913|0x00000000b9100000, 0x00000000b9200000, 0x00000000b9200000|100%| E|CS|TAMS 0x00000000b9100000| PB 0x00000000b9100000| Complete 
| 914|0x00000000b9200000, 0x00000000b9300000, 0x00000000b9300000|100%| E|CS|TAMS 0x00000000b9200000| PB 0x00000000b9200000| Complete 
| 915|0x00000000b9300000, 0x00000000b9400000, 0x00000000b9400000|100%| E|CS|TAMS 0x00000000b9300000| PB 0x00000000b9300000| Complete 
| 916|0x00000000b9400000, 0x00000000b9500000, 0x00000000b9500000|100%| E|CS|TAMS 0x00000000b9400000| PB 0x00000000b9400000| Complete 
|2033|0x00000000ff100000, 0x00000000ff200000, 0x00000000ff200000|100%| E|CS|TAMS 0x00000000ff100000| PB 0x00000000ff100000| Complete 
|2034|0x00000000ff200000, 0x00000000ff300000, 0x00000000ff300000|100%| E|CS|TAMS 0x00000000ff200000| PB 0x00000000ff200000| Complete 
|2035|0x00000000ff300000, 0x00000000ff400000, 0x00000000ff400000|100%| E|CS|TAMS 0x00000000ff300000| PB 0x00000000ff300000| Complete 
|2036|0x00000000ff400000, 0x00000000ff500000, 0x00000000ff500000|100%| O|  |TAMS 0x00000000ff400000| PB 0x00000000ff400000| Untracked 
|2037|0x00000000ff500000, 0x00000000ff600000, 0x00000000ff600000|100%| E|CS|TAMS 0x00000000ff500000| PB 0x00000000ff500000| Complete 
|2038|0x00000000ff600000, 0x00000000ff700000, 0x00000000ff700000|100%| O|  |TAMS 0x00000000ff600000| PB 0x00000000ff600000| Untracked 
|2039|0x00000000ff700000, 0x00000000ff800000, 0x00000000ff800000|100%| O|  |TAMS 0x00000000ff700000| PB 0x00000000ff700000| Untracked 
|2040|0x00000000ff800000, 0x00000000ff900000, 0x00000000ff900000|100%| E|CS|TAMS 0x00000000ff800000| PB 0x00000000ff800000| Complete 
|2041|0x00000000ff900000, 0x00000000ffa00000, 0x00000000ffa00000|100%| O|  |TAMS 0x00000000ff900000| PB 0x00000000ff900000| Untracked 
|2042|0x00000000ffa00000, 0x00000000ffb00000, 0x00000000ffb00000|100%| O|  |TAMS 0x00000000ffa00000| PB 0x00000000ffa00000| Untracked 
|2043|0x00000000ffb00000, 0x00000000ffc00000, 0x00000000ffc00000|100%| O|  |TAMS 0x00000000ffb00000| PB 0x00000000ffb00000| Untracked 
|2044|0x00000000ffc00000, 0x00000000ffd00000, 0x00000000ffd00000|100%| O|  |TAMS 0x00000000ffc00000| PB 0x00000000ffc00000| Untracked 
|2045|0x00000000ffd00000, 0x00000000ffe00000, 0x00000000ffe00000|100%| O|  |TAMS 0x00000000ffd00000| PB 0x00000000ffd00000| Untracked 
|2046|0x00000000ffe00000, 0x00000000fff00000, 0x00000000fff00000|100%| O|  |TAMS 0x00000000ffe00000| PB 0x00000000ffe00000| Untracked 
|2047|0x00000000fff00000, 0x0000000100000000, 0x0000000100000000|100%| O|  |TAMS 0x00000000fff00000| PB 0x00000000fff00000| Untracked 

Card table byte_map: [0x00007f2d35400000,0x00007f2d35800000] _byte_map_base: 0x00007f2d35000000

Marking Bits: (CMBitMap*) 0x00007f2d3006cc90
 Bits: [0x00007f2d1c600000, 0x00007f2d1e600000)

Polling page: 0x00007f2d385eb000

Metaspace:

Usage:
  Non-class:     32.76 MB used.
      Class:      3.71 MB used.
       Both:     36.47 MB used.

Virtual space:
  Non-class space:       64.00 MB reserved,      32.94 MB ( 51%) committed,  1 nodes.
      Class space:        1.00 GB reserved,       3.94 MB ( <1%) committed,  1 nodes.
             Both:        1.06 GB reserved,      36.88 MB (  3%) committed. 

Chunk freelists:
   Non-Class:  14.15 MB
       Class:  12.11 MB
        Both:  26.26 MB

MaxMetaspaceSize: unlimited
CompressedClassSpaceSize: 1.00 GB
Initial GC threshold: 21.00 MB
Current GC threshold: 61.19 MB
CDS: off
 - commit_granule_bytes: 65536.
 - commit_granule_words: 8192.
 - virtual_space_node_default_size: 8388608.
 - enlarge_chunks_in_place: 1.
 - use_allocation_guard: 0.


Internal statistics:

num_allocs_failed_limit: 3.
num_arena_births: 458.
num_arena_deaths: 0.
num_vsnodes_births: 2.
num_vsnodes_deaths: 0.
num_space_committed: 589.
num_space_uncommitted: 0.
num_chunks_returned_to_freelist: 3.
num_chunks_taken_from_freelist: 1374.
num_chunk_merges: 3.
num_chunk_splits: 885.
num_chunks_enlarged: 606.
num_inconsistent_stats: 0.

CodeHeap 'non-profiled nmethods': size=119168Kb used=5283Kb max_used=7386Kb free=113884Kb
 bounds [0x00007f2d261a0000, 0x00007f2d26920000, 0x00007f2d2d600000]
CodeHeap 'profiled nmethods': size=119164Kb used=9864Kb max_used=14813Kb free=109299Kb
 bounds [0x00007f2d1e600000, 0x00007f2d1f480000, 0x00007f2d25a5f000]
CodeHeap 'non-nmethods': size=7428Kb used=1722Kb max_used=3377Kb free=5705Kb
 bounds [0x00007f2d25a5f000, 0x00007f2d25dbf000, 0x00007f2d261a0000]
CodeCache: size=245760Kb, used=16869Kb, max_used=25576Kb, free=228888Kb
 total_blobs=5945, nmethods=5305, adapters=543, full_count=0
Compilation: enabled, stopped_count=0, restarted_count=0

Compilation events (20 events):
Event: 15189.727 Thread 0x00007f2d301ead80 8984       3       java.util.concurrent.Executors$RunnableAdapter::call (14 bytes)
Event: 15189.727 Thread 0x00007f2d301ead80 nmethod 8984 0x00007f2d1e7e1710 code [0x00007f2d1e7e18c0, 0x00007f2d1e7e1a98]
Event: 15189.728 Thread 0x00007f2d301ead80 8985       3       java.util.concurrent.ThreadPoolExecutor::afterExecute (1 bytes)
Event: 15189.729 Thread 0x00007f2d301ead80 nmethod 8985 0x00007f2d1e7e7c10 code [0x00007f2d1e7e7da0, 0x00007f2d1e7e7ea0]
Event: 15369.725 Thread 0x00007f2d301ead80 8986       3       org.bsplines.ltexls.server.LtexLanguageServer$$Lambda/0x00000001002bf910::run (8 bytes)
Event: 15369.730 Thread 0x00007f2d301ead80 nmethod 8986 0x00007f2d1e804590 code [0x00007f2d1e804740, 0x00007f2d1e8048d8]
Event: 15369.731 Thread 0x00007f2d301ead80 8987       3       org.bsplines.ltexls.server.LtexLanguageServer::_init_$lambda$0 (5 bytes)
Event: 15369.731 Thread 0x00007f2d301ead80 nmethod 8987 0x00007f2d1e753490 code [0x00007f2d1e753640, 0x00007f2d1e753760]
Event: 15369.731 Thread 0x00007f2d301ead80 8988   !   3       org.bsplines.ltexls.server.LtexLanguageServer::sweepFragmentCache$ltexls_plus (44 bytes)
Event: 15369.744 Thread 0x00007f2d301ead80 nmethod 8988 0x00007f2d1e90de10 code [0x00007f2d1e90e000, 0x00007f2d1e90e508]
Event: 15369.744 Thread 0x00007f2d301ead80 8989       3       org.bsplines.ltexls.settings.Settings::getParagraphCacheTtlMinutes (19 bytes)
Event: 15369.745 Thread 0x00007f2d301ead80 nmethod 8989 0x00007f2d1ea87790 code [0x00007f2d1ea87920, 0x00007f2d1ea87a98]
Event: 15369.745 Thread 0x00007f2d301ead80 8990       3       org.bsplines.ltexls.parsing.FragmentCache::evictIdleOlderThan (43 bytes)
Event: 15369.764 Thread 0x00007f2d301ead80 nmethod 8990 0x00007f2d1e84e590 code [0x00007f2d1e84e840, 0x00007f2d1e84f820]
Event: 15369.764 Thread 0x00007f2d301ead80 8991       3       java.lang.invoke.Invokers$Holder::linkToTargetMethod (9 bytes)
Event: 15369.764 Thread 0x00007f2d301ead80 nmethod 8991 0x00007f2d1e826d10 code [0x00007f2d1e826ec0, 0x00007f2d1e827198]
Event: 15369.764 Thread 0x00007f2d301ead80 8992       3       java.lang.invoke.LambdaForm$DMH/0x00000001003d5400::newInvokeSpecial (23 bytes)
Event: 15369.765 Thread 0x00007f2d301ead80 nmethod 8992 0x00007f2d1ed6f110 code [0x00007f2d1ed6f300, 0x00007f2d1ed6f970]
Event: 16819.280 Thread 0x00007f2d301e96c0 8993       4       java.util.concurrent.locks.ReentrantLock$Sync::isHeldExclusively (16 bytes)
Event: 16819.294 Thread 0x00007f2d301e96c0 nmethod 8993 0x00007f2d2622b610 code [0x00007f2d2622b780, 0x00007f2d2622b828]

GC Heap History (20 events):
Event: 15.581 GC heap before
{Heap before GC invocations=40 (full 0):
 garbage-first heap   total 954368K, used 869249K [0x0000000080000000, 0x0000000100000000)
  region size 1024K, 390 young (399360K), 21 survivors (21504K)
 Metaspace       used 36324K, committed 36736K, reserved 1114112K
  class space    used 3734K, committed 3904K, reserved 1048576K
}
Event: 15.589 GC heap after
{Heap after GC invocations=41 (full 0):
 garbage-first heap   total 954368K, used 491393K [0x0000000080000000, 0x0000000100000000)
  region size 1024K, 21 young (21504K), 21 survivors (21504K)
 Metaspace       used 36324K, committed 36736K, reserved 1114112K
  class space    used 3734K, committed 3904K, reserved 1048576K
}
Event: 198.151 GC heap before
{Heap before GC invocations=41 (full 0):
 garbage-first heap   total 954368K, used 886657K [0x0000000080000000, 0x0000000100000000)
  region size 1024K, 407 young (416768K), 21 survivors (21504K)
 Metaspace       used 36963K, committed 37312K, reserved 1114112K
  class space    used 3779K, committed 3904K, reserved 1048576K
}
Event: 198.168 GC heap after
{Heap after GC invocations=42 (full 0):
 garbage-first heap   total 954368K, used 492690K [0x0000000080000000, 0x0000000100000000)
  region size 1024K, 23 young (23552K), 23 survivors (23552K)
 Metaspace       used 36963K, committed 37312K, reserved 1114112K
  class space    used 3779K, committed 3904K, reserved 1048576K
}
Event: 198.861 GC heap before
{Heap before GC invocations=42 (full 0):
 garbage-first heap   total 954368K, used 898194K [0x0000000080000000, 0x0000000100000000)
  region size 1024K, 419 young (429056K), 23 survivors (23552K)
 Metaspace       used 37138K, committed 37504K, reserved 1114112K
  class space    used 3787K, committed 3968K, reserved 1048576K
}
Event: 198.871 GC heap after
{Heap after GC invocations=43 (full 0):
 garbage-first heap   total 954368K, used 494771K [0x0000000080000000, 0x0000000100000000)
  region size 1024K, 25 young (25600K), 25 survivors (25600K)
 Metaspace       used 37138K, committed 37504K, reserved 1114112K
  class space    used 3787K, committed 3968K, reserved 1048576K
}
Event: 199.553 GC heap before
{Heap before GC invocations=44 (full 0):
 garbage-first heap   total 954368K, used 902323K [0x0000000080000000, 0x0000000100000000)
  region size 1024K, 425 young (435200K), 25 survivors (25600K)
 Metaspace       used 37168K, committed 37568K, reserved 1114112K
  class space    used 3787K, committed 3968K, reserved 1048576K
}
Event: 199.565 GC heap after
{Heap after GC invocations=45 (full 0):
 garbage-first heap   total 954368K, used 493441K [0x0000000080000000, 0x0000000100000000)
  region size 1024K, 25 young (25600K), 25 survivors (25600K)
 Metaspace       used 37168K, committed 37568K, reserved 1114112K
  class space    used 3787K, committed 3968K, reserved 1048576K
}
Event: 199.849 GC heap before
{Heap before GC invocations=45 (full 0):
 garbage-first heap   total 954368K, used 905089K [0x0000000080000000, 0x0000000100000000)
  region size 1024K, 427 young (437248K), 25 survivors (25600K)
 Metaspace       used 37178K, committed 37568K, reserved 1114112K
  class space    used 3790K, committed 3968K, reserved 1048576K
}
Event: 199.861 GC heap after
{Heap after GC invocations=46 (full 0):
 garbage-first heap   total 954368K, used 487960K [0x0000000080000000, 0x0000000100000000)
  region size 1024K, 25 young (25600K), 25 survivors (25600K)
 Metaspace       used 37178K, committed 37568K, reserved 1114112K
  class space    used 3790K, committed 3968K, reserved 1048576K
}
Event: 200.063 GC heap before
{Heap before GC invocations=46 (full 0):
 garbage-first heap   total 954368K, used 903704K [0x0000000080000000, 0x0000000100000000)
  region size 1024K, 431 young (441344K), 25 survivors (25600K)
 Metaspace       used 37178K, committed 37568K, reserved 1114112K
  class space    used 3790K, committed 3968K, reserved 1048576K
}
Event: 200.073 GC heap after
{Heap after GC invocations=47 (full 0):
 garbage-first heap   total 954368K, used 487790K [0x0000000080000000, 0x0000000100000000)
  region size 1024K, 25 young (25600K), 25 survivors (25600K)
 Metaspace       used 37178K, committed 37568K, reserved 1114112K
  class space    used 3790K, committed 3968K, reserved 1048576K
}
Event: 200.326 GC heap before
{Heap before GC invocations=47 (full 0):
 garbage-first heap   total 954368K, used 903534K [0x0000000080000000, 0x0000000100000000)
  region size 1024K, 431 young (441344K), 25 survivors (25600K)
 Metaspace       used 37182K, committed 37568K, reserved 1114112K
  class space    used 3790K, committed 3968K, reserved 1048576K
}
Event: 200.335 GC heap after
{Heap after GC invocations=48 (full 0):
 garbage-first heap   total 954368K, used 488472K [0x0000000080000000, 0x0000000100000000)
  region size 1024K, 25 young (25600K), 25 survivors (25600K)
 Metaspace       used 37182K, committed 37568K, reserved 1114112K
  class space    used 3790K, committed 3968K, reserved 1048576K
}
Event: 200.577 GC heap before
{Heap before GC invocations=49 (full 0):
 garbage-first heap   total 954368K, used 904216K [0x0000000080000000, 0x0000000100000000)
  region size 1024K, 431 young (441344K), 25 survivors (25600K)
 Metaspace       used 37184K, committed 37568K, reserved 1114112K
  class space    used 3790K, committed 3968K, reserved 1048576K
}
Event: 200.586 GC heap after
{Heap after GC invocations=50 (full 0):
 garbage-first heap   total 954368K, used 488143K [0x0000000080000000, 0x0000000100000000)
  region size 1024K, 25 young (25600K), 25 survivors (25600K)
 Metaspace       used 37184K, committed 37568K, reserved 1114112K
  class space    used 3790K, committed 3968K, reserved 1048576K
}
Event: 200.813 GC heap before
{Heap before GC invocations=50 (full 0):
 garbage-first heap   total 954368K, used 903887K [0x0000000080000000, 0x0000000100000000)
  region size 1024K, 431 young (441344K), 25 survivors (25600K)
 Metaspace       used 37185K, committed 37568K, reserved 1114112K
  class space    used 3790K, committed 3968K, reserved 1048576K
}
Event: 200.828 GC heap after
{Heap after GC invocations=51 (full 0):
 garbage-first heap   total 954368K, used 485865K [0x0000000080000000, 0x0000000100000000)
  region size 1024K, 25 young (25600K), 25 survivors (25600K)
 Metaspace       used 37185K, committed 37568K, reserved 1114112K
  class space    used 3790K, committed 3968K, reserved 1048576K
}
Event: 201.027 GC heap before
{Heap before GC invocations=51 (full 0):
 garbage-first heap   total 954368K, used 904681K [0x0000000080000000, 0x0000000100000000)
  region size 1024K, 434 young (444416K), 25 survivors (25600K)
 Metaspace       used 37185K, committed 37568K, reserved 1114112K
  class space    used 3790K, committed 3968K, reserved 1048576K
}
Event: 201.034 GC heap after
{Heap after GC invocations=52 (full 0):
 garbage-first heap   total 954368K, used 485189K [0x0000000080000000, 0x0000000100000000)
  region size 1024K, 25 young (25600K), 25 survivors (25600K)
 Metaspace       used 37185K, committed 37568K, reserved 1114112K
  class space    used 3790K, committed 3968K, reserved 1048576K
}

Dll operation events (9 events):
Event: 0.002 Loaded shared library /home/yusen/.vscode/extensions/ltex-plus.vscode-ltex-plus-15.7.1/lib/ltex-ls-plus-18.7.0/jdk-21.0.10+7/lib/libjava.so
Event: 0.004 Loaded shared library /home/yusen/.vscode/extensions/ltex-plus.vscode-ltex-plus-15.7.1/lib/ltex-ls-plus-18.7.0/jdk-21.0.10+7/lib/libzip.so
Event: 0.041 Loaded shared library /home/yusen/.vscode/extensions/ltex-plus.vscode-ltex-plus-15.7.1/lib/ltex-ls-plus-18.7.0/jdk-21.0.10+7/lib/libjsvml.so
Event: 0.088 Loaded shared library /home/yusen/.vscode/extensions/ltex-plus.vscode-ltex-plus-15.7.1/lib/ltex-ls-plus-18.7.0/jdk-21.0.10+7/lib/libnio.so
Event: 0.094 Loaded shared library /home/yusen/.vscode/extensions/ltex-plus.vscode-ltex-plus-15.7.1/lib/ltex-ls-plus-18.7.0/jdk-21.0.10+7/lib/libzip.so
Event: 0.205 Loaded shared library /home/yusen/.vscode/extensions/ltex-plus.vscode-ltex-plus-15.7.1/lib/ltex-ls-plus-18.7.0/jdk-21.0.10+7/lib/libjimage.so
Event: 0.216 Loaded shared library /home/yusen/.vscode/extensions/ltex-plus.vscode-ltex-plus-15.7.1/lib/ltex-ls-plus-18.7.0/jdk-21.0.10+7/lib/libnet.so
Event: 0.221 Loaded shared library /tmp/jansi-2.4.3-419b9f8e82433e51-libjansi.so
Event: 0.233 Loaded shared library /home/yusen/.vscode/extensions/ltex-plus.vscode-ltex-plus-15.7.1/lib/ltex-ls-plus-18.7.0/jdk-21.0.10+7/lib/libverify.so

Deoptimization events (20 events):
Event: 201.281 Thread 0x00007f2cd037f500 DEOPT PACKING pc=0x00007f2d1f164a98 sp=0x00007f2d0ccf8cf0
Event: 201.281 Thread 0x00007f2cd037f500 DEOPT UNPACKING pc=0x00007f2d25ab714f sp=0x00007f2d0ccf81b0 mode 0
Event: 201.282 Thread 0x00007f2cd037f500 DEOPT PACKING pc=0x00007f2d1f164a98 sp=0x00007f2d0ccf8cf0
Event: 201.282 Thread 0x00007f2cd037f500 DEOPT UNPACKING pc=0x00007f2d25ab714f sp=0x00007f2d0ccf81b0 mode 0
Event: 201.282 Thread 0x00007f2cd037f500 DEOPT PACKING pc=0x00007f2d1f164a98 sp=0x00007f2d0ccf8cf0
Event: 201.282 Thread 0x00007f2cd037f500 DEOPT UNPACKING pc=0x00007f2d25ab714f sp=0x00007f2d0ccf81b0 mode 0
Event: 201.283 Thread 0x00007f2cd037f500 DEOPT PACKING pc=0x00007f2d1f164a98 sp=0x00007f2d0ccf8cf0
Event: 201.283 Thread 0x00007f2cd037f500 DEOPT UNPACKING pc=0x00007f2d25ab714f sp=0x00007f2d0ccf81b0 mode 0
Event: 201.283 Thread 0x00007f2cd037f500 DEOPT PACKING pc=0x00007f2d1f164a98 sp=0x00007f2d0ccf8cf0
Event: 201.283 Thread 0x00007f2cd037f500 DEOPT UNPACKING pc=0x00007f2d25ab714f sp=0x00007f2d0ccf81b0 mode 0
Event: 201.283 Thread 0x00007f2cd037f500 DEOPT PACKING pc=0x00007f2d1f164a98 sp=0x00007f2d0ccf8cf0
Event: 201.283 Thread 0x00007f2cd037f500 DEOPT UNPACKING pc=0x00007f2d25ab714f sp=0x00007f2d0ccf81b0 mode 0
Event: 201.284 Thread 0x00007f2cd037f500 DEOPT PACKING pc=0x00007f2d1f164a98 sp=0x00007f2d0ccf8cf0
Event: 201.284 Thread 0x00007f2cd037f500 DEOPT UNPACKING pc=0x00007f2d25ab714f sp=0x00007f2d0ccf81b0 mode 0
Event: 201.284 Thread 0x00007f2cd037f500 DEOPT PACKING pc=0x00007f2d1f164a98 sp=0x00007f2d0ccf8cf0
Event: 201.284 Thread 0x00007f2cd037f500 DEOPT UNPACKING pc=0x00007f2d25ab714f sp=0x00007f2d0ccf81b0 mode 0
Event: 1869.724 Thread 0x00007f2d31195770 Uncommon trap: trap_request=0xffffff45 fr.pc=0x00007f2d261af708 relative=0x00000000000000c8
Event: 1869.729 Thread 0x00007f2d31195770 Uncommon trap: reason=unstable_if action=reinterpret pc=0x00007f2d261af708 method=org.bsplines.ltexls.parsing.FragmentCache.evictIdleOlderThan$lambda$0(JLjava/util/Map$Entry;)Z @ 20 c2
Event: 1869.729 Thread 0x00007f2d31195770 DEOPT PACKING pc=0x00007f2d261af708 sp=0x00007f2d0c3f0400
Event: 1869.729 Thread 0x00007f2d31195770 DEOPT UNPACKING pc=0x00007f2d25ab6619 sp=0x00007f2d0c3f0280 mode 2

Classes loaded (20 events):
Event: 13.564 Loading class jdk/internal/math/FloatToDecimal
Event: 13.565 Loading class jdk/internal/math/FloatToDecimal done
Event: 13.565 Loading class jdk/internal/math/MathUtils
Event: 13.565 Loading class jdk/internal/math/MathUtils done
Event: 14.448 Loading class java/util/concurrent/atomic/AtomicReference
Event: 14.449 Loading class java/util/concurrent/atomic/AtomicReference done
Event: 15.660 Loading class java/util/AbstractList$RandomAccessSpliterator
Event: 15.660 Loading class java/util/AbstractList$RandomAccessSpliterator done
Event: 15.689 Loading class java/net/URLEncoder
Event: 15.689 Loading class java/net/URLEncoder done
Event: 15.689 Loading class java/io/CharArrayWriter
Event: 15.690 Loading class java/io/CharArrayWriter done
Event: 197.635 Loading class java/util/DualPivotQuicksort$Sorter
Event: 197.638 Loading class java/util/concurrent/CountedCompleter
Event: 197.640 Loading class java/util/concurrent/CountedCompleter done
Event: 197.640 Loading class java/util/DualPivotQuicksort$Sorter done
Event: 198.348 Loading class java/util/stream/IntPipeline$1
Event: 198.348 Loading class java/util/stream/IntPipeline$1 done
Event: 198.349 Loading class java/util/stream/IntPipeline$1$1
Event: 198.349 Loading class java/util/stream/IntPipeline$1$1 done

Classes unloaded (0 events):
No events

Classes redefined (0 events):
No events

Internal exceptions (20 events):
Event: 11.199 Thread 0x00007f2cd037f500 Exception <a 'java/lang/NoSuchMethodError'{0x000000009d39ae60}: 'java.lang.Object java.lang.invoke.DirectMethodHandle$Holder.newInvokeSpecial(java.lang.Object, java.lang.Object, java.lang.Object, java.lang.Object, java.lang.Object, java.lang.Object, java.lang.Object)'> (0x000000009d39ae60) 
thrown [src/hotspot/share/interpreter/linkResolver.cpp, line 772]
Event: 11.205 Thread 0x00007f2cd037f500 Exception <a 'java/lang/NoSuchMethodError'{0x000000009d21d110}: 'int java.lang.invoke.DirectMethodHandle$Holder.invokeStatic(java.lang.Object, int, int, int, int)'> (0x000000009d21d110) 
thrown [src/hotspot/share/interpreter/linkResolver.cpp, line 772]
Event: 11.233 Thread 0x00007f2cd037f500 Exception <a 'java/lang/NoSuchMethodError'{0x000000009d094170}: 'int java.lang.invoke.DirectMethodHandle$Holder.invokeSpecialIFC(java.lang.Object, java.lang.Object, int)'> (0x000000009d094170) 
thrown [src/hotspot/share/interpreter/linkResolver.cpp, line 772]
Event: 11.304 Thread 0x00007f2cd037f500 Exception <a 'java/lang/NoSuchMethodError'{0x000000009cc7b8e0}: 'java.lang.Object java.lang.invoke.DirectMethodHandle$Holder.invokeVirtual(java.lang.Object, java.lang.Object, java.lang.Object, java.lang.Object)'> (0x000000009cc7b8e0) 
thrown [src/hotspot/share/interpreter/linkResolver.cpp, line 772]
Event: 12.098 Thread 0x00007f2cd037f500 Implicit null exception at 0x00007f2d26246ea0 to 0x00007f2d26247734
Event: 12.098 Thread 0x00007f2cd037f500 Implicit null exception at 0x00007f2d26207620 to 0x00007f2d26207eb0
Event: 12.104 Thread 0x00007f2cd037f500 Implicit null exception at 0x00007f2d2627baba to 0x00007f2d2627baf4
Event: 12.510 Thread 0x00007f2cd037f500 Exception <a 'java/lang/NoSuchMethodError'{0x00000000a3e013b0}: 'java.lang.Object java.lang.invoke.DirectMethodHandle$Holder.newInvokeSpecial(java.lang.Object, java.lang.Object, java.lang.Object, java.lang.Object, java.lang.Object, java.lang.Object)'> (0x00000000a3e013b0) 
thrown [src/hotspot/share/interpreter/linkResolver.cpp, line 772]
Event: 13.093 Thread 0x00007f2cd037f500 Implicit null exception at 0x00007f2d26664850 to 0x00007f2d266648cd
Event: 13.102 Thread 0x00007f2cd037f500 Implicit null exception at 0x00007f2d266643d0 to 0x00007f2d2666444d
Event: 13.557 Thread 0x00007f2cd037f500 Exception <a 'java/lang/NoSuchMethodError'{0x00000000b26262c0}: 'java.lang.Object java.lang.invoke.DirectMethodHandle$Holder.newInvokeSpecial(java.lang.Object, java.lang.Object, java.lang.Object, int, java.lang.Object, java.lang.Object, java.lang.Object)'> (0x00000000b26262c0) 
thrown [src/hotspot/share/interpreter/linkResolver.cpp, line 772]
Event: 13.570 Thread 0x00007f2cd037f500 Exception <a 'java/lang/NoSuchMethodError'{0x00000000b26e2f40}: 'java.lang.Object java.lang.invoke.DirectMethodHandle$Holder.invokeSpecial(java.lang.Object, java.lang.Object, int, int, float, float, float)'> (0x00000000b26e2f40) 
thrown [src/hotspot/share/interpreter/linkResolver.cpp, line 772]
Event: 13.692 Thread 0x00007f2cd037f500 Exception <a 'java/lang/NoSuchMethodError'{0x00000000b1c4ef38}: 'int java.lang.invoke.DirectMethodHandle$Holder.invokeVirtual(java.lang.Object, java.lang.Object, java.lang.Object, java.lang.Object)'> (0x00000000b1c4ef38) 
thrown [src/hotspot/share/interpreter/linkResolver.cpp, line 772]
Event: 13.838 Thread 0x00007f2cd037f500 Implicit null exception at 0x00007f2d264a70ef to 0x00007f2d264a71a0
Event: 13.838 Thread 0x00007f2cd037f500 Implicit null exception at 0x00007f2d262b8e6f to 0x00007f2d262b8f20
Event: 14.447 Thread 0x00007f2cd037f500 Exception <a 'java/lang/NoSuchMethodError'{0x00000000b1df6f90}: 'java.lang.Object java.lang.invoke.DirectMethodHandle$Holder.newInvokeSpecial(java.lang.Object, java.lang.Object, long, java.lang.Object, java.lang.Object, java.lang.Object, java.lang.Object, java.lang.Object, java.lang.Object, java.lang.Object, java.lang.Object, java.lang.Object, java.lang.Object, java.lang.Object, java.lang.Object)'> (0x00000000b1df6f90) 
thrown [src/hotspot/share/interpreter/linkResolver.cpp, line 772]
Event: 14.456 Thread 0x00007f2cd037f500 Exception <a 'java/lang/NoSuchMethodError'{0x00000000b1c7fad0}: 'int java.lang.invoke.DirectMethodHandle$Holder.invokeSpecial(java.lang.Object, java.lang.Object, java.lang.Object, java.lang.Object)'> (0x00000000b1c7fad0) 
thrown [src/hotspot/share/interpreter/linkResolver.cpp, line 772]
Event: 15.661 Thread 0x00007f2cd037f500 Exception <a 'java/lang/NoSuchMethodError'{0x00000000b0a4edb0}: 'int java.lang.invoke.DirectMethodHandle$Holder.invokeVirtual(java.lang.Object, java.lang.Object)'> (0x00000000b0a4edb0) 
thrown [src/hotspot/share/interpreter/linkResolver.cpp, line 772]
Event: 69.727 Thread 0x00007f2d31195770 Exception <a 'java/lang/NoSuchMethodError'{0x00000000b0406670}: 'java.lang.Object java.lang.invoke.DirectMethodHandle$Holder.newInvokeSpecial(java.lang.Object, long)'> (0x00000000b0406670) 
thrown [src/hotspot/share/interpreter/linkResolver.cpp, line 772]
Event: 1126.438 Thread 0x00007f2d3120def0 Exception <a 'java/lang/IncompatibleClassChangeError'{0x00000000b1514478}: Found class java.lang.Object, but interface was expected> (0x00000000b1514478) 
thrown [src/hotspot/share/interpreter/linkResolver.cpp, line 840]

ZGC Phase Switch (0 events):
No events

VM Operations (20 events):
Event: 1127.205 Executing safepoint VM operation: Cleanup
Event: 1127.205 Executing safepoint VM operation: Cleanup done
Event: 7270.709 Executing safepoint VM operation: Cleanup
Event: 7270.715 Executing safepoint VM operation: Cleanup done
Event: 9581.896 Executing safepoint VM operation: Cleanup
Event: 9581.896 Executing safepoint VM operation: Cleanup done
Event: 11600.053 Executing safepoint VM operation: Cleanup
Event: 11600.061 Executing safepoint VM operation: Cleanup done
Event: 15019.328 Executing safepoint VM operation: Cleanup
Event: 15019.330 Executing safepoint VM operation: Cleanup done
Event: 15070.336 Executing safepoint VM operation: Cleanup
Event: 15070.336 Executing safepoint VM operation: Cleanup done
Event: 15130.341 Executing safepoint VM operation: Cleanup
Event: 15130.341 Executing safepoint VM operation: Cleanup done
Event: 15250.362 Executing safepoint VM operation: Cleanup
Event: 15250.363 Executing safepoint VM operation: Cleanup done
Event: 15430.383 Executing safepoint VM operation: Cleanup
Event: 15430.383 Executing safepoint VM operation: Cleanup done
Event: 16870.528 Executing safepoint VM operation: Cleanup
Event: 16870.529 Executing safepoint VM operation: Cleanup done

Memory protections (20 events):
Event: 0.039 Protecting memory [0x00007f2d0d8fe000,0x00007f2d0d902000] with protection modes 0
Event: 0.065 Protecting memory [0x00007f2d0d7fd000,0x00007f2d0d801000] with protection modes 0
Event: 0.078 Protecting memory [0x00007f2d0d6fc000,0x00007f2d0d700000] with protection modes 0
Event: 0.084 Protecting memory [0x00007f2d0d5fb000,0x00007f2d0d5ff000] with protection modes 0
Event: 0.201 Protecting memory [0x00007f2d0d4fa000,0x00007f2d0d4fe000] with protection modes 0
Event: 0.476 Protecting memory [0x00007f2d0d4fa000,0x00007f2d0d4fe000] with protection modes 0
Event: 0.876 Protecting memory [0x00007f2d0cbfb000,0x00007f2d0cbff000] with protection modes 0
Event: 0.958 Protecting memory [0x00007f2d0c2f2000,0x00007f2d0c2f6000] with protection modes 0
Event: 9.726 Protecting memory [0x00007f2d0c2f2000,0x00007f2d0c2f6000] with protection modes 0
Event: 9.865 Protecting memory [0x00007f2d0d4fa000,0x00007f2d0d4fe000] with protection modes 0
Event: 10.756 Protecting memory [0x00007f2d0cbfb000,0x00007f2d0cbff000] with protection modes 0
Event: 15.355 Protecting memory [0x00007f2d0d7fd000,0x00007f2d0d801000] with protection modes 0
Event: 15.686 Protecting memory [0x00007f2d0c0f0000,0x00007f2d0c0f4000] with protection modes 0
Event: 197.499 Protecting memory [0x00007f2d0d7fd000,0x00007f2d0d801000] with protection modes 0
Event: 197.500 Protecting memory [0x00007f2d0c0f0000,0x00007f2d0c0f4000] with protection modes 0
Event: 197.525 Protecting memory [0x00007f2c8bf00000,0x00007f2c8bf04000] with protection modes 0
Event: 197.563 Protecting memory [0x00007f2c8bdff000,0x00007f2c8be03000] with protection modes 0
Event: 197.564 Protecting memory [0x00007f2c8bcfe000,0x00007f2c8bd02000] with protection modes 0
Event: 201.138 Protecting memory [0x00007f2d0d7fd000,0x00007f2d0d801000] with protection modes 0
Event: 9581.126 Protecting memory [0x00007f2d36b00000,0x00007f2d36b04000] with protection modes 0

Nmethod flushes (20 events):
Event: 201.273 Thread 0x00007f2d3010dc20 flushing  nmethod 0x00007f2d1f11e590
Event: 201.273 Thread 0x00007f2d3010dc20 flushing  nmethod 0x00007f2d1f372210
Event: 201.273 Thread 0x00007f2d3010dc20 flushing  nmethod 0x00007f2d1f379a90
Event: 201.273 Thread 0x00007f2d3010dc20 flushing  nmethod 0x00007f2d2659ea90
Event: 201.273 Thread 0x00007f2d3010dc20 flushing  nmethod 0x00007f2d1f065310
Event: 201.273 Thread 0x00007f2d3010dc20 flushing  nmethod 0x00007f2d1f06ad10
Event: 201.273 Thread 0x00007f2d3010dc20 flushing  nmethod 0x00007f2d1f39c190
Event: 201.273 Thread 0x00007f2d3010dc20 flushing  nmethod 0x00007f2d1e692e10
Event: 201.273 Thread 0x00007f2d3010dc20 flushing  nmethod 0x00007f2d1e702c10
Event: 201.273 Thread 0x00007f2d3010dc20 flushing  nmethod 0x00007f2d1e712710
Event: 201.273 Thread 0x00007f2d3010dc20 flushing  nmethod 0x00007f2d1e9aa990
Event: 201.273 Thread 0x00007f2d3010dc20 flushing  nmethod 0x00007f2d1f071590
Event: 201.273 Thread 0x00007f2d3010dc20 flushing  nmethod 0x00007f2d1f071910
Event: 201.273 Thread 0x00007f2d3010dc20 flushing  nmethod 0x00007f2d1f071d10
Event: 201.273 Thread 0x00007f2d3010dc20 flushing  nmethod 0x00007f2d1f072110
Event: 201.273 Thread 0x00007f2d3010dc20 flushing  nmethod 0x00007f2d1f075290
Event: 201.273 Thread 0x00007f2d3010dc20 flushing  nmethod 0x00007f2d1f0da690
Event: 201.273 Thread 0x00007f2d3010dc20 flushing  nmethod 0x00007f2d1f0eb710
Event: 201.273 Thread 0x00007f2d3010dc20 flushing  nmethod 0x00007f2d1f0ec210
Event: 201.273 Thread 0x00007f2d3010dc20 flushing  nmethod 0x00007f2d1f344e90

Events (20 events):
Event: 15.142 Thread 0x00007f2ce0045880 Thread exited: 0x00007f2ce0045880
Event: 15.354 Thread 0x00007f2d301ead80 Thread added: 0x00007f2ce00457d0
Event: 15.686 Thread 0x00007f2d301ead80 Thread added: 0x00007f2ce006b7b0
Event: 20.693 Thread 0x00007f2ce006b7b0 Thread exited: 0x00007f2ce006b7b0
Event: 20.696 Thread 0x00007f2ce00457d0 Thread exited: 0x00007f2ce00457d0
Event: 197.499 Thread 0x00007f2d301ead80 Thread added: 0x00007f2ce006dd80
Event: 197.500 Thread 0x00007f2d301ead80 Thread added: 0x00007f2ce006ef90
Event: 197.525 Thread 0x00007f2ce006ef90 Thread added: 0x00007f2c84005b40
Event: 197.563 Thread 0x00007f2c84005b40 Thread added: 0x00007f2c8004d110
Event: 197.564 Thread 0x00007f2d301ead80 Thread added: 0x00007f2ce01cf690
Event: 198.894 Thread 0x00007f2ce01cf690 Thread exited: 0x00007f2ce01cf690
Event: 199.756 Thread 0x00007f2c8004d110 Thread exited: 0x00007f2c8004d110
Event: 199.945 Thread 0x00007f2ce006dd80 Thread exited: 0x00007f2ce006dd80
Event: 201.138 Thread 0x00007f2d301e96c0 Thread added: 0x00007f2cdca475f0
Event: 206.293 Thread 0x00007f2c84005b40 Thread exited: 0x00007f2c84005b40
Event: 206.294 Thread 0x00007f2ce006ef90 Thread exited: 0x00007f2ce006ef90
Event: 206.300 Thread 0x00007f2cdca475f0 Thread exited: 0x00007f2cdca475f0
Event: 9580.957 Thread 0x00007f2d3120def0 Thread exited: 0x00007f2d3120def0
Event: 9581.125 Thread 0x00007f2d30032c60 Thread exited: 0x00007f2d30032c60
Event: 9581.126 Thread 0x00007f2d30032c60 Thread added: 0x00007f2d30032c60


Dynamic libraries:
80000000-b9500000 rw-p 00000000 00:00 0 
b9500000-ff100000 ---p 00000000 00:00 0 
ff100000-100040000 rw-p 00000000 00:00 0 
100040000-1000c0000 rw-p 00000000 00:00 0 
1000c0000-100100000 rw-p 00000000 00:00 0 
100100000-100140000 rw-p 00000000 00:00 0 
100140000-1001c0000 rw-p 00000000 00:00 0 
1001c0000-100240000 rw-p 00000000 00:00 0 
100240000-100280000 rw-p 00000000 00:00 0 
100280000-1003f0000 rw-p 00000000 00:00 0 
1003f0000-140000000 ---p 00000000 00:00 0 
55856b2da000-55856b2db000 r-xp 00000000 103:04 1076469689                /home/yusen/.vscode/extensions/ltex-plus.vscode-ltex-plus-15.7.1/lib/ltex-ls-plus-18.7.0/jdk-21.0.10+7/bin/java
55856b2dc000-55856b2dd000 r--p 00001000 103:04 1076469689                /home/yusen/.vscode/extensions/ltex-plus.vscode-ltex-plus-15.7.1/lib/ltex-ls-plus-18.7.0/jdk-21.0.10+7/bin/java
55856b2dd000-55856b2de000 rw-p 00002000 103:04 1076469689                /home/yusen/.vscode/extensions/ltex-plus.vscode-ltex-plus-15.7.1/lib/ltex-ls-plus-18.7.0/jdk-21.0.10+7/bin/java
55856f883000-55856f8ca000 rw-p 00000000 00:00 0                          [heap]
7f2c78000000-7f2c79410000 rw-p 00000000 00:00 0 
7f2c79410000-7f2c7c000000 ---p 00000000 00:00 0 
7f2c7c000000-7f2c7cf74000 rw-p 00000000 00:00 0 
7f2c7cf74000-7f2c80000000 ---p 00000000 00:00 0 
7f2c80000000-7f2c80310000 rw-p 00000000 00:00 0 
7f2c80310000-7f2c84000000 ---p 00000000 00:00 0 
7f2c84000000-7f2c84170000 rw-p 00000000 00:00 0 
7f2c84170000-7f2c88000000 ---p 00000000 00:00 0 
7f2c8ba16000-7f2c8bcfd000 rw-p 00000000 00:00 0 
7f2c8bcfd000-7f2c8bcfe000 rw-p 00000000 00:00 0 
7f2c8bcfe000-7f2c8bd02000 ---p 00000000 00:00 0 
7f2c8bd02000-7f2c8bdff000 rw-p 00000000 00:00 0 
7f2c8bdff000-7f2c8be03000 ---p 00000000 00:00 0 
7f2c8be03000-7f2c8bf00000 rw-p 00000000 00:00 0 
7f2c8bf00000-7f2c8bf04000 ---p 00000000 00:00 0 
7f2c8bf04000-7f2c8c000000 rw-p 00000000 00:00 0 
7f2c8c000000-7f2c8c1fa000 rw-p 00000000 00:00 0 
7f2c8c1fa000-7f2c90000000 ---p 00000000 00:00 0 
7f2c90000000-7f2c90021000 rw-p 00000000 00:00 0 
7f2c90021000-7f2c94000000 ---p 00000000 00:00 0 
7f2c94000000-7f2c94089000 rw-p 00000000 00:00 0 
7f2c94089000-7f2c98000000 ---p 00000000 00:00 0 
7f2c98000000-7f2c9808a000 rw-p 00000000 00:00 0 
7f2c9808a000-7f2c9c000000 ---p 00000000 00:00 0 
7f2c9c000000-7f2c9c021000 rw-p 00000000 00:00 0 
7f2c9c021000-7f2ca0000000 ---p 00000000 00:00 0 
7f2ca0000000-7f2ca0021000 rw-p 00000000 00:00 0 
7f2ca0021000-7f2ca4000000 ---p 00000000 00:00 0 
7f2ca4000000-7f2ca4021000 rw-p 00000000 00:00 0 
7f2ca4021000-7f2ca8000000 ---p 00000000 00:00 0 
7f2ca8000000-7f2ca8021000 rw-p 00000000 00:00 0 
7f2ca8021000-7f2cac000000 ---p 00000000 00:00 0 
7f2cac000000-7f2cac021000 rw-p 00000000 00:00 0 
7f2cac021000-7f2cb0000000 ---p 00000000 00:00 0 
7f2cb0000000-7f2cb0021000 rw-p 00000000 00:00 0 
7f2cb0021000-7f2cb4000000 ---p 00000000 00:00 0 
7f2cb4000000-7f2cb4021000 rw-p 00000000 00:00 0 
7f2cb4021000-7f2cb8000000 ---p 00000000 00:00 0 
7f2cb8000000-7f2cb844d000 rw-p 00000000 00:00 0 
7f2cb844d000-7f2cbc000000 ---p 00000000 00:00 0 
7f2cbc000000-7f2cbc021000 rw-p 00000000 00:00 0 
7f2cbc021000-7f2cc0000000 ---p 00000000 00:00 0 
7f2cc0000000-7f2cc0021000 rw-p 00000000 00:00 0 
7f2cc0021000-7f2cc4000000 ---p 00000000 00:00 0 
7f2cc4000000-7f2cc4021000 rw-p 00000000 00:00 0 
7f2cc4021000-7f2cc8000000 ---p 00000000 00:00 0 
7f2cc8000000-7f2cc8021000 rw-p 00000000 00:00 0 
7f2cc8021000-7f2ccc000000 ---p 00000000 00:00 0 
7f2ccc000000-7f2ccc021000 rw-p 00000000 00:00 0 
7f2ccc021000-7f2cd0000000 ---p 00000000 00:00 0 
7f2cd0000000-7f2cd12b2000 rw-p 00000000 00:00 0 
7f2cd12b2000-7f2cd4000000 ---p 00000000 00:00 0 
7f2cd4000000-7f2cd572a000 rw-p 00000000 00:00 0 
7f2cd572a000-7f2cd8000000 ---p 00000000 00:00 0 
7f2cd8000000-7f2cd8021000 rw-p 00000000 00:00 0 
7f2cd8021000-7f2cdc000000 ---p 00000000 00:00 0 
7f2cdc000000-7f2cde30c000 rw-p 00000000 00:00 0 
7f2cde30c000-7f2ce0000000 ---p 00000000 00:00 0 
7f2ce0000000-7f2ce075b000 rw-p 00000000 00:00 0 
7f2ce075b000-7f2ce4000000 ---p 00000000 00:00 0 
7f2ce4000000-7f2ce4021000 rw-p 00000000 00:00 0 
7f2ce4021000-7f2ce8000000 ---p 00000000 00:00 0 
7f2ce8000000-7f2ce8021000 rw-p 00000000 00:00 0 
7f2ce8021000-7f2cec000000 ---p 00000000 00:00 0 
7f2cec000000-7f2cec021000 rw-p 00000000 00:00 0 
7f2cec021000-7f2cf0000000 ---p 00000000 00:00 0 
7f2cf0000000-7f2cf0021000 rw-p 00000000 00:00 0 
7f2cf0021000-7f2cf4000000 ---p 00000000 00:00 0 
7f2cf4000000-7f2cf4334000 rw-p 00000000 00:00 0 
7f2cf4334000-7f2cf8000000 ---p 00000000 00:00 0 
7f2cf8000000-7f2cf8021000 rw-p 00000000 00:00 0 
7f2cf8021000-7f2cfc000000 ---p 00000000 00:00 0 
7f2cfc000000-7f2cfc500000 rw-p 00000000 00:00 0 
7f2cfc500000-7f2cfc540000 rw-p 00000000 00:00 0 
7f2cfc540000-7f2cfc580000 rw-p 00000000 00:00 0 
7f2cfc580000-7f2cfc700000 rw-p 00000000 00:00 0 
7f2cfc700000-7f2cfc7a0000 rw-p 00000000 00:00 0 
7f2cfc7a0000-7f2cfc7c0000 rw-p 00000000 00:00 0 
7f2cfc7c0000-7f2cfc900000 rw-p 00000000 00:00 0 
7f2cfc900000-7f2cfc9a0000 rw-p 00000000 00:00 0 
7f2cfc9a0000-7f2cfc9c0000 rw-p 00000000 00:00 0 
7f2cfc9c0000-7f2cfcb00000 rw-p 00000000 00:00 0 
7f2cfcb00000-7f2cfcb80000 rw-p 00000000 00:00 0 
7f2cfcb80000-7f2cfcc00000 rw-p 00000000 00:00 0 
7f2cfcc00000-7f2cfcd00000 rw-p 00000000 00:00 0 
7f2cfcd00000-7f2cfcf20000 rw-p 00000000 00:00 0 
7f2cfcf20000-7f2cfcf40000 rw-p 00000000 00:00 0 
7f2cfcf40000-7f2cfcf80000 rw-p 00000000 00:00 0 
7f2cfcf80000-7f2cfd100000 rw-p 00000000 00:00 0 
7f2cfd100000-7f2cfd200000 rw-p 00000000 00:00 0 
7f2cfd200000-7f2cfd3e0000 rw-p 00000000 00:00 0 
7f2cfd3e0000-7f2cfd500000 rw-p 00000000 00:00 0 
7f2cfd500000-7f2cfd600000 rw-p 00000000 00:00 0 
7f2cfd600000-7f2cfd700000 rw-p 00000000 00:00 0 
7f2cfd700000-7f2cfd800000 rw-p 00000000 00:00 0 
7f2cfd800000-7f2cfdb00000 rw-p 00000000 00:00 0 
7f2cfdb00000-7f2cfdc00000 rw-p 00000000 00:00 0 
7f2cfdc00000-7f2cfe0e0000 rw-p 00000000 00:00 0 
7f2cfe0e0000-7f2cfe100000 ---p 00000000 00:00 0 
7f2cfe100000-7f2cfe110000 rw-p 00000000 00:00 0 
7f2cfe110000-7f2d00000000 ---p 00000000 00:00 0 
7f2d00000000-7f2d00021000 rw-p 00000000 00:00 0 
7f2d00021000-7f2d04000000 ---p 00000000 00:00 0 
7f2d04000000-7f2d0418f000 rw-p 00000000 00:00 0 
7f2d0418f000-7f2d08000000 ---p 00000000 00:00 0 
7f2d08000000-7f2d08021000 rw-p 00000000 00:00 0 
7f2d08021000-7f2d0c000000 ---p 00000000 00:00 0 
7f2d0c0ef000-7f2d0c0f0000 rw-p 00000000 00:00 0 
7f2d0c0f0000-7f2d0c0f4000 ---p 00000000 00:00 0 
7f2d0c0f4000-7f2d0c2f2000 rw-p 00000000 00:00 0 
7f2d0c2f2000-7f2d0c2f6000 ---p 00000000 00:00 0 
7f2d0c2f6000-7f2d0cbfb000 rw-p 00000000 00:00 0 
7f2d0cbfb000-7f2d0cbff000 ---p 00000000 00:00 0 
7f2d0cbff000-7f2d0d200000 rw-p 00000000 00:00 0 
7f2d0d200000-7f2d0d203000 r-xp 00000000 00:33 16437180                   /tmp/jansi-2.4.3-419b9f8e82433e51-libjansi.so
7f2d0d203000-7f2d0d402000 ---p 00003000 00:33 16437180                   /tmp/jansi-2.4.3-419b9f8e82433e51-libjansi.so
7f2d0d402000-7f2d0d403000 r--p 00002000 00:33 16437180                   /tmp/jansi-2.4.3-419b9f8e82433e51-libjansi.so
7f2d0d403000-7f2d0d404000 rw-p 00003000 00:33 16437180                   /tmp/jansi-2.4.3-419b9f8e82433e51-libjansi.so
7f2d0d4f9000-7f2d0d4fa000 rw-p 00000000 00:00 0 
7f2d0d4fa000-7f2d0d4fe000 ---p 00000000 00:00 0 
7f2d0d4fe000-7f2d0d5fb000 rw-p 00000000 00:00 0 
7f2d0d5fb000-7f2d0d5ff000 ---p 00000000 00:00 0 
7f2d0d5ff000-7f2d0d6fc000 rw-p 00000000 00:00 0 
7f2d0d6fc000-7f2d0d700000 ---p 00000000 00:00 0 
7f2d0d700000-7f2d0d7fd000 rw-p 00000000 00:00 0 
7f2d0d7fd000-7f2d0d801000 ---p 00000000 00:00 0 
7f2d0d801000-7f2d0d8fe000 rw-p 00000000 00:00 0 
7f2d0d8fe000-7f2d0d902000 ---p 00000000 00:00 0 
7f2d0d902000-7f2d0d9ff000 rw-p 00000000 00:00 0 
7f2d0d9ff000-7f2d0da03000 ---p 00000000 00:00 0 
7f2d0da03000-7f2d0db00000 rw-p 00000000 00:00 0 
7f2d0db00000-7f2d0db04000 ---p 00000000 00:00 0 
7f2d0db04000-7f2d0dc00000 rw-p 00000000 00:00 0 
7f2d0dc00000-7f2d0dead000 r--p 00000000 00:25 2501648                    /usr/lib/locale/zh_CN.utf8/LC_COLLATE
7f2d0deff000-7f2d0df00000 rw-p 00000000 00:00 0 
7f2d0df00000-7f2d0df04000 ---p 00000000 00:00 0 
7f2d0df04000-7f2d0e000000 rw-p 00000000 00:00 0 
7f2d0e000000-7f2d10021000 rw-p 00000000 00:00 0 
7f2d10021000-7f2d14000000 ---p 00000000 00:00 0 
7f2d14000000-7f2d1408d000 rw-p 00000000 00:00 0 
7f2d1408d000-7f2d18000000 ---p 00000000 00:00 0 
7f2d18000000-7f2d18021000 rw-p 00000000 00:00 0 
7f2d18021000-7f2d1c000000 ---p 00000000 00:00 0 
7f2d1c02b000-7f2d1c0f9000 r-xp 00000000 103:04 271519629                 /home/yusen/.vscode/extensions/ltex-plus.vscode-ltex-plus-15.7.1/lib/ltex-ls-plus-18.7.0/jdk-21.0.10+7/lib/libjsvml.so
7f2d1c0f9000-7f2d1c0fa000 r--p 000cd000 103:04 271519629                 /home/yusen/.vscode/extensions/ltex-plus.vscode-ltex-plus-15.7.1/lib/ltex-ls-plus-18.7.0/jdk-21.0.10+7/lib/libjsvml.so
7f2d1c0fa000-7f2d1c0fb000 rw-p 000ce000 103:04 271519629                 /home/yusen/.vscode/extensions/ltex-plus.vscode-ltex-plus-15.7.1/lib/ltex-ls-plus-18.7.0/jdk-21.0.10+7/lib/libjsvml.so
7f2d1c0fb000-7f2d1c0fc000 rw-p 00000000 00:00 0 
7f2d1c0fc000-7f2d1c100000 ---p 00000000 00:00 0 
7f2d1c100000-7f2d1c1fd000 rw-p 00000000 00:00 0 
7f2d1c1fd000-7f2d1c201000 ---p 00000000 00:00 0 
7f2d1c201000-7f2d1c2fe000 rw-p 00000000 00:00 0 
7f2d1c2fe000-7f2d1c302000 ---p 00000000 00:00 0 
7f2d1c302000-7f2d1c600000 rw-p 00000000 00:00 0 
7f2d1c600000-7f2d1d454000 rw-p 00000000 00:00 0 
7f2d1d454000-7f2d1e5c4000 ---p 00000000 00:00 0 
7f2d1e5c4000-7f2d1e600000 rw-p 00000000 00:00 0 
7f2d1e600000-7f2d1f480000 rwxp 00000000 00:00 0 
7f2d1f480000-7f2d25a5f000 ---p 00000000 00:00 0 
7f2d25a5f000-7f2d25dbf000 rwxp 00000000 00:00 0 
7f2d25dbf000-7f2d261a0000 ---p 00000000 00:00 0 
7f2d261a0000-7f2d26920000 rwxp 00000000 00:00 0 
7f2d26920000-7f2d2d600000 ---p 00000000 00:00 0 
7f2d2d600000-7f2d2ffc3000 r--s 00000000 103:04 271523230                 /home/yusen/.vscode/extensions/ltex-plus.vscode-ltex-plus-15.7.1/lib/ltex-ls-plus-18.7.0/jdk-21.0.10+7/lib/modules
7f2d30000000-7f2d3121b000 rw-p 00000000 00:00 0 
7f2d3121b000-7f2d34000000 ---p 00000000 00:00 0 
7f2d3402f000-7f2d3403c000 r-xp 00000000 103:04 271523214                 /home/yusen/.vscode/extensions/ltex-plus.vscode-ltex-plus-15.7.1/lib/ltex-ls-plus-18.7.0/jdk-21.0.10+7/lib/libverify.so
7f2d3403c000-7f2d3403e000 r--p 0000c000 103:04 271523214                 /home/yusen/.vscode/extensions/ltex-plus.vscode-ltex-plus-15.7.1/lib/ltex-ls-plus-18.7.0/jdk-21.0.10+7/lib/libverify.so
7f2d3403e000-7f2d3403f000 rw-p 0000e000 103:04 271523214                 /home/yusen/.vscode/extensions/ltex-plus.vscode-ltex-plus-15.7.1/lib/ltex-ls-plus-18.7.0/jdk-21.0.10+7/lib/libverify.so
7f2d3403f000-7f2d3404b000 r-xp 00000000 103:04 271519668                 /home/yusen/.vscode/extensions/ltex-plus.vscode-ltex-plus-15.7.1/lib/ltex-ls-plus-18.7.0/jdk-21.0.10+7/lib/libnet.so
7f2d3404b000-7f2d3404c000 r--p 0000b000 103:04 271519668                 /home/yusen/.vscode/extensions/ltex-plus.vscode-ltex-plus-15.7.1/lib/ltex-ls-plus-18.7.0/jdk-21.0.10+7/lib/libnet.so
7f2d3404c000-7f2d3404d000 rw-p 0000c000 103:04 271519668                 /home/yusen/.vscode/extensions/ltex-plus.vscode-ltex-plus-15.7.1/lib/ltex-ls-plus-18.7.0/jdk-21.0.10+7/lib/libnet.so
7f2d3404d000-7f2d340a8000 r--p 00000000 00:25 13144675                   /usr/lib/locale/zh_CN.utf8/LC_CTYPE
7f2d340a8000-7f2d34129000 rw-p 00000000 00:00 0 
7f2d34129000-7f2d3432b000 rw-p 00000000 00:00 0 
7f2d3432b000-7f2d35038000 rw-p 00000000 00:00 0 
7f2d35038000-7f2d3533b000 rw-p 00000000 00:00 0 
7f2d3533b000-7f2d355cb000 rw-p 00000000 00:00 0 
7f2d355cb000-7f2d357f8000 ---p 00000000 00:00 0 
7f2d357f8000-7f2d359cb000 rw-p 00000000 00:00 0 
7f2d359cb000-7f2d35bf8000 ---p 00000000 00:00 0 
7f2d35bf8000-7f2d35c00000 rw-p 00000000 00:00 0 
7f2d35c02000-7f2d35c03000 r--p 00000000 00:25 13143437                   /usr/lib64/libutil.so.1
7f2d35c03000-7f2d35c04000 r-xp 00001000 00:25 13143437                   /usr/lib64/libutil.so.1
7f2d35c04000-7f2d35c05000 r--p 00002000 00:25 13143437                   /usr/lib64/libutil.so.1
7f2d35c05000-7f2d35c06000 r--p 00002000 00:25 13143437                   /usr/lib64/libutil.so.1
7f2d35c06000-7f2d35c07000 rw-p 00003000 00:25 13143437                   /usr/lib64/libutil.so.1
7f2d35c07000-7f2d35c1b000 r-xp 00000000 103:04 271519673                 /home/yusen/.vscode/extensions/ltex-plus.vscode-ltex-plus-15.7.1/lib/ltex-ls-plus-18.7.0/jdk-21.0.10+7/lib/libnio.so
7f2d35c1b000-7f2d35c1c000 r--p 00013000 103:04 271519673                 /home/yusen/.vscode/extensions/ltex-plus.vscode-ltex-plus-15.7.1/lib/ltex-ls-plus-18.7.0/jdk-21.0.10+7/lib/libnio.so
7f2d35c1c000-7f2d35c1d000 rw-p 00014000 103:04 271519673                 /home/yusen/.vscode/extensions/ltex-plus.vscode-ltex-plus-15.7.1/lib/ltex-ls-plus-18.7.0/jdk-21.0.10+7/lib/libnio.so
7f2d35c1d000-7f2d35c1e000 r--p 00000000 00:25 13144291                   /usr/lib/locale/zh_CN.utf8/LC_NUMERIC
7f2d35c1e000-7f2d35c1f000 r--p 00000000 00:25 2501650                    /usr/lib/locale/zh_CN.utf8/LC_TIME
7f2d35c1f000-7f2d35c20000 r--p 00000000 00:25 13144368                   /usr/lib/locale/zh_CN.utf8/LC_MONETARY
7f2d35c20000-7f2d35c21000 r--p 00000000 00:25 13144407                   /usr/lib/locale/zh_CN.utf8/LC_MESSAGES/SYS_LC_MESSAGES
7f2d35c21000-7f2d3693d000 rw-p 00000000 00:00 0 
7f2d3693d000-7f2d36a17000 ---p 00000000 00:00 0 
7f2d36a17000-7f2d36a34000 rw-p 00000000 00:00 0 
7f2d36a34000-7f2d36b00000 ---p 00000000 00:00 0 
7f2d36b00000-7f2d36b04000 ---p 00000000 00:00 0 
7f2d36b04000-7f2d36c00000 rw-p 00000000 00:00 0 
7f2d36c00000-7f2d3801d000 r-xp 00000000 103:04 1073877836                /home/yusen/.vscode/extensions/ltex-plus.vscode-ltex-plus-15.7.1/lib/ltex-ls-plus-18.7.0/jdk-21.0.10+7/lib/server/libjvm.so
7f2d3801d000-7f2d380f2000 r--p 0141c000 103:04 1073877836                /home/yusen/.vscode/extensions/ltex-plus.vscode-ltex-plus-15.7.1/lib/ltex-ls-plus-18.7.0/jdk-21.0.10+7/lib/server/libjvm.so
7f2d380f2000-7f2d38122000 rw-p 014f1000 103:04 1073877836                /home/yusen/.vscode/extensions/ltex-plus.vscode-ltex-plus-15.7.1/lib/ltex-ls-plus-18.7.0/jdk-21.0.10+7/lib/server/libjvm.so
7f2d38122000-7f2d38188000 rw-p 00000000 00:00 0 
7f2d38188000-7f2d381a3000 r-xp 00000000 103:04 271523227                 /home/yusen/.vscode/extensions/ltex-plus.vscode-ltex-plus-15.7.1/lib/ltex-ls-plus-18.7.0/jdk-21.0.10+7/lib/libzip.so
7f2d381a3000-7f2d381a4000 r--p 0001a000 103:04 271523227                 /home/yusen/.vscode/extensions/ltex-plus.vscode-ltex-plus-15.7.1/lib/ltex-ls-plus-18.7.0/jdk-21.0.10+7/lib/libzip.so
7f2d381a4000-7f2d381a5000 rw-p 0001b000 103:04 271523227                 /home/yusen/.vscode/extensions/ltex-plus.vscode-ltex-plus-15.7.1/lib/ltex-ls-plus-18.7.0/jdk-21.0.10+7/lib/libzip.so
7f2d381a5000-7f2d38200000 rw-p 00000000 00:00 0 
7f2d38200000-7f2d38228000 r--p 00000000 00:25 13143423                   /usr/lib64/libc.so.6
7f2d38228000-7f2d3839e000 r-xp 00028000 00:25 13143423                   /usr/lib64/libc.so.6
7f2d3839e000-7f2d383f1000 r--p 0019e000 00:25 13143423                   /usr/lib64/libc.so.6
7f2d383f1000-7f2d383f5000 r--p 001f0000 00:25 13143423                   /usr/lib64/libc.so.6
7f2d383f5000-7f2d383fd000 rw-p 001f4000 00:25 13143423                   /usr/lib64/libc.so.6
7f2d383fd000-7f2d38406000 rw-p 00000000 00:00 0 
7f2d38406000-7f2d38407000 r--p 00000000 00:25 13144278                   /usr/lib/locale/zh_CN.utf8/LC_PAPER
7f2d38407000-7f2d38408000 r--p 00000000 00:25 13144672                   /usr/lib/locale/zh_CN.utf8/LC_NAME
7f2d38408000-7f2d38409000 r--p 00000000 00:25 2501647                    /usr/lib/locale/zh_CN.utf8/LC_ADDRESS
7f2d38409000-7f2d38472000 rw-p 00000000 00:00 0 
7f2d38472000-7f2d3847a000 ---p 00000000 00:00 0 
7f2d3847a000-7f2d3847c000 r--p 00000000 00:25 13143428                   /usr/lib64/libnss_compat.so.2
7f2d3847c000-7f2d38482000 r-xp 00002000 00:25 13143428                   /usr/lib64/libnss_compat.so.2
7f2d38482000-7f2d38483000 r--p 00008000 00:25 13143428                   /usr/lib64/libnss_compat.so.2
7f2d38483000-7f2d38484000 r--p 00009000 00:25 13143428                   /usr/lib64/libnss_compat.so.2
7f2d38484000-7f2d38485000 rw-p 0000a000 00:25 13143428                   /usr/lib64/libnss_compat.so.2
7f2d38485000-7f2d38486000 r--p 00000000 00:25 13144370                   /usr/lib/locale/zh_CN.utf8/LC_TELEPHONE
7f2d38486000-7f2d3848d000 r--s 00000000 00:25 13143691                   /usr/lib64/gconv/gconv-modules.cache
7f2d3848d000-7f2d384ae000 r-xp 00000000 103:04 271515597                 /home/yusen/.vscode/extensions/ltex-plus.vscode-ltex-plus-15.7.1/lib/ltex-ls-plus-18.7.0/jdk-21.0.10+7/lib/libjava.so
7f2d384ae000-7f2d384af000 r--p 00020000 103:04 271515597                 /home/yusen/.vscode/extensions/ltex-plus.vscode-ltex-plus-15.7.1/lib/ltex-ls-plus-18.7.0/jdk-21.0.10+7/lib/libjava.so
7f2d384af000-7f2d384b0000 rw-p 00021000 103:04 271515597                 /home/yusen/.vscode/extensions/ltex-plus.vscode-ltex-plus-15.7.1/lib/ltex-ls-plus-18.7.0/jdk-21.0.10+7/lib/libjava.so
7f2d384b0000-7f2d384b1000 rw-p 00000000 00:00 0 
7f2d384b1000-7f2d384c3000 r--p 00000000 00:25 13143426                   /usr/lib64/libm.so.6
7f2d384c3000-7f2d38557000 r-xp 00012000 00:25 13143426                   /usr/lib64/libm.so.6
7f2d38557000-7f2d385ca000 r--p 000a6000 00:25 13143426                   /usr/lib64/libm.so.6
7f2d385ca000-7f2d385cb000 r--p 00118000 00:25 13143426                   /usr/lib64/libm.so.6
7f2d385cb000-7f2d385cd000 rw-p 00119000 00:25 13143426                   /usr/lib64/libm.so.6
7f2d385cd000-7f2d385ce000 r--p 00000000 00:25 13143435                   /usr/lib64/librt.so.1
7f2d385ce000-7f2d385cf000 r-xp 00001000 00:25 13143435                   /usr/lib64/librt.so.1
7f2d385cf000-7f2d385d0000 r--p 00002000 00:25 13143435                   /usr/lib64/librt.so.1
7f2d385d0000-7f2d385d1000 r--p 00002000 00:25 13143435                   /usr/lib64/librt.so.1
7f2d385d1000-7f2d385d2000 rw-p 00003000 00:25 13143435                   /usr/lib64/librt.so.1
7f2d385d2000-7f2d385d5000 rw-p 00000000 00:00 0 
7f2d385d5000-7f2d385d6000 r--p 00000000 00:25 13143425                   /usr/lib64/libdl.so.2
7f2d385d6000-7f2d385d7000 r-xp 00001000 00:25 13143425                   /usr/lib64/libdl.so.2
7f2d385d7000-7f2d385d8000 r--p 00002000 00:25 13143425                   /usr/lib64/libdl.so.2
7f2d385d8000-7f2d385d9000 r--p 00002000 00:25 13143425                   /usr/lib64/libdl.so.2
7f2d385d9000-7f2d385da000 rw-p 00003000 00:25 13143425                   /usr/lib64/libdl.so.2
7f2d385da000-7f2d385dc000 rw-p 00000000 00:00 0 
7f2d385dc000-7f2d385dd000 r--p 00000000 00:25 13143433                   /usr/lib64/libpthread.so.0
7f2d385dd000-7f2d385de000 r-xp 00001000 00:25 13143433                   /usr/lib64/libpthread.so.0
7f2d385de000-7f2d385df000 r--p 00002000 00:25 13143433                   /usr/lib64/libpthread.so.0
7f2d385df000-7f2d385e0000 r--p 00002000 00:25 13143433                   /usr/lib64/libpthread.so.0
7f2d385e0000-7f2d385e1000 rw-p 00003000 00:25 13143433                   /usr/lib64/libpthread.so.0
7f2d385e1000-7f2d385e2000 r--p 00000000 00:25 13144273                   /usr/lib/locale/zh_CN.utf8/LC_MEASUREMENT
7f2d385e2000-7f2d385e3000 r--p 00000000 00:25 2501649                    /usr/lib/locale/zh_CN.utf8/LC_IDENTIFICATION
7f2d385e3000-7f2d385eb000 rw-s 00000000 00:33 16437178                   /tmp/hsperfdata_yusen/261222
7f2d385eb000-7f2d385ec000 ---p 00000000 00:00 0 
7f2d385ec000-7f2d385ed000 r--p 00000000 00:00 0 
7f2d385ed000-7f2d385ee000 ---p 00000000 00:00 0 
7f2d385ee000-7f2d38609000 r-xp 00000000 103:04 271518541                 /home/yusen/.vscode/extensions/ltex-plus.vscode-ltex-plus-15.7.1/lib/ltex-ls-plus-18.7.0/jdk-21.0.10+7/lib/libjimage.so
7f2d38609000-7f2d3860a000 ---p 0001b000 103:04 271518541                 /home/yusen/.vscode/extensions/ltex-plus.vscode-ltex-plus-15.7.1/lib/ltex-ls-plus-18.7.0/jdk-21.0.10+7/lib/libjimage.so
7f2d3860a000-7f2d3860c000 r--p 0001b000 103:04 271518541                 /home/yusen/.vscode/extensions/ltex-plus.vscode-ltex-plus-15.7.1/lib/ltex-ls-plus-18.7.0/jdk-21.0.10+7/lib/libjimage.so
7f2d3860c000-7f2d3860d000 rw-p 0001d000 103:04 271518541                 /home/yusen/.vscode/extensions/ltex-plus.vscode-ltex-plus-15.7.1/lib/ltex-ls-plus-18.7.0/jdk-21.0.10+7/lib/libjimage.so
7f2d3860d000-7f2d38626000 r-xp 00000000 103:04 271518590                 /home/yusen/.vscode/extensions/ltex-plus.vscode-ltex-plus-15.7.1/lib/ltex-ls-plus-18.7.0/jdk-21.0.10+7/lib/libjli.so
7f2d38626000-7f2d38627000 r--p 00018000 103:04 271518590                 /home/yusen/.vscode/extensions/ltex-plus.vscode-ltex-plus-15.7.1/lib/ltex-ls-plus-18.7.0/jdk-21.0.10+7/lib/libjli.so
7f2d38627000-7f2d38628000 rw-p 00019000 103:04 271518590                 /home/yusen/.vscode/extensions/ltex-plus.vscode-ltex-plus-15.7.1/lib/ltex-ls-plus-18.7.0/jdk-21.0.10+7/lib/libjli.so
7f2d38628000-7f2d3862a000 rw-p 00000000 00:00 0 
7f2d3862a000-7f2d3862e000 r--p 00000000 00:00 0                          [vvar]
7f2d3862e000-7f2d38630000 r--p 00000000 00:00 0                          [vvar_vclock]
7f2d38630000-7f2d38632000 r-xp 00000000 00:00 0                          [vdso]
7f2d38632000-7f2d38633000 r--p 00000000 00:25 13143420                   /usr/lib64/ld-linux-x86-64.so.2
7f2d38633000-7f2d3865e000 r-xp 00001000 00:25 13143420                   /usr/lib64/ld-linux-x86-64.so.2
7f2d3865e000-7f2d38669000 r--p 0002c000 00:25 13143420                   /usr/lib64/ld-linux-x86-64.so.2
7f2d38669000-7f2d3866b000 r--p 00037000 00:25 13143420                   /usr/lib64/ld-linux-x86-64.so.2
7f2d3866b000-7f2d3866d000 rw-p 00039000 00:25 13143420                   /usr/lib64/ld-linux-x86-64.so.2
7ffe9d132000-7ffe9d154000 rw-p 00000000 00:00 0                          [stack]
ffffffffff600000-ffffffffff601000 --xp 00000000 00:00 0                  [vsyscall]
Total number of mappings: 290

JVMTI agents: none


VM Arguments:
jvm_args: -Xms64m -Xmx2048m -Dapp.name=ltex-ls-plus -Dapp.pid=261222 -Dapp.repo=/home/yusen/.vscode/extensions/ltex-plus.vscode-ltex-plus-15.7.1/lib/ltex-ls-plus-18.7.0/lib -Dapp.home=/home/yusen/.vscode/extensions/ltex-plus.vscode-ltex-plus-15.7.1/lib/ltex-ls-plus-18.7.0 -Dbasedir=/home/yusen/.vscode/extensions/ltex-plus.vscode-ltex-plus-15.7.1/lib/ltex-ls-plus-18.7.0 
java_command: org.bsplines.ltexls.LtexLanguageServerLauncher
java_class_path (initial): /home/yusen/.vscode/extensions/ltex-plus.vscode-ltex-plus-15.7.1/lib/ltex-ls-plus-18.7.0/etc:/home/yusen/.vscode/extensions/ltex-plus.vscode-ltex-plus-15.7.1/lib/ltex-ls-plus-18.7.0/lib/HdrHistogram-2.1.12.jar:/home/yusen/.vscode/extensions/ltex-plus.vscode-ltex-plus-15.7.1/lib/ltex-ls-plus-18.7.0/lib/LatencyUtils-2.0.3.jar:/home/yusen/.vscode/extensions/ltex-plus.vscode-ltex-plus-15.7.1/lib/ltex-ls-plus-18.7.0/lib/aho-corasick-double-array-trie-1.2.2.jar:/home/yusen/.vscode/extensions/ltex-plus.vscode-ltex-plus-15.7.1/lib/ltex-ls-plus-18.7.0/lib/angus-activation-2.0.2.jar:/home/yusen/.vscode/extensions/ltex-plus.vscode-ltex-plus-15.7.1/lib/ltex-ls-plus-18.7.0/lib/animal-sniffer-annotations-1.24.jar:/home/yusen/.vscode/extensions/ltex-plus.vscode-ltex-plus-15.7.1/lib/ltex-ls-plus-18.7.0/lib/annotations-12.0.jar:/home/yusen/.vscode/extensions/ltex-plus.vscode-ltex-plus-15.7.1/lib/ltex-ls-plus-18.7.0/lib/annotations-13.0.jar:/home/yusen/.vscode/extensions/ltex-plus.vscode-ltex-plus-15.7.1/lib/ltex-ls-plus-18.7.0/lib/annotations-4.1.1.4.jar:/home/yusen/.vscode/extensions/ltex-plus.vscode-ltex-plus-15.7.1/lib/ltex-ls-plus-18.7.0/lib/asturian-pos-dict-0.1.jar:/home/yusen/.vscode/extensions/ltex-plus.vscode-ltex-plus-15.7.1/lib/ltex-ls-plus-18.7.0/lib/catalan-pos-dict-3.3.jar:/home/yusen/.vscode/extensions/ltex-plus.vscode-ltex-plus-15.7.1/lib/ltex-ls-plus-18.7.0/lib/commons-digester-2.1.jar:/home/yusen/.vscode/extensions/ltex-plus.vscode-ltex-plus-15.7.1/lib/ltex-ls-plus-18.7.0/lib/commons-lang3-3.18.0.jar:/home/yusen/.vscode/extensions/ltex-plus.vscode-ltex-plus-15.7.1/lib/ltex-ls-plus-18.7.0/lib/commons-logging-1.3.4.jar:/home/yusen/.vscode/extensions/ltex-plus.vscode-ltex-plus-15.7.1/lib/ltex-ls-plus-18.7.0/lib/commons-pool2-2.12.0.jar:/home/yusen/.vscode/extensions/ltex-plus.vscode-ltex-plus-15.7.1/lib/ltex-ls-plus-18.7.0/lib/commons-text-1.12.0.jar:/home/yusen/.vscode/extensions/ltex-plus.vscode-ltex-plus-15.7.1/lib/ltex-ls-plus-18.7.0/lib/commons-validator-1.9.0.jar:/home/yusen/.vscode/extensions/ltex-plus.vscode-ltex-plus-15.7.1/lib/ltex-ls-plus-18.7.0/lib/dutch-pos-dict-0.1.jar:/home/yusen/.vscode/extensions/ltex-plus.vscode-ltex-plus-15.7.1/lib/ltex-ls-plus-18.7.0/lib/english-pos-dict-0.6.jar:/home/yusen/.vscode/extensions/ltex-plus.vscode-ltex-plus-15.7.1/lib/ltex-ls-plus-18.7.0/lib/error_prone_annotations-2.48.0.jar:/home/yusen/.vscode/extensions/ltex-plus.vscode-ltex-plus-15.7.1/lib/ltex-ls-plus-18.7.0/lib/failureaccess-1.0.3.jar:/home/yusen/.vscode/extensions/ltex-plus.vscode-ltex-plus-15.7.1/lib/ltex-ls-plus-18.7.0/lib/fastutil-core-8.5.14.jar:/home/yusen/.vscode/extensions/ltex-plus.vscode-ltex-plus-15.7.1/lib/ltex-ls-plus-18.7.0/lib/flexmark-0.64.8.jar:/home/yusen/.vscode/extensions/ltex-plus.vscode-ltex-plus-15.7.1/lib/ltex-ls-plus-18.7.0/lib/flexmark-ext-definition-0.64.8.jar:/home/yusen/.vscode/extensions/ltex-plus.vscode-ltex-plus-15.7.1/lib/ltex-ls-plus-18.7.0/lib/flexmark-ext-gfm-strikethrough-0.64.8.jar:/home/yusen/.vscode/extensions/ltex-plus.vscode-ltex-plus-15.7.1/lib/ltex-ls-plus-18.7.0/lib/flexmark-ext-gitlab-0.64.8.jar:/home/yusen/.vscode/extensions/ltex-plus.vscode-ltex-plus-15.7.1/lib/ltex-ls-plus-18.7.0/lib/flexmark-ext-tables-0.64.8.jar:/home/yusen/.vscode/extensions/ltex-plus.vscode-ltex-plus-15.7.1/lib/ltex-ls-plus-18.7.0/lib/flexmark-ext-yaml-front-matter-0.64.8.jar:/home/yusen/.vscode/extensions/ltex-plus.vscode-ltex-plus-15.7.1/lib/ltex-ls-plus-18.7.0/lib/flexmark-test-util-0.64.8.jar:/home/yusen/.vscode/extensions/ltex-plus.vscode-ltex-plus-15.7.1/lib/ltex-ls-plus-18.7.0/lib/flexmark-util-0.64.8.jar:/home/yusen/.vscode/extensions/ltex-plus.vscode-ltex-plus-15.7.1/lib/ltex-ls-plus-18.7.0/lib/flexmark-util-ast-0.64.8.jar:/home/yusen/.vscode/extensions/ltex-plus.vscode-ltex-plus-15.7.1/lib/ltex-ls-plus-18.7.0/lib/flexmark-util-builder-0.64.8.jar:/home/yusen/.vscode/extensions/ltex-plus.vscode-ltex-plus-15.7.1/lib/ltex-ls-plus-18.7.0/lib/flexmark-util-collection-0.64.8.jar:/home/yusen/.vscode/extensions/ltex-plus.vscode-ltex-plus-15.7.1/lib/ltex-ls-plus-18.7.0/lib/flexmark-util-data-0.64.8.jar:/home/yusen/.vscode/extensions/ltex-plus.vscode-ltex-plus-15.7.1/lib/ltex-ls-plus-18.7.0/lib/flexmark-util-dependency-0.64.8.jar:/home/yusen/.vscode/extensions/ltex-plus.vscode-ltex-plus-15.7.1/lib/ltex-ls-plus-18.7.0/lib/flexmark-util-format-0.64.8.jar:/home/yusen/.vscode/extensions/ltex-plus.vscode-ltex-plus-15.7.1/lib/ltex-ls-plus-18.7.0/lib/flexmark-util-html-0.64.8.jar:/home/yusen/.vscode/extensions/ltex-plus.vscode-ltex-plus-15.7.1/lib/ltex-ls-plus-18.7.0/lib/flexmark-util-misc-0.64.8.jar:/home/yusen/.vscode/extensions/ltex-plus.vscode-ltex-plus-15.7.1/lib/ltex-ls-plus-18.7.0/lib/flexmark-util-options-0.64.8.jar:/home/yusen/.vscode/extensions/ltex-plus.vscode-ltex-plus-15.7.1/lib/ltex-ls-plus-18.7.0/lib/flexmark-util-sequence-0.64.8.jar:/home/yusen/.vscode/extensions/ltex-plus.vscode-ltex-plus-15.7.1/lib/ltex-ls-plus-18.7.0/lib/flexmark-util-visitor-0.64.8.jar:/home/yusen/.vscode/extensions/ltex-plus.vscode-ltex-plus-15.7.1/lib/ltex-ls-plus-18.7.0/lib/french-pos-dict-0.7.jar:/home/yusen/.vscode/extensions/ltex-plus.vscode-ltex-plus-15.7.1/lib/ltex-ls-plus-18.7.0/lib/german-pos-dict-1.2.4.jar:/home/yusen/.vscode/extensions/ltex-plus.vscode-ltex-plus-15.7.1/lib/ltex-ls-plus-18.7.0/lib/grpc-api-1.75.0.jar:/home/yusen/.vscode/extensions/ltex-plus.vscode-ltex-plus-15.7.1/lib/ltex-ls-plus-18.7.0/lib/grpc-context-1.75.0.jar:/home/yusen/.vscode/extensions/ltex-plus.vscode-ltex-plus-15.7.1/lib/ltex-ls-plus-18.7.0/lib/grpc-core-1.75.0.jar:/home/yusen/.vscode/extensions/ltex-plus.vscode-ltex-plus-15.7.1/lib/ltex-ls-plus-18.7.0/lib/grpc-netty-shaded-1.75.0.jar:/home/yusen/.vscode/extensions/ltex-plus.vscode-ltex-plus-15.7.1/lib/ltex-ls-plus-18.7.0/lib/grpc-protobuf-1.75.0.jar:/home/yusen/.vscode/extensions/ltex-plus.vscode-ltex-plus-15.7.1/lib/ltex-ls-plus-18.7.0/lib/grpc-protobuf-lite-1.75.0.jar:/home/yusen/.vscode/extensions/ltex-plus.vscode-ltex-plus-15.7.1/lib/ltex-ls-plus-18.7.0/lib/grpc-stub-1.75.0.jar:/home/yusen/.vscode/extensions/ltex-plus.vscode-ltex-plus-15.7.1/lib/ltex-ls-plus-18.7.0/lib/grpc-util-1.75.0.jar:/home/yusen/.vscode/extensions/ltex-plus.vscode-ltex-plus-15.7.1/lib/ltex-ls-plus-18.7.0/lib/gson-2.14.0.jar:/home/yusen/.vscode/extensions/ltex-plus.vscode-ltex-plus-15.7.1/lib/ltex-ls-plus-18.7.0/lib/guava-33.5.0-jre.jar:/home/yusen/.vscode/extensions/ltex-plus.vscode-ltex-plus-15.7.1/lib/ltex-ls-plus-18.7.0/lib/hamcrest-core-1.3.jar:/home/yusen/.vscode/extensions/ltex-plus.vscode-ltex-plus-15.7.1/lib/ltex-ls-plus-18.7.0/lib/hanlp-portable-1.8.2.jar:/home/yusen/.vscode/extensions/ltex-plus.vscode-ltex-plus-15.7.1/lib/ltex-ls-plus-18.7.0/lib/hppc-0.8.2.jar:/home/yusen/.vscode/extensions/ltex-plus.vscode-ltex-plus-15.7.1/lib/ltex-ls-plus-18.7.0/lib/hunspell-2.1.2.jar:/home/yusen/.vscode/extensions/ltex-plus.vscode-ltex-plus-15.7.1/lib/ltex-ls-plus-18.7.0/lib/icu4j-77.1.jar:/home/yusen/.vscode/extensions/ltex-plus.vscode-ltex-plus-15.7.1/lib/ltex-ls-plus-18.7.0/lib/indriya-1.3.jar:/home/yusen/.vscode/extensions/ltex-plus.vscode-ltex-plus-15.7.1/lib/ltex-ls-plus-18.7.0/lib/istack-commons-runtime-4.1.2.jar:/home/yusen/.vscode/extensions/ltex-plus.vscode-ltex-plus-15.7.1/lib/ltex-ls-plus-18.7.0/lib/j2objc-annotations-3.1.jar:/home/yusen/.vscode/extensions/ltex-plus.vscode-ltex-plus-15.7.1/lib/ltex-ls-plus-18.7.0/lib/jackson-annotations-2.18.0.jar:/home/yusen/.vscode/extensions/ltex-plus.vscode-ltex-plus-15.7.1/lib/ltex-ls-plus-18.7.0/lib/jackson-core-2.18.0.jar:/home/yusen/.vscode/extensions/ltex-plus.vscode-ltex-plus-15.7.1/lib/ltex-ls-plus-18.7.0/lib/jackson-databind-2.18.0.jar:/home/yusen/.vscode/extensions/ltex-plus.vscode-ltex-plus-15.7.1/lib/ltex-ls-plus-18.7.0/lib/jakarta.activation-1.2.2.jar:/home/yusen/.vscode/extensions/ltex-plus.vscode-ltex-plus-15.7.1/lib/ltex-ls-plus-18.7.0/lib/jakarta.activation-api-2.1.3.jar:/home/yusen/.vscode/extensions/ltex-plus.vscode-ltex-plus-15.7.1/lib/ltex-ls-plus-18.7.0/lib/jakarta.xml.bind-api-2.3.3.jar:/home/yusen/.vscode/extensions/ltex-plus.vscode-ltex-plus-15.7.1/lib/ltex-ls-plus-18.7.0/lib/jansi-2.4.3.jar:/home/yusen/.vscode/extensions/ltex-plus.vscode-ltex-plus-15.7.1/lib/ltex-ls-plus-18.7.0/lib/java-diff-utils-4.12.jar:/home/yusen/.vscode/extensions/ltex-plus.vscode-ltex-plus-15.7.1/lib/ltex-ls-plus-18.7.0/lib/javax.activation-api-1.2.0.jar:/home/yusen/.vscode/extensions/ltex-plus.vscode-ltex-plus-15.7.1/lib/ltex-ls-plus-18.7.0/lib/javax.annotation-api-1.3.2.jar:/home/yusen/.vscode/extensions/ltex-plus.vscode-ltex-plus-15.7.1/lib/ltex-ls-plus-18.7.0/lib/jaxb-api-2.3.1.jar:/home/yusen/.vscode/extensions/ltex-plus.vscode-ltex-plus-15.7.1/lib/ltex-ls-plus-18.7.0/lib/jaxb-core-2.3.0.1.jar:/home/yusen/.vscode/extensions/ltex-plus.vscode-ltex-plus-15.7.1/lib/ltex-ls-plus-18.7.0/lib/jaxb-core-4.0.5.jar:/home/yusen/.vscode/extensions/ltex-plus.vscode-ltex-plus-15.7.1/lib/ltex-ls-plus-18.7.0/lib/jaxb-impl-2.3.3.jar:/home/yusen/.vscode/extensions/ltex-plus.vscode-ltex-plus-15.7.1/lib/ltex-ls-plus-18.7.0/lib/jaxb-runtime-4.0.5.jar:/home/yusen/.vscode/extensions/ltex-plus.vscode-ltex-plus-15.7.1/lib/ltex-ls-plus-18.7.0/lib/jna-5.12.1.jar:/home/yusen/.vscode/extensions/ltex-plus.vscode-ltex-plus-15.7.1/lib/ltex-ls-plus-18.7.0/lib/jna-platform-5.12.1.jar:/home/yusen/.vscode/extensions/ltex-plus.vscode-ltex-plus-15.7.1/lib/ltex-ls-plus-18.7.0/lib/json-20240303.jar:/home/yusen/.vscode/extensions/ltex-plus.vscode-ltex-plus-15.7.1/lib/ltex-ls-plus-18.7.0/lib/jsonic-1.2.11.jar:/home/yusen/.vscode/extensions/ltex-plus.vscode-ltex-plus-15.7.1/lib/ltex-ls-plus-18.7.0/lib/jspecify-1.0.0.jar:/home/yusen/.vscode/extensions/ltex-plus.vscode-ltex-plus-15.7.1/lib/ltex-ls-plus-18.7.0/lib/jsr305-3.0.2.jar:/home/yusen/.vscode/extensions/ltex-plus.vscode-ltex-plus-15.7.1/lib/ltex-ls-plus-18.7.0/lib/junit-4.13.2.jar:/home/yusen/.vscode/extensions/ltex-plus.vscode-ltex-plus-15.7.1/lib/ltex-ls-plus-18.7.0/lib/jwordsplitter-4.7.jar:/home/yusen/.vscode/extensions/ltex-plus.vscode-ltex-plus-15.7.1/lib/ltex-ls-plus-18.7.0/lib/kotlin-stdlib-2.3.21.jar:/home/yusen/.vscode/extensions/ltex-plus.vscode-ltex-plus-15.7.1/lib/ltex-ls-plus-18.7.0/lib/language-all-6.8.jar:/home/yusen/.vscode/extensions/ltex-plus.vscode-ltex-plus-15.7.1/lib/ltex-ls-plus-18.7.0/lib/language-ar-6.8.jar:/home/yusen/.vscode/extensions/ltex-plus.vscode-ltex-plus-15.7.1/lib/ltex-ls-plus-18.7.0/lib/language-ast-6.8.jar:/home/yusen/.vscode/extensions/ltex-plus.vscode-ltex-plus-15.7.1/lib/ltex-ls-plus-18.7.0/lib/language-be-6.8.jar:/home/yusen/.vscode/extensions/ltex-plus.vscode-ltex-plus-15.7.1/lib/ltex-ls-plus-18.7.0/lib/language-br-6.8.jar:/home/yusen/.vscode/extensions/ltex-plus.vscode-ltex-plus-15.7.1/lib/ltex-ls-plus-18.7.0/lib/language-ca-6.8.jar:/home/yusen/.vscode/extensions/ltex-plus.vscode-ltex-plus-15.7.1/lib/ltex-ls-plus-18.7.0/lib/language-crh-6.8.jar:/home/yusen/.vscode/extensions/ltex-plus.vscode-ltex-plus-15.7.1/lib/ltex-ls-plus-18.7.0/lib/language-da-6.8.jar:/home/yusen/.vscode/extensions/ltex-plus.vscode-ltex-plus-15.7.1/lib/ltex-ls-plus-18.7.0/lib/language-de-6.8.jar:/home/yusen/.vscode/extensions/ltex-plus.vscode-ltex-plus-15.7.1/lib/ltex-ls-plus-18.7.0/lib/language-de-DE-x-simple-language-6.8.jar:/home/yusen/.vscode/extensions/ltex-plus.vscode-ltex-plus-15.7.1/lib/ltex-ls-plus-18.7.0/lib/language-detector-0.6.jar:/home/yusen/.vscode/extensions/ltex-plus.vscode-ltex-plus-15.7.1/lib/ltex-ls-plus-18.7.0/lib/language-el-6.8.jar:/home/yusen/.vscode/extensions/ltex-plus.vscode-ltex-plus-15.7.1/lib/ltex-ls-plus-18.7.0/lib/language-en-6.8.jar:/home/yusen/.vscode/extensions/ltex-plus.vscode-ltex-plus-15.7.1/lib/ltex-ls-plus-18.7.0/lib/language-eo-6.8.jar:/home/yusen/.vscode/extensions/ltex-plus.vscode-ltex-plus-15.7.1/lib/ltex-ls-plus-18.7.0/lib/language-es-6.8.jar:/home/yusen/.vscode/extensions/ltex-plus.vscode-ltex-plus-15.7.1/lib/ltex-ls-plus-18.7.0/lib/language-fa-6.8.jar:/home/yusen/.vscode/extensions/ltex-plus.vscode-ltex-plus-15.7.1/lib/ltex-ls-plus-18.7.0/lib/language-fr-6.8.jar:/home/yusen/.vscode/extensions/ltex-plus.vscode-ltex-plus-15.7.1/lib/ltex-ls-plus-18.7.0/lib/language-ga-6.8.jar:/home/yusen/.vscode/extensions/ltex-plus.vscode-ltex-plus-15.7.1/lib/ltex-ls-plus-18.7.0/lib/language-gl-6.8.jar:/home/yusen/.vscode/extensions/ltex-plus.vscode-ltex-plus-15.7.1/lib/ltex-ls-plus-18.7.0/lib/language-it-6.8.jar:/home/yusen/.vscode/extensions/ltex-plus.vscode-ltex-plus-15.7.1/lib/ltex-ls-plus-18.7.0/lib/language-ja-6.8.jar:/home/yusen/.vscode/extensions/ltex-plus.vscode-ltex-plus-15.7.1/lib/ltex-ls-plus-18.7.0/lib/language-km-6.8.jar:/home/yusen/.vscode/extensions/ltex-plus.vscode-ltex-plus-15.7.1/lib/ltex-ls-plus-18.7.0/lib/language-nl-6.8.jar:/home/yusen/.vscode/extensions/ltex-plus.vscode-ltex-plus-15.7.1/lib/ltex-ls-plus-18.7.0/lib/language-pl-6.8.jar:/home/yusen/.vscode/extensions/ltex-plus.vscode-ltex-plus-15.7.1/lib/ltex-ls-plus-18.7.0/lib/language-pt-6.8.jar:/home/yusen/.vscode/extensions/ltex-plus.vscode-ltex-plus-15.7.1/lib/ltex-ls-plus-18.7.0/lib/language-ro-6.8.jar:/home/yusen/.vscode/extensions/ltex-plus.vscode-ltex-plus-15.7.1/lib/ltex-ls-plus-18.7.0/lib/language-ru-6.8.jar:/home/yusen/.vscode/extensions/ltex-plus.vscode-ltex-plus-15.7.1/lib/ltex-ls-plus-18.7.0/lib/language-sk-6.8.jar:/home/yusen/.vscode/extensions/ltex-plus.vscode-ltex-plus-15.7.1/lib/ltex-ls-plus-18.7.0/lib/language-sl-6.8.jar:/home/yusen/.vscode/extensions/ltex-plus.vscode-ltex-plus-15.7.1/lib/ltex-ls-plus-18.7.0/lib/language-sv-6.8.jar:/home/yusen/.vscode/extensions/ltex-plus.vscode-ltex-plus-15.7.1/lib/ltex-ls-plus-18.7.0/lib/language-ta-6.8.jar:/home/yusen/.vscode/extensions/ltex-plus.vscode-ltex-plus-15.7.1/lib/ltex-ls-plus-18.7.0/lib/language-tl-6.8.jar:/home/yusen/.vscode/extensions/ltex-plus.vscode-ltex-plus-15.7.1/lib/ltex-ls-plus-18.7.0/lib/language-uk-6.8.jar:/home/yusen/.vscode/extensions/ltex-plus.vscode-ltex-plus-15.7.1/lib/ltex-ls-plus-18.7.0/lib/language-zh-6.8.jar:/home/yusen/.vscode/extensions/ltex-plus.vscode-ltex-plus-15.7.1/lib/ltex-ls-plus-18.7.0/lib/languagetool-core-6.8.jar:/home/yusen/.vscode/extensions/ltex-plus.vscode-ltex-plus-15.7.1/lib/ltex-ls-plus-18.7.0/lib/languagetool-ga-dicts-0.02.jar:/home/yusen/.vscode/extensions/ltex-plus.vscode-ltex-plus-15.7.1/lib/ltex-ls-plus-18.7.0/lib/linguistics.grammardb.spell.languagetool-1.0.2.jar:/home/yusen/.vscode/extensions/ltex-plus.vscode-ltex-plus-15.7.1/lib/ltex-ls-plus-18.7.0/lib/listenablefuture-9999.0-empty-to-avoid-conflict-with-guava.jar:/home/yusen/.vscode/extensions/ltex-plus.vscode-ltex-plus-15.7.1/lib/ltex-ls-plus-18.7.0/lib/lspcli-2.3.0.jar:/home/yusen/.vscode/extensions/ltex-plus.vscode-ltex-plus-15.7.1/lib/ltex-ls-plus-18.7.0/lib/ltexls-plus-18.7.0.jar:/home/yusen/.vscode/extensions/ltex-plus.vscode-ltex-plus-15.7.1/lib/ltex-ls-plus-18.7.0/lib/lucene-backward-codecs-5.5.5.jar:/home/yusen/.vscode/extensions/ltex-plus.vscode-ltex-plus-15.7.1/lib/ltex-ls-plus-18.7.0/lib/lucene-core-5.5.5.jar:/home/yusen/.vscode/extensions/ltex-plus.vscode-ltex-plus-15.7.1/lib/ltex-ls-plus-18.7.0/lib/lucene-gosen-6.2.1-ipadic.jar:/home/yusen/.vscode/extensions/ltex-plus.vscode-ltex-plus-15.7.1/lib/ltex-ls-plus-18.7.0/lib/micrometer-core-1.7.12.jar:/home/yusen/.vscode/extensions/ltex-plus.vscode-ltex-plus-15.7.1/lib/ltex-ls-plus-18.7.0/lib/micrometer-registry-prometheus-1.7.12.jar:/home/yusen/.vscode/extensions/ltex-plus.vscode-ltex-plus-15.7.1/lib/ltex-ls-plus-18.7.0/lib/morfologik-crh-lt-1.0.1.jar:/home/yusen/.vscode/extensions/ltex-plus.vscode-ltex-plus-15.7.1/lib/ltex-ls-plus-18.7.0/lib/morfologik-fsa-2.1.9.jar:/home/yusen/.vscode/extensions/ltex-plus.vscode-ltex-plus-15.7.1/lib/ltex-ls-plus-18.7.0/lib/morfologik-fsa-builders-2.1.9.jar:/home/yusen/.vscode/extensions/ltex-plus.vscode-ltex-plus-15.7.1/lib/ltex-ls-plus-18.7.0/lib/morfologik-speller-2.1.9.jar:/home/yusen/.vscode/extensions/ltex-plus.vscode-ltex-plus-15.7.1/lib/ltex-ls-plus-18.7.0/lib/morfologik-stemming-2.1.9.jar:/home/yusen/.vscode/extensions/ltex-plus.vscode-ltex-plus-15.7.1/lib/ltex-ls-plus-18.7.0/lib/morfologik-ukrainian-lt-6.8.0.jar:/home/yusen/.vscode/extensions/ltex-plus.vscode-ltex-plus-15.7.1/lib/ltex-ls-plus-18.7.0/lib/morphology-el-1.0.0.jar:/home/yusen/.vscode/extensions/ltex-plus.vscode-ltex-plus-15.7.1/lib/ltex-ls-plus-18.7.0/lib/opennlp-chunk-models-1.5.jar:/home/yusen/.vscode/extensions/ltex-plus.vscode-ltex-plus-15.7.1/lib/ltex-ls-plus-18.7.0/lib/opennlp-postag-models-1.5.jar:/home/yusen/.vscode/extensions/ltex-plus.vscode-ltex-plus-15.7.1/lib/ltex-ls-plus-18.7.0/lib/opennlp-tokenize-models-1.5.jar:/home/yusen/.vscode/extensions/ltex-plus.vscode-ltex-plus-15.7.1/lib/ltex-ls-plus-18.7.0/lib/opennlp-tools-1.9.4.jar:/home/yusen/.vscode/extensions/ltex-plus.vscode-ltex-plus-15.7.1/lib/ltex-ls-plus-18.7.0/lib/openregex-1.1.1.jar:/home/yusen/.vscode/extensions/ltex-plus.vscode-ltex-plus-15.7.1/lib/ltex-ls-plus-18.7.0/lib/opentelemetry-api-1.42.1.jar:/home/yusen/.vscode/extensions/ltex-plus.vscode-ltex-plus-15.7.1/lib/ltex-ls-plus-18.7.0/lib/opentelemetry-context-1.42.1.jar:/home/yusen/.vscode/extensions/ltex-plus.vscode-ltex-plus-15.7.1/lib/ltex-ls-plus-18.7.0/lib/opentelemetry-semconv-1.30.1-alpha.jar:/home/yusen/.vscode/extensions/ltex-plus.vscode-ltex-plus-15.7.1/lib/ltex-ls-plus-18.7.0/lib/org.eclipse.lsp4j-0.24.0.jar:/home/yusen/.vscode/extensions/ltex-plus.vscode-ltex-plus-15.7.1/lib/ltex-ls-plus-18.7.0/lib/org.eclipse.lsp4j.jsonrpc-0.24.0.jar:/home/yusen/.vscode/extensions/ltex-plus.vscode-ltex-plus-15.7.1/lib/ltex-ls-plus-18.7.0/lib/perfmark-api-0.27.0.jar:/home/yusen/.vscode/extensions/ltex-plus.vscode-ltex-plus-15.7.1/lib/ltex-ls-plus-18.7.0/lib/picocli-4.7.7.jar:/home/yusen/.vscode/extensions/ltex-plus.vscode-ltex-plus-15.7.1/lib/ltex-ls-plus-18.7.0/lib/portuguese-pos-dict-1.2.0.jar:/home/yusen/.vscode/extensions/ltex-plus.vscode-ltex-plus-15.7.1/lib/ltex-ls-plus-18.7.0/lib/proto-google-common-protos-2.59.2.jar:/home/yusen/.vscode/extensions/ltex-plus.vscode-ltex-plus-15.7.1/lib/ltex-ls-plus-18.7.0/lib/protobuf-java-3.25.8.jar:/home/yusen/.vscode/extensions/ltex-plus.vscode-ltex-plus-15.7.1/lib/ltex-ls-plus-18.7.0/lib/resilience4j-circuitbreaker-1.7.1.jar:/home/yusen/.vscode/extensions/ltex-plus.vscode-ltex-plus-15.7.1/lib/ltex-ls-plus-18.7.0/lib/resilience4j-core-1.7.1.jar:/home/yusen/.vscode/extensions/ltex-plus.vscode-ltex-plus-15.7.1/lib/ltex-ls-plus-18.7.0/lib/resilience4j-micrometer-1.7.1.jar:/home/yusen/.vscode/extensions/ltex-plus.vscode-ltex-plus-15.7.1/lib/ltex-ls-plus-18.7.0/lib/segment-2.0.3.jar:/home/yusen/.vscode/extensions/ltex-plus.vscode-ltex-plus-15.7.1/lib/ltex-ls-plus-18.7.0/lib/simpleclient-0.16.0.jar:/home/yusen/.vscode/extensions/ltex-plus.vscode-ltex-plus-15.7.1/lib/ltex-ls-plus-18.7.0/lib/simpleclient_common-0.10.0.jar:/home/yusen/.vscode/extensions/ltex-plus.vscode-ltex-plus-15.7.1/lib/ltex-ls-plus-18.7.0/lib/simpleclient_guava-0.16.0.jar:/home/yusen/.vscode/extensions/ltex-plus.vscode-ltex-plus-15.7.1/lib/ltex-ls-plus-18.7.0/lib/simpleclient_tracer_common-0.16.0.jar:/home/yusen/.vscode/extensions/ltex-plus.vscode-ltex-plus-15.7.1/lib/ltex-ls-plus-18.7.0/lib/simpleclient_tracer_otel-0.16.0.jar:/home/yusen/.vscode/extensions/ltex-plus.vscode-ltex-plus-15.7.1/lib/ltex-ls-plus-18.7.0/lib/simpleclient_tracer_otel_agent-0.16.0.jar:/home/yusen/.vscode/extensions/ltex-plus.vscode-ltex-plus-15.7.1/lib/ltex-ls-plus-18.7.0/lib/slf4j-api-2.0.16.jar:/home/yusen/.vscode/extensions/ltex-plus.vscode-ltex-plus-15.7.1/lib/ltex-ls-plus-18.7.0/lib/slf4j-nop-2.0.18.jar:/home/yusen/.vscode/extensions/ltex-plus.vscode-ltex-plus-15.7.1/lib/ltex-ls-plus-18.7.0/lib/spanish-pos-dict-2.5.jar:/home/yusen/.vscode/extensions/ltex-plus.vscode-ltex-plus-15.7.1/lib/ltex-ls-plus-18.7.0/lib/stax2-api-4.3.0.jar:/home/yusen/.vscode/extensions/ltex-plus.vscode-ltex-plus-15.7.1/lib/ltex-ls-plus-18.7.0/lib/txw2-4.0.5.jar:/home/yusen/.vscode/extensions/ltex-plus.vscode-ltex-plus-15.7.1/lib/ltex-ls-plus-18.7.0/lib/unit-api-1.0.jar:/home/yusen/.vscode/extensions/ltex-plus.vscode-ltex-plus-15.7.1/lib/ltex-ls-plus-18.7.0/lib/uom-lib-common-1.1.jar:/home/yusen/.vscode/extensions/ltex-plus.vscode-ltex-plus-15.7.1/lib/ltex-ls-plus-18.7.0/lib/vavr-0.10.2.jar:/home/yusen/.vscode/extensions/ltex-plus.vscode-ltex-plus-15.7.1/lib/ltex-ls-plus-18.7.0/lib/vavr-match-0.10.2.jar:/home/yusen/.vscode/extensions/ltex-plus.vscode-ltex-plus-15.7.1/lib/ltex-ls-plus-18.7.0/lib/woodstox-core-7.2.0.jar
Launcher Type: SUN_STANDARD

[Global flags]
     intx CICompilerCount                          = 12                                        {product} {ergonomic}
     uint ConcGCThreads                            = 3                                         {product} {ergonomic}
     uint G1ConcRefinementThreads                  = 13                                        {product} {ergonomic}
   size_t G1HeapRegionSize                         = 1048576                                   {product} {ergonomic}
    uintx GCDrainStackTargetSize                   = 64                                        {product} {ergonomic}
   size_t InitialHeapSize                          = 67108864                                  {product} {command line}
   size_t MarkStackSize                            = 4194304                                   {product} {ergonomic}
   size_t MaxHeapSize                              = 2147483648                                {product} {command line}
   size_t MaxNewSize                               = 1287651328                                {product} {ergonomic}
   size_t MinHeapDeltaBytes                        = 1048576                                   {product} {ergonomic}
   size_t MinHeapSize                              = 67108864                                  {product} {command line}
    uintx NonNMethodCodeHeapSize                   = 7602480                                {pd product} {ergonomic}
    uintx NonProfiledCodeHeapSize                  = 122027880                              {pd product} {ergonomic}
    uintx ProfiledCodeHeapSize                     = 122027880                              {pd product} {ergonomic}
    uintx ReservedCodeCacheSize                    = 251658240                              {pd product} {ergonomic}
     bool SegmentedCodeCache                       = true                                      {product} {ergonomic}
   size_t SoftMaxHeapSize                          = 2147483648                             {manageable} {ergonomic}
     bool UseCompressedOops                        = true                           {product lp64_product} {ergonomic}
     bool UseG1GC                                  = true                                      {product} {ergonomic}

Logging:
Log output configuration:
 #0: stdout all=warning uptime,level,tags foldmultilines=false
 #1: stderr all=off uptime,level,tags foldmultilines=false

Release file:
JAVA_VERSION="21.0.10"
MODULES="java.base java.compiler java.datatransfer java.xml java.prefs java.desktop java.instrument java.logging java.management java.security.sasl java.naming java.rmi java.management.rmi java.net.http java.scripting java.security.jgss java.transaction.xa java.sql java.sql.rowset java.xml.crypto java.se java.smartcardio jdk.accessibility jdk.charsets jdk.crypto.ec jdk.crypto.cryptoki jdk.dynalink jdk.httpserver jdk.incubator.vector jdk.internal.vm.ci jdk.internal.vm.compiler jdk.internal.vm.compiler.management jdk.jdwp.agent jdk.jfr jdk.jsobject jdk.localedata jdk.management jdk.management.agent jdk.naming.dns jdk.naming.rmi jdk.net jdk.nio.mapmode jdk.sctp jdk.security.auth jdk.security.jgss jdk.unsupported jdk.xml.dom jdk.zipfs"

Environment Variables:
JAVA_OPTS=-Xms64m -Xmx2048m
PATH=/home/yusen/opt/Xilinx/Vivado/2024.2/bin:/home/yusen/opt/anaconda3/bin:/home/yusen/opt/anaconda3/condabin:/home/yusen/opt/anaconda3/bin:/home/yusen/.zinit/polaris/bin:/home/yusen/.local/bin:/home/yusen/opt/Xilinx/Vivado/2024.2/bin:/opt/st/stm32cubeclt_1.19.0:/opt/st/stm32cubeclt_1.19.0/STM32CubeProgrammer/bin:/opt/st/stm32cubeclt_1.19.0/STLink-gdb-server/bin:/opt/st/stm32cubeclt_1.19.0/CMake/bin:/opt/st/stm32cubeclt_1.19.0/Ninja/bin:/opt/st/stm32cubeclt_1.19.0/st-arm-clang/bin:/opt/st/stm32cubeclt_1.19.0/GNU-tools-for-STM32/bin:/home/yusen/.local/bin:/usr/local/bin:/usr/bin:/bin
XDG_CACHE_HOME=/home/yusen/.cache
XDG_CONFIG_HOME=/home/yusen/.config
SHELL=/usr/bin/zsh
DISPLAY=:0
WAYLAND_DISPLAY=wayland-0
HOSTTYPE=x86_64
OSTYPE=linux-gnu
MACHTYPE=x86_64
LANG=zh_CN.UTF-8

Active Locale:
LC_ALL=zh_CN.UTF-8
LC_COLLATE=zh_CN.UTF-8
LC_CTYPE=zh_CN.UTF-8
LC_MESSAGES=zh_CN.UTF-8
LC_MONETARY=zh_CN.UTF-8
LC_NUMERIC=zh_CN.UTF-8
LC_TIME=zh_CN.UTF-8

Signal Handlers:
   SIGSEGV: crash_handler in libjvm.so, mask=11100100010111111101111111111110, flags=SA_RESTART|SA_SIGINFO, unblocked
    SIGBUS: crash_handler in libjvm.so, mask=11100100010111111101111111111110, flags=SA_RESTART|SA_SIGINFO, unblocked
    SIGFPE: crash_handler in libjvm.so, mask=11100100010111111101111111111110, flags=SA_RESTART|SA_SIGINFO, unblocked
   SIGPIPE: javaSignalHandler in libjvm.so, mask=11100100010111111101111111111110, flags=SA_RESTART|SA_SIGINFO, blocked
   SIGXFSZ: javaSignalHandler in libjvm.so, mask=11100100010111111101111111111110, flags=SA_RESTART|SA_SIGINFO, blocked
    SIGILL: crash_handler in libjvm.so, mask=11100100010111111101111111111110, flags=SA_RESTART|SA_SIGINFO, unblocked
   SIGUSR2: SR_handler in libjvm.so, mask=00000000000000000000000000000000, flags=SA_RESTART|SA_SIGINFO, blocked
    SIGHUP: UserHandler in libjvm.so, mask=11100100010111111101111111111110, flags=SA_RESTART|SA_SIGINFO, blocked
    SIGINT: UserHandler in libjvm.so, mask=11100100010111111101111111111110, flags=SA_RESTART|SA_SIGINFO, blocked
   SIGTERM: UserHandler in libjvm.so, mask=11100100010111111101111111111110, flags=SA_RESTART|SA_SIGINFO, blocked
   SIGQUIT: UserHandler in libjvm.so, mask=11100100010111111101111111111110, flags=SA_RESTART|SA_SIGINFO, blocked
   SIGTRAP: crash_handler in libjvm.so, mask=11100100010111111101111111111110, flags=SA_RESTART|SA_SIGINFO, unblocked


Periodic native trim disabled

---------------  S Y S T E M  ---------------

OS:
LSB_VERSION="core-2.0-noarch:core-3.2-noarch:core-4.0-noarch:core-2.0-x86_64:core-3.2-x86_64:core-4.0-x86_64"
uname: Linux 7.0.11-1-default #1 SMP PREEMPT_DYNAMIC Tue Jun  2 05:49:18 UTC 2026 (d1677f1) x86_64
OS uptime: 0 days 6:50 hours
libc: glibc 2.43 NPTL 2.43 
rlimit (soft/hard): STACK 8192k/infinity , CORE infinity/infinity , NPROC 62105/62105 , NOFILE 524288/524288 , AS infinity/infinity , CPU infinity/infinity , DATA infinity/infinity , FSIZE infinity/infinity , MEMLOCK 8192k/8192k
load average: 10.23 10.23 8.77

/proc/meminfo:
MemTotal:       16093468 kB
MemFree:          895120 kB
MemAvailable:    7529032 kB
Buffers:          411896 kB
Cached:          6325788 kB
SwapCached:      1385204 kB
Active:          7464224 kB
Inactive:        4671968 kB
Active(anon):    4216468 kB
Inactive(anon):  1518028 kB
Active(file):    3247756 kB
Inactive(file):  3153940 kB
Unevictable:      251964 kB
Mlocked:             284 kB
SwapTotal:      41943036 kB
SwapFree:       22739012 kB
Zswap:                 0 kB
Zswapped:              0 kB
Dirty:             37504 kB
Writeback:          1012 kB
AnonPages:       5632500 kB
Mapped:          1093008 kB
Shmem:             80780 kB
KReclaimable:     591188 kB
Slab:            1088052 kB
SReclaimable:     591188 kB
SUnreclaim:       496864 kB
KernelStack:       52416 kB
PageTables:       319540 kB
SecPageTables:      3084 kB
NFS_Unstable:          0 kB
Bounce:                0 kB
WritebackTmp:          0 kB
CommitLimit:    49989768 kB
Committed_AS:   72998016 kB
VmallocTotal:   34359738367 kB
VmallocUsed:      219028 kB
VmallocChunk:          0 kB
Percpu:            15232 kB
HardwareCorrupted:     0 kB
AnonHugePages:     32768 kB
ShmemHugePages:        0 kB
ShmemPmdMapped:        0 kB
FileHugePages:     40960 kB
FilePmdMapped:     28672 kB
CmaTotal:              0 kB
CmaFree:               0 kB
Unaccepted:            0 kB
Balloon:               0 kB
HugePages_Total:       0
HugePages_Free:        0
HugePages_Rsvd:        0
HugePages_Surp:        0
Hugepagesize:       2048 kB
Hugetlb:               0 kB
DirectMap4k:     3785900 kB
DirectMap2M:    12716032 kB
DirectMap1G:     1048576 kB

/sys/kernel/mm/transparent_hugepage/enabled: [always] madvise never
/sys/kernel/mm/transparent_hugepage/hpage_pmd_size: 2097152
/sys/kernel/mm/transparent_hugepage/defrag (defrag/compaction efforts parameter): always defer defer+madvise [madvise] never

Process Memory:
Virtual Size: 6236112K (peak: 6238296K)
Resident Set Size: 21956K (peak: 1165464K) (anon: 16368K, file: 5588K, shmem: 0K)
Swapped out: 1154012K
C-Heap outstanding allocations: 66808K, retained: 97811K
glibc malloc tunables: (default)

/proc/sys/kernel/threads-max (system-wide limit on the number of threads): 124211
/proc/sys/vm/max_map_count (maximum number of memory map areas a process may have): 1048576
/proc/sys/vm/swappiness (control to define how aggressively the kernel swaps out anonymous memory): 60
/proc/sys/kernel/pid_max (system-wide limit on number of process identifiers): 4194304

container information not found.
Steal ticks since vm start: 0
Steal ticks percentage since vm start:  0.000

CPU: total 16 (initial active 16) (8 cores per cpu, 2 threads per core) family 6 model 141 stepping 1 microcode 0x58, cx8, cmov, fxsr, ht, mmx, 3dnowpref, sse, sse2, sse3, ssse3, sse4.1, sse4.2, popcnt, lzcnt, tsc, tscinvbit, avx, avx2, aes, erms, clmul, bmi1, bmi2, adx, avx512f, avx512dq, avx512cd, avx512bw, avx512vl, sha, fma, vzeroupper, avx512_vpopcntdq, avx512_vpclmulqdq, avx512_vaes, avx512_vnni, clflush, clflushopt, clwb, avx512_vbmi2, avx512_vbmi, rdtscp, rdpid, fsrm, gfni, avx512_bitalg, f16c, pku, ospke, cet_ibt, cet_ss, avx512_ifma
CPU Model and flags from /proc/cpuinfo:
model name	: 11th Gen Intel(R) Core(TM) i7-11800H @ 2.30GHz
flags		: fpu vme de pse tsc msr pae mce cx8 apic sep mtrr pge mca cmov pat pse36 clflush dts acpi mmx fxsr sse sse2 ss ht tm pbe syscall nx pdpe1gb rdtscp lm constant_tsc art arch_perfmon pebs bts rep_good nopl xtopology nonstop_tsc cpuid aperfmperf tsc_known_freq pni pclmulqdq dtes64 monitor ds_cpl vmx est tm2 ssse3 sdbg fma cx16 xtpr pdcm pcid sse4_1 sse4_2 x2apic movbe popcnt tsc_deadline_timer aes xsave avx f16c rdrand lahf_lm abm 3dnowprefetch cpuid_fault epb cat_l2 cdp_l2 ssbd ibrs ibpb stibp ibrs_enhanced tpr_shadow flexpriority ept vpid ept_ad fsgsbase tsc_adjust bmi1 avx2 smep bmi2 erms invpcid rdt_a avx512f avx512dq rdseed adx smap avx512ifma clflushopt clwb intel_pt avx512cd sha_ni avx512bw avx512vl xsaveopt xsavec xgetbv1 xsaves split_lock_detect user_shstk dtherm ida arat pln pts hwp hwp_notify hwp_act_window hwp_epp hwp_pkg_req vnmi avx512vbmi umip pku ospke avx512_vbmi2 gfni vaes vpclmulqdq avx512_vnni avx512_bitalg avx512_vpopcntdq rdpid movdiri movdir64b fsrm avx512_vp2intersect md_clear ibt flush_l1d arch_capabilities

Online cpus: 0-15
Offline cpus: 
BIOS frequency limitation: <Not Available>
Frequency switch latency (ns): 0
Available cpu frequencies: <Not Available>
Current governor: powersave
Core performance/turbo boost: <Not Available>

Memory: 4k page, physical 16093468k(7509832k free), swap 41943036k(22741228k free)
Page Sizes: 4k

vm_info: OpenJDK 64-Bit Server VM (21.0.10+7-LTS) for linux-amd64 JRE (21.0.10+7-LTS), built on 2026-01-20T00:00:00Z by "admin" with gcc 11.3.0

END.
