#
# A fatal error has been detected by the Java Runtime Environment:
#
#  SIGBUS (0x7) at pc=0x00007f2433555c0e, pid=1199413, tid=1199438
#
# JRE version: OpenJDK Runtime Environment Temurin-21.0.10+7 (21.0.10+7) (build 21.0.10+7-LTS)
# Java VM: OpenJDK 64-Bit Server VM Temurin-21.0.10+7 (21.0.10+7-LTS, mixed mode, tiered, compressed oops, compressed class ptrs, g1 gc, linux-amd64)
# Problematic frame:
# V  [libjvm.so+0xd55c0e]  PerfLongVariant::sample()+0x1e
#
# Core dump will be written. Default location: Core dumps may be processed with "/usr/lib/systemd/systemd-coredump %P %u %g %s %t %c %h %d %F" (or dumping to /home/yusen/Obsidian Vault/core.1199413)
#
# If you would like to submit a bug report, please visit:
#   https://github.com/adoptium/adoptium-support/issues
#

---------------  S U M M A R Y ------------

Command Line: -Xms64m -Xmx2048m -Dapp.name=ltex-ls-plus -Dapp.pid=1199413 -Dapp.repo=/home/yusen/.vscode/extensions/ltex-plus.vscode-ltex-plus-15.7.1/lib/ltex-ls-plus-18.7.0/lib -Dapp.home=/home/yusen/.vscode/extensions/ltex-plus.vscode-ltex-plus-15.7.1/lib/ltex-ls-plus-18.7.0 -Dbasedir=/home/yusen/.vscode/extensions/ltex-plus.vscode-ltex-plus-15.7.1/lib/ltex-ls-plus-18.7.0 org.bsplines.ltexls.LtexLanguageServerLauncher

Host: 11th Gen Intel(R) Core(TM) i7-11800H @ 2.30GHz, 16 cores, 15G, LSB_VERSION="core-2.0-noarch:core-3.2-noarch:core-4.0-noarch:core-2.0-x86_64:core-3.2-x86_64:core-4.0-x86_64"
Time: Thu Jul 30 01:14:53 2026 CST elapsed time: 885.899697 seconds (0d 0h 14m 45s)

---------------  T H R E A D  ---------------

Current thread (0x00007f242c1025d0):  WatcherThread "VM Periodic Task Thread" [id=1199438, stack(0x00007f241817c000,0x00007f241827c000) (1024K)]

Stack: [0x00007f241817c000,0x00007f241827c000],  sp=0x00007f241827ad30,  free space=1019k
Native frames: (J=compiled Java code, j=interpreted, Vv=VM code, C=native code)
V  [libjvm.so+0xd55c0e]  PerfLongVariant::sample()+0x1e
V  [libjvm.so+0xe99052]  StatSamplerTask::task()+0x32
V  [libjvm.so+0xf4d0fd]  PeriodicTask::real_time_tick(int)+0x5d
V  [libjvm.so+0xcd9830]  WatcherThread::run()+0x80
V  [libjvm.so+0xf84d48]  Thread::call_run()+0xa8
V  [libjvm.so+0xd0e2da]  thread_native_entry(Thread*)+0xda

siginfo: si_signo: 7 (SIGBUS), si_code: 2 (BUS_ADRERR), si_addr: 0x00007f24342135c8

Registers:
RAX=0x000000ce43282dab, RBX=0x00007f24342135c8, RCX=0x0000000003283084, RDX=0x0000000000006786
RSP=0x00007f241827ad30, RBP=0x00007f241827ad40, RSI=0x00007f2434257010, RDI=0x0000000000000001
R8 =0x0000000003283084, R9 =0x00007f241827ad10, R10=0x0000000000000000, R11=0x00007f2434257000
R12=0x00007f242c272220, R13=0x0000000000000001, R14=0x0000000000000002, R15=0x00007f2433d66440
RIP=0x00007f2433555c0e, EFLAGS=0x0000000000010212, CSGSFS=0x002b000000000033, ERR=0x0000000000000007
  TRAPNO=0x000000000000000e

XMM[0]=0x0000000000000000 0x0000000000000000
XMM[1]=0x0000000000000000 0x00007f23d8b656d0
XMM[2]=0x00007f242c1025d0 0x00007f242c1025d0
XMM[3]=0x00007f241827ae50 0x00007f241827b6c0
XMM[4]=0x00007f242c1025d0 0x0000000000000000
XMM[5]=0x00007f24342724ef 0x00007f2433cf13a0
XMM[6]=0x0000000000000008 0x0000000000100000
XMM[7]=0x00007f241827c000 0x0000000000000004
XMM[8]=0xcafebabecafebabe 0xcafebabecafebabe
XMM[9]=0x2e2e5e5b415c494d 0x015d48015d575d01
XMM[10]=0x2e2e2e2e2e2e2e0b 0x2e2e2e2e2e2e2e2e
XMM[11]=0x0000000000000000 0x00007f24339c71e0
XMM[12]=0x0000000000000000 0x0000000000000000
XMM[13]=0x0000000000000000 0x0000000000000000
XMM[14]=0x0000000000000000 0x0000000000000000
XMM[15]=0x0000000000000000 0x0000000000000000
  MXCSR=0x00001fa2


Register to memory mapping:

RAX=0x000000ce43282dab is an unknown value
RBX=0x00007f24342135c8 points into unknown readable memory: 0x000000ce3ee0da52 | 52 da e0 3e ce 00 00 00
RCX=0x0000000003283084 is an unknown value
RDX=0x0000000000006786 is an unknown value
RSP=0x00007f241827ad30 points into unknown readable memory: 0x00007f241827ad60 | 60 ad 27 18 24 7f 00 00
RBP=0x00007f241827ad40 points into unknown readable memory: 0x00007f241827ad60 | 60 ad 27 18 24 7f 00 00
RSI=0x00007f2434257010 points into unknown readable memory: 0x000002135f7c97c8 | c8 97 7c 5f 13 02 00 00
RDI=0x0000000000000001 is an unknown value
R8 =0x0000000003283084 is an unknown value
R9 =0x00007f241827ad10 points into unknown readable memory: 0x0000000000006786 | 86 67 00 00 00 00 00 00
R10=0x0 is null
R11=0x00007f2434257000 points into unknown readable memory: 0x00000001032830a0 | a0 30 28 03 01 00 00 00
R12=0x00007f242c272220 points into unknown readable memory: 0x00007f242c272240 | 40 22 27 2c 24 7f 00 00
R13=0x0000000000000001 is an unknown value
R14=0x0000000000000002 is an unknown value
R15=0x00007f2433d66440: <offset 0x0000000001566440> in /home/yusen/.vscode/extensions/ltex-plus.vscode-ltex-plus-15.7.1/lib/ltex-ls-plus-18.7.0/jdk-21.0.10+7/lib/server/libjvm.so at 0x00007f2432800000

Top of Stack: (sp=0x00007f241827ad30)
0x00007f241827ad30:   00007f241827ad60 0000000000000001
0x00007f241827ad40:   00007f241827ad60 00007f2433699052
0x00007f241827ad50:   0000000000000032 0000000000000032
0x00007f241827ad60:   00007f241827adb0 00007f243374d0fd
0x00007f241827ad70:   00007f242c1031f0 00007f2433d54e58
0x00007f241827ad80:   00007f241827ad90 00007f242c1025d0
0x00007f241827ad90:   0000000000000032 00007f241817c000
0x00007f241827ada0:   0000000000100000 00007f241817b000
0x00007f241827adb0:   00007f241827ae10 00007f24334d9830
0x00007f241827adc0:   00007f242c1031f0 00007f241827ae10
0x00007f241827add0:   00007f241827ade0 00007f243350c1f3
0x00007f241827ade0:   6f69726550204d56 0073615420636964
0x00007f241827adf0:   00007f241827ae10 5ee9833723a67500
0x00007f241827ae00:   00007f242c1031f0 00007f242c1025d0
0x00007f241827ae10:   00007f241827ae70 00007f2433784d48
0x00007f241827ae20:   00007f241827b6c0 00007f242c1032c0
0x00007f241827ae30:   0000000000000000 00007f242c1025d0
0x00007f241827ae40:   00007f241827ae70 00007f24334c0e49
0x00007f241827ae50:   00007f241827ae70 00007f242c1032c0
0x00007f241827ae60:   00007f242c1025d0 00007f241827bce4
0x00007f241827ae70:   00007f241827aea0 00007f243350e2da
0x00007f241827ae80:   0000000000000000 00007f241827b6c0
0x00007f241827ae90:   00007f24327fe7b0 00007f24327fe8a6
0x00007f241827aea0:   0000000000000000 00007f2433e9b8f0
0x00007f241827aeb0:   0000000000000000 00007f241827b6c0
0x00007f241827aec0:   0000000000000000 0000002100000000
0x00007f241827aed0:   ffffffffffffff40 0000000000000000
0x00007f241827aee0:   0000000000000000 0000000000000000
0x00007f241827aef0:   00007f241827b6c0 3a29186e1992a221
0x00007f241827af00:   00007f24327fe7b0 00007f24327fe8a6
0x00007f241827af10:   0000000000000002 00007f241817b000
0x00007f241827af20:   c461282144f2a221 c4617fbd7788a221 

Instructions: (pc=0x00007f2433555c0e)
0x00007f2433555b0e:   00 04 00 00 00 48 83 c4 08 5b 41 5c 41 5d 41 5e
0x00007f2433555b1e:   41 5f 5d c3 66 0f 1f 44 00 00 f0 83 04 24 00 48
0x00007f2433555b2e:   8b 83 50 04 00 00 a8 01 0f 84 69 ff ff ff 31 d2
0x00007f2433555b3e:   be 01 00 00 00 48 89 df e8 b5 d8 06 00 8b 83 48
0x00007f2433555b4e:   04 00 00 a8 0c 0f 84 5a ff ff ff 48 89 df e8 9f
0x00007f2433555b5e:   a7 bd ff e9 4d ff ff ff 66 2e 0f 1f 84 00 00 00
0x00007f2433555b6e:   00 00 48 89 df e8 88 a7 bd ff e9 be fe ff ff 0f
0x00007f2433555b7e:   1f 00 31 d2 be 01 00 00 00 48 89 df e8 71 d8 06
0x00007f2433555b8e:   00 e9 99 fe ff ff 0f 1f 40 00 48 89 df e8 d0 96
0x00007f2433555b9e:   bd ff e9 5d fe ff ff 48 8d 05 c4 13 7a 00 48 8d
0x00007f2433555bae:   0d 47 ca 3e 00 48 8d 15 56 ca 3e 00 be 35 01 00
0x00007f2433555bbe:   00 48 8d 3d 32 6f 44 00 48 8b 00 c6 00 58 31 c0
0x00007f2433555bce:   e8 fd 97 96 ff 66 66 66 66 2e 0f 1f 84 00 00 00
0x00007f2433555bde:   00 00 0f 1f 44 00 00 00 00 00 00 00 00 00 00 00
0x00007f2433555bee:   00 00 4c 8b 47 38 4d 85 c0 74 27 55 48 89 e5 53
0x00007f2433555bfe:   48 83 ec 08 49 8b 00 48 8b 5f 28 4c 89 c7 ff 10
0x00007f2433555c0e:   48 89 03 48 8b 5d f8 c9 c3 66 0f 1f 84 00 00 00
0x00007f2433555c1e:   00 00 c3 90 66 66 2e 0f 1f 84 00 00 00 00 00 0f
0x00007f2433555c2e:   1f 00 55 48 8d 05 e0 5c 79 00 66 41 0f 6e c0 66
0x00007f2433555c3e:   0f 6e c9 66 0f 62 c1 48 89 e5 41 57 49 89 d7 41
0x00007f2433555c4e:   56 41 55 4c 63 ee 41 54 53 48 89 fb 48 83 ec 18
0x00007f2433555c5e:   48 89 07 48 8d 05 d8 f8 7a 00 48 c7 47 08 00 00
0x00007f2433555c6e:   00 00 4e 8b 34 e8 c6 47 18 00 48 c7 47 28 00 00
0x00007f2433555c7e:   00 00 66 0f d6 47 10 48 89 d7 e8 63 dc 54 ff 4c
0x00007f2433555c8e:   89 f7 48 89 45 c8 e8 57 dc 54 ff 48 8b 55 c8 be
0x00007f2433555c9e:   09 00 00 00 4c 8d 4c 02 02 31 d2 4c 89 cf 4c 89
0x00007f2433555cae:   4d c8 e8 3b cb 6d ff 41 83 fd 18 4c 8b 4d c8 48
0x00007f2433555cbe:   89 43 08 48 89 c7 74 5a 48 8d 15 4b 13 3d 00 4d
0x00007f2433555cce:   89 f8 4c 89 f1 4c 89 ce 31 c0 4d 89 ec e8 10 ac
0x00007f2433555cde:   fa ff 49 69 c5 56 55 55 55 44 89 ea c1 fa 1f 48
0x00007f2433555cee:   c1 e8 20 29 d0 8d 04 40 41 29 c4 41 83 fc 01 77
0x00007f2433555cfe:   5d b8 01 00 00 00 89 43 1c 48 83 c4 18 5b 41 5c 


Stack slot to memory mapping:

stack at sp + 0 slots: 0x00007f241827ad60 points into unknown readable memory: 0x00007f241827adb0 | b0 ad 27 18 24 7f 00 00
stack at sp + 1 slots: 0x0000000000000001 is an unknown value
stack at sp + 2 slots: 0x00007f241827ad60 points into unknown readable memory: 0x00007f241827adb0 | b0 ad 27 18 24 7f 00 00
stack at sp + 3 slots: 0x00007f2433699052: <offset 0x0000000000e99052> in /home/yusen/.vscode/extensions/ltex-plus.vscode-ltex-plus-15.7.1/lib/ltex-ls-plus-18.7.0/jdk-21.0.10+7/lib/server/libjvm.so at 0x00007f2432800000
stack at sp + 4 slots: 0x0000000000000032 is an unknown value
stack at sp + 5 slots: 0x0000000000000032 is an unknown value
stack at sp + 6 slots: 0x00007f241827adb0 points into unknown readable memory: 0x00007f241827ae10 | 10 ae 27 18 24 7f 00 00
stack at sp + 7 slots: 0x00007f243374d0fd: <offset 0x0000000000f4d0fd> in /home/yusen/.vscode/extensions/ltex-plus.vscode-ltex-plus-15.7.1/lib/ltex-ls-plus-18.7.0/jdk-21.0.10+7/lib/server/libjvm.so at 0x00007f2432800000


---------------  P R O C E S S  ---------------

Threads class SMR info:
_java_thread_list=0x00007f242c0e8d70, length=13, elements={
0x00007f242c032c60, 0x00007f242c1da8b0, 0x00007f242c1db750, 0x00007f242c1dd050,
0x00007f242c1de5c0, 0x00007f242c1e8190, 0x00007f242c1e96d0, 0x00007f242c1ead90,
0x00007f242c270900, 0x00007f242c277760, 0x00007f242ce7a3a0, 0x00007f242ce49ef0,
0x00007f23c404c4a0
}

Java Threads: ( => current thread )
  0x00007f242c032c60 JavaThread "main"                              [_thread_blocked, id=1199426, stack(0x00007f2432700000,0x00007f2432800000) (1024K)]
  0x00007f242c1da8b0 JavaThread "Reference Handler"          daemon [_thread_blocked, id=1199441, stack(0x00007f2409f00000,0x00007f240a000000) (1024K)]
  0x00007f242c1db750 JavaThread "Finalizer"                  daemon [_thread_blocked, id=1199443, stack(0x00007f2409b00000,0x00007f2409c00000) (1024K)]
  0x00007f242c1dd050 JavaThread "Signal Dispatcher"          daemon [_thread_blocked, id=1199445, stack(0x00007f24099ff000,0x00007f2409aff000) (1024K)]
  0x00007f242c1de5c0 JavaThread "Service Thread"             daemon [_thread_blocked, id=1199447, stack(0x00007f24098fe000,0x00007f24099fe000) (1024K)]
  0x00007f242c1e8190 JavaThread "Monitor Deflation Thread"   daemon [_thread_blocked, id=1199449, stack(0x00007f24097fd000,0x00007f24098fd000) (1024K)]
  0x00007f242c1e96d0 JavaThread "C2 CompilerThread0"         daemon [_thread_blocked, id=1199451, stack(0x00007f24096fc000,0x00007f24097fc000) (1024K)]
  0x00007f242c1ead90 JavaThread "C1 CompilerThread0"         daemon [_thread_blocked, id=1199453, stack(0x00007f24095fb000,0x00007f24096fb000) (1024K)]
  0x00007f242c270900 JavaThread "Notification Thread"        daemon [_thread_blocked, id=1199458, stack(0x00007f2409228000,0x00007f2409328000) (1024K)]
  0x00007f242c277760 JavaThread "Common-Cleaner"             daemon [_thread_blocked, id=1199460, stack(0x00007f2409127000,0x00007f2409227000) (1024K)]
  0x00007f242ce7a3a0 JavaThread "ltex-fragment-cache-sweeper" daemon [_thread_blocked, id=1199728, stack(0x00007f2409026000,0x00007f2409126000) (1024K)]
  0x00007f242ce49ef0 JavaThread "pool-2-thread-1"                   [_thread_in_native, id=1199730, stack(0x00007f2408d00000,0x00007f2408e00000) (1024K)]
  0x00007f23c404c4a0 JavaThread "pool-1-thread-1"                   [_thread_blocked, id=1199731, stack(0x00007f238fbfd000,0x00007f238fcfd000) (1024K)]
Total: 13

Other Threads:
  0x00007f242c10dc40 VMThread "VM Thread"                           [id=1199439, stack(0x00007f241807b000,0x00007f241817b000) (1024K)]
=>0x00007f242c1025d0 WatcherThread "VM Periodic Task Thread"        [id=1199438, stack(0x00007f241817c000,0x00007f241827c000) (1024K)]
  0x00007f242c06c230 WorkerThread "GC Thread#0"                     [id=1199428, stack(0x00007f2430e3b000,0x00007f2430f3b000) (1024K)]
  0x00007f23f00089f0 WorkerThread "GC Thread#1"                     [id=1199481, stack(0x00007f2408bff000,0x00007f2408cff000) (1024K)]
  0x00007f23f0011ba0 WorkerThread "GC Thread#2"                     [id=1199482, stack(0x00007f2408afe000,0x00007f2408bfe000) (1024K)]
  0x00007f23f0012640 WorkerThread "GC Thread#3"                     [id=1199483, stack(0x00007f24089fd000,0x00007f2408afd000) (1024K)]
  0x00007f23f0013130 WorkerThread "GC Thread#4"                     [id=1199484, stack(0x00007f24088fc000,0x00007f24089fc000) (1024K)]
  0x00007f23f0013c20 WorkerThread "GC Thread#5"                     [id=1199485, stack(0x00007f24087fb000,0x00007f24088fb000) (1024K)]
  0x00007f23f0011050 WorkerThread "GC Thread#6"                     [id=1199526, stack(0x00007f24086fa000,0x00007f24087fa000) (1024K)]
  0x00007f23f000b4a0 WorkerThread "GC Thread#7"                     [id=1199527, stack(0x00007f24085f9000,0x00007f24086f9000) (1024K)]
  0x00007f23f000bf90 WorkerThread "GC Thread#8"                     [id=1199528, stack(0x00007f24084f8000,0x00007f24085f8000) (1024K)]
  0x00007f23f0016b50 WorkerThread "GC Thread#9"                     [id=1199529, stack(0x00007f24083f7000,0x00007f24084f7000) (1024K)]
  0x00007f23f0017600 WorkerThread "GC Thread#10"                    [id=1199530, stack(0x00007f24082f6000,0x00007f24083f6000) (1024K)]
  0x00007f23f00180f0 WorkerThread "GC Thread#11"                    [id=1199531, stack(0x00007f24081f5000,0x00007f24082f5000) (1024K)]
  0x00007f23f0010790 WorkerThread "GC Thread#12"                    [id=1199560, stack(0x00007f238fcfe000,0x00007f238fdfe000) (1024K)]
  0x00007f242c07d7a0 ConcurrentGCThread "G1 Main Marker"            [id=1199430, stack(0x00007f2430d3a000,0x00007f2430e3a000) (1024K)]
  0x00007f242c07e670 WorkerThread "G1 Conc#0"                       [id=1199432, stack(0x00007f2430c39000,0x00007f2430d39000) (1024K)]
  0x00007f240c000d00 WorkerThread "G1 Conc#1"                       [id=1199532, stack(0x00007f24080f4000,0x00007f24081f4000) (1024K)]
  0x00007f240c001830 WorkerThread "G1 Conc#2"                       [id=1199533, stack(0x00007f238ff00000,0x00007f2390000000) (1024K)]
  0x00007f242c0f0de0 ConcurrentGCThread "G1 Refine#0"               [id=1199434, stack(0x00007f24183ff000,0x00007f24184ff000) (1024K)]
  0x00007f242c0f1cd0 ConcurrentGCThread "G1 Service"                [id=1199436, stack(0x00007f24182fe000,0x00007f24183fe000) (1024K)]
Total: 21

Threads with active compile tasks:
Total: 0

VM state: not at safepoint (normal execution)

VM Mutex/Monitor currently owned by a thread:  ([mutex/lock_event])
[0x00007f2433d54e58] PeriodicTask_lock - owner thread: 0x00007f242c1025d0

Heap address: 0x0000000080000000, size: 2048 MB, Compressed Oops mode: 32-bit

CDS archive(s) not mapped
Compressed class space mapped at: 0x0000000100000000-0x0000000140000000, reserved size: 1073741824
Narrow klass base: 0x0000000000000000, Narrow klass shift: 3, Narrow klass range: 0x140000000

GC Precious Log:
 CardTable entry size: 512
 Card Set container configuration: InlinePtr #cards 5 size 8 Array Of Cards #cards 12 size 40 Howl #buckets 4 coarsen threshold 1843 Howl Bitmap #cards 512 size 80 coarsen threshold 460 Card regions per heap region 1 cards per card region 2048
 CPUs: 16 total, 16 available
 Memory: 15716M
 Large Page Support: Disabled
 NUMA Support: Disabled
 Compressed Oops: Enabled (32-bit)
 Heap Region Size: 1M
 Heap Min Capacity: 64M
 Heap Initial Capacity: 64M
 Heap Max Capacity: 2G
 Pre-touch: Disabled
 Parallel Workers: 13
 Concurrent Workers: 3
 Concurrent Refinement Workers: 13
 Periodic GC: Disabled

Heap:
 garbage-first heap   total 873472K, used 781800K [0x0000000080000000, 0x0000000100000000)
  region size 1024K, 313 young (320512K), 22 survivors (22528K)
 Metaspace       used 37124K, committed 37568K, reserved 1114112K
  class space    used 3796K, committed 4032K, reserved 1048576K

Heap Regions: E=young(eden), S=young(survivor), O=old, HS=humongous(starts), HC=humongous(continues), CS=collection set, F=free, TAMS=top-at-mark-start, PB=parsable bottom
|   0|0x0000000080000000, 0x0000000080100000, 0x0000000080100000|100%| O|  |TAMS 0x0000000080000000| PB 0x0000000080000000| Untracked 
|   1|0x0000000080100000, 0x0000000080200000, 0x0000000080200000|100%| O|  |TAMS 0x0000000080100000| PB 0x0000000080100000| Untracked 
|   2|0x0000000080200000, 0x0000000080300000, 0x0000000080300000|100%| O|  |TAMS 0x0000000080200000| PB 0x0000000080200000| Untracked 
|   3|0x0000000080300000, 0x0000000080400000, 0x0000000080400000|100%| O|  |TAMS 0x0000000080300000| PB 0x0000000080300000| Untracked 
|   4|0x0000000080400000, 0x0000000080500000, 0x0000000080500000|100%| O|  |TAMS 0x0000000080400000| PB 0x0000000080400000| Untracked 
|   5|0x0000000080500000, 0x0000000080600000, 0x0000000080600000|100%| O|  |TAMS 0x0000000080500000| PB 0x0000000080500000| Untracked 
|   6|0x0000000080600000, 0x0000000080700000, 0x0000000080700000|100%| O|  |TAMS 0x0000000080600000| PB 0x0000000080600000| Untracked 
|   7|0x0000000080700000, 0x0000000080800000, 0x0000000080800000|100%| O|  |TAMS 0x0000000080700000| PB 0x0000000080700000| Untracked 
|   8|0x0000000080800000, 0x0000000080900000, 0x0000000080900000|100%|HS|  |TAMS 0x0000000080800000| PB 0x0000000080800000| Complete 
|   9|0x0000000080900000, 0x0000000080a00000, 0x0000000080a00000|100%| O|  |TAMS 0x0000000080900000| PB 0x0000000080900000| Untracked 
|  10|0x0000000080a00000, 0x0000000080b00000, 0x0000000080b00000|100%| O|  |TAMS 0x0000000080a00000| PB 0x0000000080a00000| Untracked 
|  11|0x0000000080b00000, 0x0000000080c00000, 0x0000000080c00000|100%| O|  |TAMS 0x0000000080b00000| PB 0x0000000080b00000| Untracked 
|  12|0x0000000080c00000, 0x0000000080d00000, 0x0000000080d00000|100%| O|  |TAMS 0x0000000080c00000| PB 0x0000000080c00000| Untracked 
|  13|0x0000000080d00000, 0x0000000080e00000, 0x0000000080e00000|100%| O|  |TAMS 0x0000000080d00000| PB 0x0000000080d00000| Untracked 
|  14|0x0000000080e00000, 0x0000000080f00000, 0x0000000080f00000|100%| O|  |TAMS 0x0000000080e00000| PB 0x0000000080e00000| Untracked 
|  15|0x0000000080f00000, 0x0000000081000000, 0x0000000081000000|100%| O|  |TAMS 0x0000000080f00000| PB 0x0000000080f00000| Untracked 
|  16|0x0000000081000000, 0x0000000081100000, 0x0000000081100000|100%| O|  |TAMS 0x0000000081000000| PB 0x0000000081000000| Untracked 
|  17|0x0000000081100000, 0x0000000081200000, 0x0000000081200000|100%| O|  |TAMS 0x0000000081100000| PB 0x0000000081100000| Untracked 
|  18|0x0000000081200000, 0x0000000081300000, 0x0000000081300000|100%| O|  |TAMS 0x0000000081200000| PB 0x0000000081200000| Untracked 
|  19|0x0000000081300000, 0x0000000081400000, 0x0000000081400000|100%| O|  |TAMS 0x0000000081300000| PB 0x0000000081300000| Untracked 
|  20|0x0000000081400000, 0x0000000081500000, 0x0000000081500000|100%| O|  |TAMS 0x0000000081400000| PB 0x0000000081400000| Untracked 
|  21|0x0000000081500000, 0x0000000081600000, 0x0000000081600000|100%| O|  |TAMS 0x0000000081500000| PB 0x0000000081500000| Untracked 
|  22|0x0000000081600000, 0x0000000081700000, 0x0000000081700000|100%| O|  |TAMS 0x0000000081600000| PB 0x0000000081600000| Untracked 
|  23|0x0000000081700000, 0x0000000081800000, 0x0000000081800000|100%| O|  |TAMS 0x0000000081700000| PB 0x0000000081700000| Untracked 
|  24|0x0000000081800000, 0x0000000081900000, 0x0000000081900000|100%| O|  |TAMS 0x0000000081800000| PB 0x0000000081800000| Untracked 
|  25|0x0000000081900000, 0x0000000081a00000, 0x0000000081a00000|100%|HS|  |TAMS 0x0000000081900000| PB 0x0000000081900000| Complete 
|  26|0x0000000081a00000, 0x0000000081b00000, 0x0000000081b00000|100%| O|  |TAMS 0x0000000081a00000| PB 0x0000000081a00000| Untracked 
|  27|0x0000000081b00000, 0x0000000081c00000, 0x0000000081c00000|100%| O|  |TAMS 0x0000000081b00000| PB 0x0000000081b00000| Untracked 
|  28|0x0000000081c00000, 0x0000000081d00000, 0x0000000081d00000|100%| O|  |TAMS 0x0000000081c00000| PB 0x0000000081c00000| Untracked 
|  29|0x0000000081d00000, 0x0000000081e00000, 0x0000000081e00000|100%| O|  |TAMS 0x0000000081d00000| PB 0x0000000081d00000| Untracked 
|  30|0x0000000081e00000, 0x0000000081f00000, 0x0000000081f00000|100%| O|  |TAMS 0x0000000081e00000| PB 0x0000000081e00000| Untracked 
|  31|0x0000000081f00000, 0x0000000082000000, 0x0000000082000000|100%| O|  |TAMS 0x0000000081f00000| PB 0x0000000081f00000| Untracked 
|  32|0x0000000082000000, 0x0000000082100000, 0x0000000082100000|100%| O|  |TAMS 0x0000000082000000| PB 0x0000000082000000| Untracked 
|  33|0x0000000082100000, 0x0000000082200000, 0x0000000082200000|100%| O|  |TAMS 0x0000000082100000| PB 0x0000000082100000| Untracked 
|  34|0x0000000082200000, 0x0000000082300000, 0x0000000082300000|100%| O|  |TAMS 0x0000000082200000| PB 0x0000000082200000| Untracked 
|  35|0x0000000082300000, 0x0000000082400000, 0x0000000082400000|100%| O|  |TAMS 0x0000000082300000| PB 0x0000000082300000| Untracked 
|  36|0x0000000082400000, 0x0000000082500000, 0x0000000082500000|100%| O|  |TAMS 0x0000000082400000| PB 0x0000000082400000| Untracked 
|  37|0x0000000082500000, 0x0000000082600000, 0x0000000082600000|100%|HS|  |TAMS 0x0000000082500000| PB 0x0000000082500000| Complete 
|  38|0x0000000082600000, 0x0000000082700000, 0x0000000082700000|100%| O|  |TAMS 0x0000000082600000| PB 0x0000000082600000| Untracked 
|  39|0x0000000082700000, 0x0000000082800000, 0x0000000082800000|100%| O|  |TAMS 0x0000000082700000| PB 0x0000000082700000| Untracked 
|  40|0x0000000082800000, 0x0000000082900000, 0x0000000082900000|100%| O|  |TAMS 0x0000000082800000| PB 0x0000000082800000| Untracked 
|  41|0x0000000082900000, 0x0000000082a00000, 0x0000000082a00000|100%| O|  |TAMS 0x0000000082900000| PB 0x0000000082900000| Untracked 
|  42|0x0000000082a00000, 0x0000000082b00000, 0x0000000082b00000|100%| O|  |TAMS 0x0000000082a00000| PB 0x0000000082a00000| Untracked 
|  43|0x0000000082b00000, 0x0000000082c00000, 0x0000000082c00000|100%| O|  |TAMS 0x0000000082b00000| PB 0x0000000082b00000| Untracked 
|  44|0x0000000082c00000, 0x0000000082d00000, 0x0000000082d00000|100%| O|  |TAMS 0x0000000082c00000| PB 0x0000000082c00000| Untracked 
|  45|0x0000000082d00000, 0x0000000082e00000, 0x0000000082e00000|100%| O|  |TAMS 0x0000000082d00000| PB 0x0000000082d00000| Untracked 
|  46|0x0000000082e00000, 0x0000000082f00000, 0x0000000082f00000|100%| O|  |TAMS 0x0000000082e00000| PB 0x0000000082e00000| Untracked 
|  47|0x0000000082f00000, 0x0000000083000000, 0x0000000083000000|100%| O|  |TAMS 0x0000000082f00000| PB 0x0000000082f00000| Untracked 
|  48|0x0000000083000000, 0x0000000083100000, 0x0000000083100000|100%|HS|  |TAMS 0x0000000083000000| PB 0x0000000083000000| Complete 
|  49|0x0000000083100000, 0x0000000083200000, 0x0000000083200000|100%|HC|  |TAMS 0x0000000083100000| PB 0x0000000083100000| Complete 
|  50|0x0000000083200000, 0x0000000083300000, 0x0000000083300000|100%|HC|  |TAMS 0x0000000083200000| PB 0x0000000083200000| Complete 
|  51|0x0000000083300000, 0x0000000083400000, 0x0000000083400000|100%| O|  |TAMS 0x0000000083300000| PB 0x0000000083300000| Untracked 
|  52|0x0000000083400000, 0x0000000083500000, 0x0000000083500000|100%| O|  |TAMS 0x0000000083400000| PB 0x0000000083400000| Untracked 
|  53|0x0000000083500000, 0x0000000083600000, 0x0000000083600000|100%| O|  |TAMS 0x0000000083500000| PB 0x0000000083500000| Untracked 
|  54|0x0000000083600000, 0x0000000083700000, 0x0000000083700000|100%| O|  |TAMS 0x0000000083600000| PB 0x0000000083600000| Untracked 
|  55|0x0000000083700000, 0x0000000083800000, 0x0000000083800000|100%| O|  |TAMS 0x0000000083700000| PB 0x0000000083700000| Untracked 
|  56|0x0000000083800000, 0x0000000083900000, 0x0000000083900000|100%| O|  |TAMS 0x0000000083800000| PB 0x0000000083800000| Untracked 
|  57|0x0000000083900000, 0x0000000083a00000, 0x0000000083a00000|100%| O|  |TAMS 0x0000000083900000| PB 0x0000000083900000| Untracked 
|  58|0x0000000083a00000, 0x0000000083b00000, 0x0000000083b00000|100%| O|  |TAMS 0x0000000083a00000| PB 0x0000000083a00000| Untracked 
|  59|0x0000000083b00000, 0x0000000083c00000, 0x0000000083c00000|100%| O|  |TAMS 0x0000000083b00000| PB 0x0000000083b00000| Untracked 
|  60|0x0000000083c00000, 0x0000000083d00000, 0x0000000083d00000|100%| O|  |TAMS 0x0000000083c00000| PB 0x0000000083c00000| Untracked 
|  61|0x0000000083d00000, 0x0000000083e00000, 0x0000000083e00000|100%| O|  |TAMS 0x0000000083d00000| PB 0x0000000083d00000| Untracked 
|  62|0x0000000083e00000, 0x0000000083f00000, 0x0000000083f00000|100%| O|  |TAMS 0x0000000083e00000| PB 0x0000000083e00000| Untracked 
|  63|0x0000000083f00000, 0x0000000084000000, 0x0000000084000000|100%| O|  |TAMS 0x0000000083f00000| PB 0x0000000083f00000| Untracked 
|  64|0x0000000084000000, 0x0000000084100000, 0x0000000084100000|100%| O|  |TAMS 0x0000000084000000| PB 0x0000000084000000| Untracked 
|  65|0x0000000084100000, 0x0000000084200000, 0x0000000084200000|100%| O|  |TAMS 0x0000000084100000| PB 0x0000000084100000| Untracked 
|  66|0x0000000084200000, 0x0000000084300000, 0x0000000084300000|100%| O|  |TAMS 0x0000000084200000| PB 0x0000000084200000| Untracked 
|  67|0x0000000084300000, 0x0000000084400000, 0x0000000084400000|100%| O|  |TAMS 0x0000000084300000| PB 0x0000000084300000| Untracked 
|  68|0x0000000084400000, 0x0000000084500000, 0x0000000084500000|100%| O|  |TAMS 0x0000000084400000| PB 0x0000000084400000| Untracked 
|  69|0x0000000084500000, 0x0000000084600000, 0x0000000084600000|100%| O|  |TAMS 0x0000000084500000| PB 0x0000000084500000| Untracked 
|  70|0x0000000084600000, 0x0000000084700000, 0x0000000084700000|100%| O|  |TAMS 0x0000000084600000| PB 0x0000000084600000| Untracked 
|  71|0x0000000084700000, 0x0000000084800000, 0x0000000084800000|100%| O|  |TAMS 0x0000000084700000| PB 0x0000000084700000| Untracked 
|  72|0x0000000084800000, 0x0000000084900000, 0x0000000084900000|100%|HS|  |TAMS 0x0000000084800000| PB 0x0000000084800000| Complete 
|  73|0x0000000084900000, 0x0000000084a00000, 0x0000000084a00000|100%| O|  |TAMS 0x0000000084900000| PB 0x0000000084900000| Untracked 
|  74|0x0000000084a00000, 0x0000000084b00000, 0x0000000084b00000|100%| O|  |TAMS 0x0000000084a00000| PB 0x0000000084a00000| Untracked 
|  75|0x0000000084b00000, 0x0000000084c00000, 0x0000000084c00000|100%| O|  |TAMS 0x0000000084b00000| PB 0x0000000084b00000| Untracked 
|  76|0x0000000084c00000, 0x0000000084d00000, 0x0000000084d00000|100%| O|  |TAMS 0x0000000084c00000| PB 0x0000000084c00000| Untracked 
|  77|0x0000000084d00000, 0x0000000084e00000, 0x0000000084e00000|100%| O|  |TAMS 0x0000000084d00000| PB 0x0000000084d00000| Untracked 
|  78|0x0000000084e00000, 0x0000000084f00000, 0x0000000084f00000|100%| O|  |TAMS 0x0000000084e00000| PB 0x0000000084e00000| Untracked 
|  79|0x0000000084f00000, 0x0000000085000000, 0x0000000085000000|100%| O|  |TAMS 0x0000000084f00000| PB 0x0000000084f00000| Untracked 
|  80|0x0000000085000000, 0x0000000085100000, 0x0000000085100000|100%| O|  |TAMS 0x0000000085000000| PB 0x0000000085000000| Untracked 
|  81|0x0000000085100000, 0x0000000085200000, 0x0000000085200000|100%| O|  |TAMS 0x0000000085100000| PB 0x0000000085100000| Untracked 
|  82|0x0000000085200000, 0x0000000085300000, 0x0000000085300000|100%| O|  |TAMS 0x0000000085200000| PB 0x0000000085200000| Untracked 
|  83|0x0000000085300000, 0x0000000085400000, 0x0000000085400000|100%| O|  |TAMS 0x0000000085300000| PB 0x0000000085300000| Untracked 
|  84|0x0000000085400000, 0x0000000085500000, 0x0000000085500000|100%| O|  |TAMS 0x0000000085400000| PB 0x0000000085400000| Untracked 
|  85|0x0000000085500000, 0x0000000085600000, 0x0000000085600000|100%| O|  |TAMS 0x0000000085500000| PB 0x0000000085500000| Untracked 
|  86|0x0000000085600000, 0x0000000085700000, 0x0000000085700000|100%| O|  |TAMS 0x0000000085600000| PB 0x0000000085600000| Untracked 
|  87|0x0000000085700000, 0x0000000085800000, 0x0000000085800000|100%| O|  |TAMS 0x0000000085700000| PB 0x0000000085700000| Untracked 
|  88|0x0000000085800000, 0x0000000085900000, 0x0000000085900000|100%| O|  |TAMS 0x0000000085800000| PB 0x0000000085800000| Untracked 
|  89|0x0000000085900000, 0x0000000085a00000, 0x0000000085a00000|100%| O|  |TAMS 0x0000000085900000| PB 0x0000000085900000| Untracked 
|  90|0x0000000085a00000, 0x0000000085b00000, 0x0000000085b00000|100%| O|  |TAMS 0x0000000085a00000| PB 0x0000000085a00000| Untracked 
|  91|0x0000000085b00000, 0x0000000085c00000, 0x0000000085c00000|100%| O|  |TAMS 0x0000000085b00000| PB 0x0000000085b00000| Untracked 
|  92|0x0000000085c00000, 0x0000000085d00000, 0x0000000085d00000|100%| O|  |TAMS 0x0000000085c00000| PB 0x0000000085c00000| Untracked 
|  93|0x0000000085d00000, 0x0000000085e00000, 0x0000000085e00000|100%| O|  |TAMS 0x0000000085d00000| PB 0x0000000085d00000| Untracked 
|  94|0x0000000085e00000, 0x0000000085f00000, 0x0000000085f00000|100%| O|  |TAMS 0x0000000085e00000| PB 0x0000000085e00000| Untracked 
|  95|0x0000000085f00000, 0x0000000086000000, 0x0000000086000000|100%| O|  |TAMS 0x0000000085f00000| PB 0x0000000085f00000| Untracked 
|  96|0x0000000086000000, 0x0000000086100000, 0x0000000086100000|100%| O|  |TAMS 0x0000000086000000| PB 0x0000000086000000| Untracked 
|  97|0x0000000086100000, 0x0000000086200000, 0x0000000086200000|100%| O|  |TAMS 0x0000000086100000| PB 0x0000000086100000| Untracked 
|  98|0x0000000086200000, 0x0000000086300000, 0x0000000086300000|100%| O|  |TAMS 0x0000000086200000| PB 0x0000000086200000| Untracked 
|  99|0x0000000086300000, 0x0000000086400000, 0x0000000086400000|100%| O|  |TAMS 0x0000000086300000| PB 0x0000000086300000| Untracked 
| 100|0x0000000086400000, 0x0000000086500000, 0x0000000086500000|100%| O|  |TAMS 0x0000000086400000| PB 0x0000000086400000| Untracked 
| 101|0x0000000086500000, 0x0000000086600000, 0x0000000086600000|100%| O|  |TAMS 0x0000000086500000| PB 0x0000000086500000| Untracked 
| 102|0x0000000086600000, 0x0000000086700000, 0x0000000086700000|100%| O|  |TAMS 0x0000000086600000| PB 0x0000000086600000| Untracked 
| 103|0x0000000086700000, 0x0000000086800000, 0x0000000086800000|100%| O|  |TAMS 0x0000000086700000| PB 0x0000000086700000| Untracked 
| 104|0x0000000086800000, 0x0000000086900000, 0x0000000086900000|100%| O|  |TAMS 0x0000000086800000| PB 0x0000000086800000| Untracked 
| 105|0x0000000086900000, 0x0000000086a00000, 0x0000000086a00000|100%| O|  |TAMS 0x0000000086900000| PB 0x0000000086900000| Untracked 
| 106|0x0000000086a00000, 0x0000000086b00000, 0x0000000086b00000|100%| O|  |TAMS 0x0000000086a00000| PB 0x0000000086a00000| Untracked 
| 107|0x0000000086b00000, 0x0000000086c00000, 0x0000000086c00000|100%| O|  |TAMS 0x0000000086b00000| PB 0x0000000086b00000| Untracked 
| 108|0x0000000086c00000, 0x0000000086d00000, 0x0000000086d00000|100%| O|  |TAMS 0x0000000086c00000| PB 0x0000000086c00000| Untracked 
| 109|0x0000000086d00000, 0x0000000086e00000, 0x0000000086e00000|100%| O|  |TAMS 0x0000000086d00000| PB 0x0000000086d00000| Untracked 
| 110|0x0000000086e00000, 0x0000000086f00000, 0x0000000086f00000|100%| O|  |TAMS 0x0000000086e00000| PB 0x0000000086e00000| Untracked 
| 111|0x0000000086f00000, 0x0000000087000000, 0x0000000087000000|100%| O|  |TAMS 0x0000000086f00000| PB 0x0000000086f00000| Untracked 
| 112|0x0000000087000000, 0x0000000087100000, 0x0000000087100000|100%| O|  |TAMS 0x0000000087000000| PB 0x0000000087000000| Untracked 
| 113|0x0000000087100000, 0x0000000087200000, 0x0000000087200000|100%| O|  |TAMS 0x0000000087100000| PB 0x0000000087100000| Untracked 
| 114|0x0000000087200000, 0x0000000087300000, 0x0000000087300000|100%| O|  |TAMS 0x0000000087200000| PB 0x0000000087200000| Untracked 
| 115|0x0000000087300000, 0x0000000087400000, 0x0000000087400000|100%| O|  |TAMS 0x0000000087300000| PB 0x0000000087300000| Untracked 
| 116|0x0000000087400000, 0x0000000087500000, 0x0000000087500000|100%| O|  |TAMS 0x0000000087400000| PB 0x0000000087400000| Untracked 
| 117|0x0000000087500000, 0x0000000087600000, 0x0000000087600000|100%| O|  |TAMS 0x0000000087500000| PB 0x0000000087500000| Untracked 
| 118|0x0000000087600000, 0x0000000087700000, 0x0000000087700000|100%| O|  |TAMS 0x0000000087600000| PB 0x0000000087600000| Untracked 
| 119|0x0000000087700000, 0x0000000087700000, 0x0000000087800000|  0%| F|  |TAMS 0x0000000087700000| PB 0x0000000087700000| Untracked 
| 120|0x0000000087800000, 0x0000000087900000, 0x0000000087900000|100%| O|  |TAMS 0x0000000087800000| PB 0x0000000087800000| Untracked 
| 121|0x0000000087900000, 0x0000000087a00000, 0x0000000087a00000|100%| O|  |TAMS 0x0000000087900000| PB 0x0000000087900000| Untracked 
| 122|0x0000000087a00000, 0x0000000087b00000, 0x0000000087b00000|100%| O|  |TAMS 0x0000000087a00000| PB 0x0000000087a00000| Untracked 
| 123|0x0000000087b00000, 0x0000000087c00000, 0x0000000087c00000|100%| O|  |TAMS 0x0000000087b00000| PB 0x0000000087b00000| Untracked 
| 124|0x0000000087c00000, 0x0000000087d00000, 0x0000000087d00000|100%| O|  |TAMS 0x0000000087c00000| PB 0x0000000087c00000| Untracked 
| 125|0x0000000087d00000, 0x0000000087e00000, 0x0000000087e00000|100%| O|  |TAMS 0x0000000087d00000| PB 0x0000000087d00000| Untracked 
| 126|0x0000000087e00000, 0x0000000087f00000, 0x0000000087f00000|100%|HS|  |TAMS 0x0000000087e00000| PB 0x0000000087e00000| Complete 
| 127|0x0000000087f00000, 0x0000000088000000, 0x0000000088000000|100%|HC|  |TAMS 0x0000000087f00000| PB 0x0000000087f00000| Complete 
| 128|0x0000000088000000, 0x0000000088100000, 0x0000000088100000|100%|HS|  |TAMS 0x0000000088000000| PB 0x0000000088000000| Complete 
| 129|0x0000000088100000, 0x0000000088200000, 0x0000000088200000|100%|HS|  |TAMS 0x0000000088100000| PB 0x0000000088100000| Complete 
| 130|0x0000000088200000, 0x0000000088300000, 0x0000000088300000|100%|HS|  |TAMS 0x0000000088200000| PB 0x0000000088200000| Complete 
| 131|0x0000000088300000, 0x0000000088400000, 0x0000000088400000|100%|HS|  |TAMS 0x0000000088300000| PB 0x0000000088300000| Complete 
| 132|0x0000000088400000, 0x0000000088500000, 0x0000000088500000|100%|HS|  |TAMS 0x0000000088400000| PB 0x0000000088400000| Complete 
| 133|0x0000000088500000, 0x0000000088600000, 0x0000000088600000|100%| O|  |TAMS 0x0000000088500000| PB 0x0000000088500000| Untracked 
| 134|0x0000000088600000, 0x0000000088700000, 0x0000000088700000|100%| O|  |TAMS 0x0000000088600000| PB 0x0000000088600000| Untracked 
| 135|0x0000000088700000, 0x0000000088800000, 0x0000000088800000|100%| O|  |TAMS 0x0000000088700000| PB 0x0000000088700000| Untracked 
| 136|0x0000000088800000, 0x0000000088900000, 0x0000000088900000|100%| O|  |TAMS 0x0000000088800000| PB 0x0000000088800000| Untracked 
| 137|0x0000000088900000, 0x0000000088a00000, 0x0000000088a00000|100%| O|  |TAMS 0x0000000088900000| PB 0x0000000088900000| Untracked 
| 138|0x0000000088a00000, 0x0000000088b00000, 0x0000000088b00000|100%| O|  |TAMS 0x0000000088a00000| PB 0x0000000088a00000| Untracked 
| 139|0x0000000088b00000, 0x0000000088c00000, 0x0000000088c00000|100%|HS|  |TAMS 0x0000000088b00000| PB 0x0000000088b00000| Complete 
| 140|0x0000000088c00000, 0x0000000088d00000, 0x0000000088d00000|100%|HC|  |TAMS 0x0000000088c00000| PB 0x0000000088c00000| Complete 
| 141|0x0000000088d00000, 0x0000000088e00000, 0x0000000088e00000|100%| O|  |TAMS 0x0000000088d00000| PB 0x0000000088d00000| Untracked 
| 142|0x0000000088e00000, 0x0000000088f00000, 0x0000000088f00000|100%| O|  |TAMS 0x0000000088e00000| PB 0x0000000088e00000| Untracked 
| 143|0x0000000088f00000, 0x0000000089000000, 0x0000000089000000|100%| O|  |TAMS 0x0000000088f00000| PB 0x0000000088f00000| Untracked 
| 144|0x0000000089000000, 0x0000000089100000, 0x0000000089100000|100%| O|  |TAMS 0x0000000089000000| PB 0x0000000089000000| Untracked 
| 145|0x0000000089100000, 0x0000000089200000, 0x0000000089200000|100%| O|  |TAMS 0x0000000089100000| PB 0x0000000089100000| Untracked 
| 146|0x0000000089200000, 0x0000000089300000, 0x0000000089300000|100%| O|  |TAMS 0x0000000089200000| PB 0x0000000089200000| Untracked 
| 147|0x0000000089300000, 0x0000000089400000, 0x0000000089400000|100%| O|  |TAMS 0x0000000089300000| PB 0x0000000089300000| Untracked 
| 148|0x0000000089400000, 0x0000000089500000, 0x0000000089500000|100%| O|  |TAMS 0x0000000089400000| PB 0x0000000089400000| Untracked 
| 149|0x0000000089500000, 0x0000000089600000, 0x0000000089600000|100%| O|  |TAMS 0x0000000089500000| PB 0x0000000089500000| Untracked 
| 150|0x0000000089600000, 0x0000000089700000, 0x0000000089700000|100%| O|  |TAMS 0x0000000089600000| PB 0x0000000089600000| Untracked 
| 151|0x0000000089700000, 0x0000000089800000, 0x0000000089800000|100%| O|  |TAMS 0x0000000089700000| PB 0x0000000089700000| Untracked 
| 152|0x0000000089800000, 0x0000000089900000, 0x0000000089900000|100%| O|  |TAMS 0x0000000089800000| PB 0x0000000089800000| Untracked 
| 153|0x0000000089900000, 0x0000000089a00000, 0x0000000089a00000|100%| O|  |TAMS 0x0000000089900000| PB 0x0000000089900000| Untracked 
| 154|0x0000000089a00000, 0x0000000089b00000, 0x0000000089b00000|100%| O|  |TAMS 0x0000000089a00000| PB 0x0000000089a00000| Untracked 
| 155|0x0000000089b00000, 0x0000000089c00000, 0x0000000089c00000|100%| O|  |TAMS 0x0000000089b00000| PB 0x0000000089b00000| Untracked 
| 156|0x0000000089c00000, 0x0000000089d00000, 0x0000000089d00000|100%| O|  |TAMS 0x0000000089c00000| PB 0x0000000089c00000| Untracked 
| 157|0x0000000089d00000, 0x0000000089e00000, 0x0000000089e00000|100%| O|  |TAMS 0x0000000089d00000| PB 0x0000000089d00000| Untracked 
| 158|0x0000000089e00000, 0x0000000089f00000, 0x0000000089f00000|100%| O|  |TAMS 0x0000000089e00000| PB 0x0000000089e00000| Untracked 
| 159|0x0000000089f00000, 0x000000008a000000, 0x000000008a000000|100%| O|  |TAMS 0x0000000089f00000| PB 0x0000000089f00000| Untracked 
| 160|0x000000008a000000, 0x000000008a100000, 0x000000008a100000|100%|HS|  |TAMS 0x000000008a000000| PB 0x000000008a000000| Complete 
| 161|0x000000008a100000, 0x000000008a200000, 0x000000008a200000|100%|HS|  |TAMS 0x000000008a100000| PB 0x000000008a100000| Complete 
| 162|0x000000008a200000, 0x000000008a300000, 0x000000008a300000|100%|HS|  |TAMS 0x000000008a200000| PB 0x000000008a200000| Complete 
| 163|0x000000008a300000, 0x000000008a400000, 0x000000008a400000|100%|HS|  |TAMS 0x000000008a300000| PB 0x000000008a300000| Complete 
| 164|0x000000008a400000, 0x000000008a500000, 0x000000008a500000|100%|HS|  |TAMS 0x000000008a400000| PB 0x000000008a400000| Complete 
| 165|0x000000008a500000, 0x000000008a600000, 0x000000008a600000|100%|HS|  |TAMS 0x000000008a500000| PB 0x000000008a500000| Complete 
| 166|0x000000008a600000, 0x000000008a700000, 0x000000008a700000|100%| O|  |TAMS 0x000000008a600000| PB 0x000000008a600000| Untracked 
| 167|0x000000008a700000, 0x000000008a800000, 0x000000008a800000|100%|HS|  |TAMS 0x000000008a700000| PB 0x000000008a700000| Complete 
| 168|0x000000008a800000, 0x000000008a900000, 0x000000008a900000|100%|HC|  |TAMS 0x000000008a800000| PB 0x000000008a800000| Complete 
| 169|0x000000008a900000, 0x000000008aa00000, 0x000000008aa00000|100%| O|  |TAMS 0x000000008a900000| PB 0x000000008a900000| Untracked 
| 170|0x000000008aa00000, 0x000000008ab00000, 0x000000008ab00000|100%| O|  |TAMS 0x000000008aa00000| PB 0x000000008aa00000| Untracked 
| 171|0x000000008ab00000, 0x000000008ac00000, 0x000000008ac00000|100%| O|  |TAMS 0x000000008ab00000| PB 0x000000008ab00000| Untracked 
| 172|0x000000008ac00000, 0x000000008ad00000, 0x000000008ad00000|100%| O|  |TAMS 0x000000008ac00000| PB 0x000000008ac00000| Untracked 
| 173|0x000000008ad00000, 0x000000008ae00000, 0x000000008ae00000|100%|HS|  |TAMS 0x000000008ad00000| PB 0x000000008ad00000| Complete 
| 174|0x000000008ae00000, 0x000000008af00000, 0x000000008af00000|100%|HC|  |TAMS 0x000000008ae00000| PB 0x000000008ae00000| Complete 
| 175|0x000000008af00000, 0x000000008b000000, 0x000000008b000000|100%|HC|  |TAMS 0x000000008af00000| PB 0x000000008af00000| Complete 
| 176|0x000000008b000000, 0x000000008b100000, 0x000000008b100000|100%| O|  |TAMS 0x000000008b000000| PB 0x000000008b000000| Untracked 
| 177|0x000000008b100000, 0x000000008b200000, 0x000000008b200000|100%| O|  |TAMS 0x000000008b100000| PB 0x000000008b100000| Untracked 
| 178|0x000000008b200000, 0x000000008b300000, 0x000000008b300000|100%| O|  |TAMS 0x000000008b200000| PB 0x000000008b200000| Untracked 
| 179|0x000000008b300000, 0x000000008b400000, 0x000000008b400000|100%| O|  |TAMS 0x000000008b300000| PB 0x000000008b300000| Untracked 
| 180|0x000000008b400000, 0x000000008b500000, 0x000000008b500000|100%| O|  |TAMS 0x000000008b400000| PB 0x000000008b400000| Untracked 
| 181|0x000000008b500000, 0x000000008b600000, 0x000000008b600000|100%| O|  |TAMS 0x000000008b500000| PB 0x000000008b500000| Untracked 
| 182|0x000000008b600000, 0x000000008b700000, 0x000000008b700000|100%|HS|  |TAMS 0x000000008b600000| PB 0x000000008b600000| Complete 
| 183|0x000000008b700000, 0x000000008b800000, 0x000000008b800000|100%|HC|  |TAMS 0x000000008b700000| PB 0x000000008b700000| Complete 
| 184|0x000000008b800000, 0x000000008b900000, 0x000000008b900000|100%| O|  |TAMS 0x000000008b800000| PB 0x000000008b800000| Untracked 
| 185|0x000000008b900000, 0x000000008ba00000, 0x000000008ba00000|100%| O|  |TAMS 0x000000008b900000| PB 0x000000008b900000| Untracked 
| 186|0x000000008ba00000, 0x000000008bb00000, 0x000000008bb00000|100%| O|  |TAMS 0x000000008ba00000| PB 0x000000008ba00000| Untracked 
| 187|0x000000008bb00000, 0x000000008bc00000, 0x000000008bc00000|100%| O|  |TAMS 0x000000008bb00000| PB 0x000000008bb00000| Untracked 
| 188|0x000000008bc00000, 0x000000008bd00000, 0x000000008bd00000|100%| O|  |TAMS 0x000000008bc00000| PB 0x000000008bc00000| Untracked 
| 189|0x000000008bd00000, 0x000000008be00000, 0x000000008be00000|100%| O|  |TAMS 0x000000008bd00000| PB 0x000000008bd00000| Untracked 
| 190|0x000000008be00000, 0x000000008bf00000, 0x000000008bf00000|100%| O|  |TAMS 0x000000008be00000| PB 0x000000008be00000| Untracked 
| 191|0x000000008bf00000, 0x000000008c000000, 0x000000008c000000|100%| O|  |TAMS 0x000000008bf00000| PB 0x000000008bf00000| Untracked 
| 192|0x000000008c000000, 0x000000008c100000, 0x000000008c100000|100%| O|  |TAMS 0x000000008c000000| PB 0x000000008c000000| Untracked 
| 193|0x000000008c100000, 0x000000008c200000, 0x000000008c200000|100%| O|  |TAMS 0x000000008c100000| PB 0x000000008c100000| Untracked 
| 194|0x000000008c200000, 0x000000008c300000, 0x000000008c300000|100%| O|  |TAMS 0x000000008c200000| PB 0x000000008c200000| Untracked 
| 195|0x000000008c300000, 0x000000008c400000, 0x000000008c400000|100%| O|  |TAMS 0x000000008c300000| PB 0x000000008c300000| Untracked 
| 196|0x000000008c400000, 0x000000008c500000, 0x000000008c500000|100%| O|  |TAMS 0x000000008c400000| PB 0x000000008c400000| Untracked 
| 197|0x000000008c500000, 0x000000008c600000, 0x000000008c600000|100%| O|  |TAMS 0x000000008c500000| PB 0x000000008c500000| Untracked 
| 198|0x000000008c600000, 0x000000008c700000, 0x000000008c700000|100%| O|  |TAMS 0x000000008c600000| PB 0x000000008c600000| Untracked 
| 199|0x000000008c700000, 0x000000008c800000, 0x000000008c800000|100%| O|  |TAMS 0x000000008c700000| PB 0x000000008c700000| Untracked 
| 200|0x000000008c800000, 0x000000008c900000, 0x000000008c900000|100%| O|  |TAMS 0x000000008c800000| PB 0x000000008c800000| Untracked 
| 201|0x000000008c900000, 0x000000008ca00000, 0x000000008ca00000|100%| O|  |TAMS 0x000000008c900000| PB 0x000000008c900000| Untracked 
| 202|0x000000008ca00000, 0x000000008cb00000, 0x000000008cb00000|100%| O|  |TAMS 0x000000008ca00000| PB 0x000000008ca00000| Untracked 
| 203|0x000000008cb00000, 0x000000008cc00000, 0x000000008cc00000|100%| O|  |TAMS 0x000000008cb00000| PB 0x000000008cb00000| Untracked 
| 204|0x000000008cc00000, 0x000000008cd00000, 0x000000008cd00000|100%| O|  |TAMS 0x000000008cc00000| PB 0x000000008cc00000| Untracked 
| 205|0x000000008cd00000, 0x000000008ce00000, 0x000000008ce00000|100%| O|  |TAMS 0x000000008cd00000| PB 0x000000008cd00000| Untracked 
| 206|0x000000008ce00000, 0x000000008cf00000, 0x000000008cf00000|100%| O|  |TAMS 0x000000008ce00000| PB 0x000000008ce00000| Untracked 
| 207|0x000000008cf00000, 0x000000008d000000, 0x000000008d000000|100%| O|  |TAMS 0x000000008cf00000| PB 0x000000008cf00000| Untracked 
| 208|0x000000008d000000, 0x000000008d100000, 0x000000008d100000|100%| O|  |TAMS 0x000000008d000000| PB 0x000000008d000000| Untracked 
| 209|0x000000008d100000, 0x000000008d100000, 0x000000008d200000|  0%| F|  |TAMS 0x000000008d100000| PB 0x000000008d100000| Untracked 
| 210|0x000000008d200000, 0x000000008d300000, 0x000000008d300000|100%| O|  |TAMS 0x000000008d200000| PB 0x000000008d200000| Untracked 
| 211|0x000000008d300000, 0x000000008d400000, 0x000000008d400000|100%| O|  |TAMS 0x000000008d300000| PB 0x000000008d300000| Untracked 
| 212|0x000000008d400000, 0x000000008d500000, 0x000000008d500000|100%| O|  |TAMS 0x000000008d400000| PB 0x000000008d400000| Untracked 
| 213|0x000000008d500000, 0x000000008d600000, 0x000000008d600000|100%| O|  |TAMS 0x000000008d500000| PB 0x000000008d500000| Untracked 
| 214|0x000000008d600000, 0x000000008d700000, 0x000000008d700000|100%| O|  |TAMS 0x000000008d600000| PB 0x000000008d600000| Untracked 
| 215|0x000000008d700000, 0x000000008d800000, 0x000000008d800000|100%| O|  |TAMS 0x000000008d700000| PB 0x000000008d700000| Untracked 
| 216|0x000000008d800000, 0x000000008d900000, 0x000000008d900000|100%|HS|  |TAMS 0x000000008d800000| PB 0x000000008d800000| Complete 
| 217|0x000000008d900000, 0x000000008da00000, 0x000000008da00000|100%|HC|  |TAMS 0x000000008d900000| PB 0x000000008d900000| Complete 
| 218|0x000000008da00000, 0x000000008db00000, 0x000000008db00000|100%|HC|  |TAMS 0x000000008da00000| PB 0x000000008da00000| Complete 
| 219|0x000000008db00000, 0x000000008db00000, 0x000000008dc00000|  0%| F|  |TAMS 0x000000008db00000| PB 0x000000008db00000| Untracked 
| 220|0x000000008dc00000, 0x000000008dd00000, 0x000000008dd00000|100%| O|  |TAMS 0x000000008dc00000| PB 0x000000008dc00000| Untracked 
| 221|0x000000008dd00000, 0x000000008de00000, 0x000000008de00000|100%| O|  |TAMS 0x000000008dd00000| PB 0x000000008dd00000| Untracked 
| 222|0x000000008de00000, 0x000000008df00000, 0x000000008df00000|100%| O|  |TAMS 0x000000008de00000| PB 0x000000008de00000| Untracked 
| 223|0x000000008df00000, 0x000000008e000000, 0x000000008e000000|100%| O|  |TAMS 0x000000008df00000| PB 0x000000008df00000| Untracked 
| 224|0x000000008e000000, 0x000000008e100000, 0x000000008e100000|100%| O|  |TAMS 0x000000008e000000| PB 0x000000008e000000| Untracked 
| 225|0x000000008e100000, 0x000000008e200000, 0x000000008e200000|100%|HS|  |TAMS 0x000000008e100000| PB 0x000000008e100000| Complete 
| 226|0x000000008e200000, 0x000000008e300000, 0x000000008e300000|100%|HC|  |TAMS 0x000000008e200000| PB 0x000000008e200000| Complete 
| 227|0x000000008e300000, 0x000000008e400000, 0x000000008e400000|100%| O|  |TAMS 0x000000008e300000| PB 0x000000008e300000| Untracked 
| 228|0x000000008e400000, 0x000000008e500000, 0x000000008e500000|100%| O|  |TAMS 0x000000008e400000| PB 0x000000008e400000| Untracked 
| 229|0x000000008e500000, 0x000000008e600000, 0x000000008e600000|100%| O|  |TAMS 0x000000008e500000| PB 0x000000008e500000| Untracked 
| 230|0x000000008e600000, 0x000000008e700000, 0x000000008e700000|100%|HS|  |TAMS 0x000000008e600000| PB 0x000000008e600000| Complete 
| 231|0x000000008e700000, 0x000000008e800000, 0x000000008e800000|100%| O|  |TAMS 0x000000008e700000| PB 0x000000008e700000| Untracked 
| 232|0x000000008e800000, 0x000000008e900000, 0x000000008e900000|100%| O|  |TAMS 0x000000008e800000| PB 0x000000008e800000| Untracked 
| 233|0x000000008e900000, 0x000000008ea00000, 0x000000008ea00000|100%| O|  |TAMS 0x000000008e900000| PB 0x000000008e900000| Untracked 
| 234|0x000000008ea00000, 0x000000008eb00000, 0x000000008eb00000|100%| O|  |TAMS 0x000000008ea00000| PB 0x000000008ea00000| Untracked 
| 235|0x000000008eb00000, 0x000000008ec00000, 0x000000008ec00000|100%| O|  |TAMS 0x000000008eb00000| PB 0x000000008eb00000| Untracked 
| 236|0x000000008ec00000, 0x000000008ed00000, 0x000000008ed00000|100%| O|  |TAMS 0x000000008ec00000| PB 0x000000008ec00000| Untracked 
| 237|0x000000008ed00000, 0x000000008ee00000, 0x000000008ee00000|100%| O|  |TAMS 0x000000008ed00000| PB 0x000000008ed00000| Untracked 
| 238|0x000000008ee00000, 0x000000008ef00000, 0x000000008ef00000|100%| O|  |TAMS 0x000000008ee00000| PB 0x000000008ee00000| Untracked 
| 239|0x000000008ef00000, 0x000000008f000000, 0x000000008f000000|100%| O|  |TAMS 0x000000008ef00000| PB 0x000000008ef00000| Untracked 
| 240|0x000000008f000000, 0x000000008f100000, 0x000000008f100000|100%| O|  |TAMS 0x000000008f000000| PB 0x000000008f000000| Untracked 
| 241|0x000000008f100000, 0x000000008f200000, 0x000000008f200000|100%| O|  |TAMS 0x000000008f100000| PB 0x000000008f100000| Untracked 
| 242|0x000000008f200000, 0x000000008f300000, 0x000000008f300000|100%| O|  |TAMS 0x000000008f200000| PB 0x000000008f200000| Untracked 
| 243|0x000000008f300000, 0x000000008f400000, 0x000000008f400000|100%| O|  |TAMS 0x000000008f300000| PB 0x000000008f300000| Untracked 
| 244|0x000000008f400000, 0x000000008f500000, 0x000000008f500000|100%| O|  |TAMS 0x000000008f400000| PB 0x000000008f400000| Untracked 
| 245|0x000000008f500000, 0x000000008f600000, 0x000000008f600000|100%| O|  |TAMS 0x000000008f500000| PB 0x000000008f500000| Untracked 
| 246|0x000000008f600000, 0x000000008f700000, 0x000000008f700000|100%| O|  |TAMS 0x000000008f600000| PB 0x000000008f600000| Untracked 
| 247|0x000000008f700000, 0x000000008f800000, 0x000000008f800000|100%| O|  |TAMS 0x000000008f700000| PB 0x000000008f700000| Untracked 
| 248|0x000000008f800000, 0x000000008f900000, 0x000000008f900000|100%| O|  |TAMS 0x000000008f800000| PB 0x000000008f800000| Untracked 
| 249|0x000000008f900000, 0x000000008fa00000, 0x000000008fa00000|100%| O|  |TAMS 0x000000008f900000| PB 0x000000008f900000| Untracked 
| 250|0x000000008fa00000, 0x000000008fb00000, 0x000000008fb00000|100%| O|  |TAMS 0x000000008fa00000| PB 0x000000008fa00000| Untracked 
| 251|0x000000008fb00000, 0x000000008fc00000, 0x000000008fc00000|100%| O|  |TAMS 0x000000008fb00000| PB 0x000000008fb00000| Untracked 
| 252|0x000000008fc00000, 0x000000008fd00000, 0x000000008fd00000|100%| O|  |TAMS 0x000000008fc00000| PB 0x000000008fc00000| Untracked 
| 253|0x000000008fd00000, 0x000000008fe00000, 0x000000008fe00000|100%| O|  |TAMS 0x000000008fd00000| PB 0x000000008fd00000| Untracked 
| 254|0x000000008fe00000, 0x000000008ff00000, 0x000000008ff00000|100%| O|  |TAMS 0x000000008fe00000| PB 0x000000008fe00000| Untracked 
| 255|0x000000008ff00000, 0x0000000090000000, 0x0000000090000000|100%| O|  |TAMS 0x000000008ff00000| PB 0x000000008ff00000| Untracked 
| 256|0x0000000090000000, 0x0000000090100000, 0x0000000090100000|100%| O|  |TAMS 0x0000000090000000| PB 0x0000000090000000| Untracked 
| 257|0x0000000090100000, 0x0000000090200000, 0x0000000090200000|100%| O|  |TAMS 0x0000000090100000| PB 0x0000000090100000| Untracked 
| 258|0x0000000090200000, 0x0000000090300000, 0x0000000090300000|100%| O|  |TAMS 0x0000000090200000| PB 0x0000000090200000| Untracked 
| 259|0x0000000090300000, 0x0000000090400000, 0x0000000090400000|100%| O|  |TAMS 0x0000000090300000| PB 0x0000000090300000| Untracked 
| 260|0x0000000090400000, 0x0000000090400000, 0x0000000090500000|  0%| F|  |TAMS 0x0000000090400000| PB 0x0000000090400000| Untracked 
| 261|0x0000000090500000, 0x0000000090600000, 0x0000000090600000|100%| O|  |TAMS 0x0000000090500000| PB 0x0000000090500000| Untracked 
| 262|0x0000000090600000, 0x0000000090700000, 0x0000000090700000|100%| O|  |TAMS 0x0000000090600000| PB 0x0000000090600000| Untracked 
| 263|0x0000000090700000, 0x0000000090800000, 0x0000000090800000|100%| O|  |TAMS 0x0000000090700000| PB 0x0000000090700000| Untracked 
| 264|0x0000000090800000, 0x0000000090900000, 0x0000000090900000|100%| O|  |TAMS 0x0000000090800000| PB 0x0000000090800000| Untracked 
| 265|0x0000000090900000, 0x0000000090a00000, 0x0000000090a00000|100%| O|  |TAMS 0x0000000090900000| PB 0x0000000090900000| Untracked 
| 266|0x0000000090a00000, 0x0000000090b00000, 0x0000000090b00000|100%| O|  |TAMS 0x0000000090a00000| PB 0x0000000090a00000| Untracked 
| 267|0x0000000090b00000, 0x0000000090c00000, 0x0000000090c00000|100%| O|  |TAMS 0x0000000090b00000| PB 0x0000000090b00000| Untracked 
| 268|0x0000000090c00000, 0x0000000090d00000, 0x0000000090d00000|100%| O|  |TAMS 0x0000000090c00000| PB 0x0000000090c00000| Untracked 
| 269|0x0000000090d00000, 0x0000000090e00000, 0x0000000090e00000|100%| O|  |TAMS 0x0000000090d00000| PB 0x0000000090d00000| Untracked 
| 270|0x0000000090e00000, 0x0000000090f00000, 0x0000000090f00000|100%| O|  |TAMS 0x0000000090e00000| PB 0x0000000090e00000| Untracked 
| 271|0x0000000090f00000, 0x0000000091000000, 0x0000000091000000|100%| O|  |TAMS 0x0000000090f00000| PB 0x0000000090f00000| Untracked 
| 272|0x0000000091000000, 0x0000000091100000, 0x0000000091100000|100%| O|  |TAMS 0x0000000091000000| PB 0x0000000091000000| Untracked 
| 273|0x0000000091100000, 0x0000000091200000, 0x0000000091200000|100%| O|  |TAMS 0x0000000091100000| PB 0x0000000091100000| Untracked 
| 274|0x0000000091200000, 0x0000000091300000, 0x0000000091300000|100%| O|  |TAMS 0x0000000091200000| PB 0x0000000091200000| Untracked 
| 275|0x0000000091300000, 0x0000000091400000, 0x0000000091400000|100%| O|  |TAMS 0x0000000091300000| PB 0x0000000091300000| Untracked 
| 276|0x0000000091400000, 0x0000000091500000, 0x0000000091500000|100%| O|  |TAMS 0x0000000091400000| PB 0x0000000091400000| Untracked 
| 277|0x0000000091500000, 0x0000000091600000, 0x0000000091600000|100%| O|  |TAMS 0x0000000091500000| PB 0x0000000091500000| Untracked 
| 278|0x0000000091600000, 0x0000000091700000, 0x0000000091700000|100%| O|  |TAMS 0x0000000091600000| PB 0x0000000091600000| Untracked 
| 279|0x0000000091700000, 0x0000000091800000, 0x0000000091800000|100%| O|  |TAMS 0x0000000091700000| PB 0x0000000091700000| Untracked 
| 280|0x0000000091800000, 0x0000000091900000, 0x0000000091900000|100%| O|  |TAMS 0x0000000091800000| PB 0x0000000091800000| Untracked 
| 281|0x0000000091900000, 0x0000000091a00000, 0x0000000091a00000|100%| O|  |TAMS 0x0000000091900000| PB 0x0000000091900000| Untracked 
| 282|0x0000000091a00000, 0x0000000091b00000, 0x0000000091b00000|100%| O|  |TAMS 0x0000000091a00000| PB 0x0000000091a00000| Untracked 
| 283|0x0000000091b00000, 0x0000000091c00000, 0x0000000091c00000|100%| O|  |TAMS 0x0000000091b00000| PB 0x0000000091b00000| Untracked 
| 284|0x0000000091c00000, 0x0000000091d00000, 0x0000000091d00000|100%| O|  |TAMS 0x0000000091c00000| PB 0x0000000091c00000| Untracked 
| 285|0x0000000091d00000, 0x0000000091e00000, 0x0000000091e00000|100%| O|  |TAMS 0x0000000091d00000| PB 0x0000000091d00000| Untracked 
| 286|0x0000000091e00000, 0x0000000091f00000, 0x0000000091f00000|100%| O|  |TAMS 0x0000000091e00000| PB 0x0000000091e00000| Untracked 
| 287|0x0000000091f00000, 0x0000000092000000, 0x0000000092000000|100%| O|  |TAMS 0x0000000091f00000| PB 0x0000000091f00000| Untracked 
| 288|0x0000000092000000, 0x0000000092100000, 0x0000000092100000|100%| O|  |TAMS 0x0000000092000000| PB 0x0000000092000000| Untracked 
| 289|0x0000000092100000, 0x0000000092200000, 0x0000000092200000|100%| O|  |TAMS 0x0000000092100000| PB 0x0000000092100000| Untracked 
| 290|0x0000000092200000, 0x0000000092300000, 0x0000000092300000|100%| O|  |TAMS 0x0000000092200000| PB 0x0000000092200000| Untracked 
| 291|0x0000000092300000, 0x0000000092400000, 0x0000000092400000|100%| O|  |TAMS 0x0000000092300000| PB 0x0000000092300000| Untracked 
| 292|0x0000000092400000, 0x0000000092500000, 0x0000000092500000|100%| O|  |TAMS 0x0000000092400000| PB 0x0000000092400000| Untracked 
| 293|0x0000000092500000, 0x0000000092600000, 0x0000000092600000|100%| O|  |TAMS 0x0000000092500000| PB 0x0000000092500000| Untracked 
| 294|0x0000000092600000, 0x0000000092700000, 0x0000000092700000|100%| O|  |TAMS 0x0000000092600000| PB 0x0000000092600000| Untracked 
| 295|0x0000000092700000, 0x0000000092800000, 0x0000000092800000|100%| O|  |TAMS 0x0000000092700000| PB 0x0000000092700000| Untracked 
| 296|0x0000000092800000, 0x0000000092900000, 0x0000000092900000|100%| O|  |TAMS 0x0000000092800000| PB 0x0000000092800000| Untracked 
| 297|0x0000000092900000, 0x0000000092a00000, 0x0000000092a00000|100%| O|  |TAMS 0x0000000092900000| PB 0x0000000092900000| Untracked 
| 298|0x0000000092a00000, 0x0000000092b00000, 0x0000000092b00000|100%| O|  |TAMS 0x0000000092a00000| PB 0x0000000092a00000| Untracked 
| 299|0x0000000092b00000, 0x0000000092c00000, 0x0000000092c00000|100%| O|  |TAMS 0x0000000092b00000| PB 0x0000000092b00000| Untracked 
| 300|0x0000000092c00000, 0x0000000092c00000, 0x0000000092d00000|  0%| F|  |TAMS 0x0000000092c00000| PB 0x0000000092c00000| Untracked 
| 301|0x0000000092d00000, 0x0000000092e00000, 0x0000000092e00000|100%| O|  |TAMS 0x0000000092d00000| PB 0x0000000092d00000| Untracked 
| 302|0x0000000092e00000, 0x0000000092f00000, 0x0000000092f00000|100%| O|  |TAMS 0x0000000092e00000| PB 0x0000000092e00000| Untracked 
| 303|0x0000000092f00000, 0x0000000093000000, 0x0000000093000000|100%| O|  |TAMS 0x0000000092f00000| PB 0x0000000092f00000| Untracked 
| 304|0x0000000093000000, 0x0000000093100000, 0x0000000093100000|100%| O|  |TAMS 0x0000000093000000| PB 0x0000000093000000| Untracked 
| 305|0x0000000093100000, 0x0000000093200000, 0x0000000093200000|100%| O|  |TAMS 0x0000000093100000| PB 0x0000000093100000| Untracked 
| 306|0x0000000093200000, 0x0000000093300000, 0x0000000093300000|100%| O|  |TAMS 0x0000000093200000| PB 0x0000000093200000| Untracked 
| 307|0x0000000093300000, 0x0000000093400000, 0x0000000093400000|100%| O|  |TAMS 0x0000000093300000| PB 0x0000000093300000| Untracked 
| 308|0x0000000093400000, 0x0000000093500000, 0x0000000093500000|100%| O|  |TAMS 0x0000000093400000| PB 0x0000000093400000| Untracked 
| 309|0x0000000093500000, 0x0000000093530600, 0x0000000093600000| 18%| O|  |TAMS 0x0000000093500000| PB 0x0000000093500000| Untracked 
| 310|0x0000000093600000, 0x0000000093700000, 0x0000000093700000|100%| O|  |TAMS 0x0000000093600000| PB 0x0000000093600000| Untracked 
| 311|0x0000000093700000, 0x0000000093800000, 0x0000000093800000|100%| O|  |TAMS 0x0000000093700000| PB 0x0000000093700000| Untracked 
| 312|0x0000000093800000, 0x0000000093900000, 0x0000000093900000|100%| O|  |TAMS 0x0000000093800000| PB 0x0000000093800000| Untracked 
| 313|0x0000000093900000, 0x0000000093a00000, 0x0000000093a00000|100%| O|  |TAMS 0x0000000093900000| PB 0x0000000093900000| Untracked 
| 314|0x0000000093a00000, 0x0000000093b00000, 0x0000000093b00000|100%| O|  |TAMS 0x0000000093a00000| PB 0x0000000093a00000| Untracked 
| 315|0x0000000093b00000, 0x0000000093c00000, 0x0000000093c00000|100%| O|  |TAMS 0x0000000093b00000| PB 0x0000000093b00000| Untracked 
| 316|0x0000000093c00000, 0x0000000093d00000, 0x0000000093d00000|100%| O|  |TAMS 0x0000000093c00000| PB 0x0000000093c00000| Untracked 
| 317|0x0000000093d00000, 0x0000000093e00000, 0x0000000093e00000|100%| O|  |TAMS 0x0000000093d00000| PB 0x0000000093d00000| Untracked 
| 318|0x0000000093e00000, 0x0000000093f00000, 0x0000000093f00000|100%| O|  |TAMS 0x0000000093e00000| PB 0x0000000093e00000| Untracked 
| 319|0x0000000093f00000, 0x0000000094000000, 0x0000000094000000|100%| O|  |TAMS 0x0000000093f00000| PB 0x0000000093f00000| Untracked 
| 320|0x0000000094000000, 0x0000000094100000, 0x0000000094100000|100%| O|  |TAMS 0x0000000094000000| PB 0x0000000094000000| Untracked 
| 321|0x0000000094100000, 0x0000000094200000, 0x0000000094200000|100%| O|  |TAMS 0x0000000094100000| PB 0x0000000094100000| Untracked 
| 322|0x0000000094200000, 0x0000000094300000, 0x0000000094300000|100%| O|  |TAMS 0x0000000094200000| PB 0x0000000094200000| Untracked 
| 323|0x0000000094300000, 0x0000000094400000, 0x0000000094400000|100%| O|  |TAMS 0x0000000094300000| PB 0x0000000094300000| Untracked 
| 324|0x0000000094400000, 0x0000000094500000, 0x0000000094500000|100%| O|  |TAMS 0x0000000094400000| PB 0x0000000094400000| Untracked 
| 325|0x0000000094500000, 0x0000000094600000, 0x0000000094600000|100%| O|  |TAMS 0x0000000094500000| PB 0x0000000094500000| Untracked 
| 326|0x0000000094600000, 0x0000000094700000, 0x0000000094700000|100%| O|  |TAMS 0x0000000094600000| PB 0x0000000094600000| Untracked 
| 327|0x0000000094700000, 0x0000000094800000, 0x0000000094800000|100%| O|  |TAMS 0x0000000094700000| PB 0x0000000094700000| Untracked 
| 328|0x0000000094800000, 0x0000000094900000, 0x0000000094900000|100%| O|  |TAMS 0x0000000094800000| PB 0x0000000094800000| Untracked 
| 329|0x0000000094900000, 0x0000000094a00000, 0x0000000094a00000|100%| O|  |TAMS 0x0000000094900000| PB 0x0000000094900000| Untracked 
| 330|0x0000000094a00000, 0x0000000094b00000, 0x0000000094b00000|100%| O|  |TAMS 0x0000000094a00000| PB 0x0000000094a00000| Untracked 
| 331|0x0000000094b00000, 0x0000000094c00000, 0x0000000094c00000|100%| O|  |TAMS 0x0000000094b00000| PB 0x0000000094b00000| Untracked 
| 332|0x0000000094c00000, 0x0000000094d00000, 0x0000000094d00000|100%| O|  |TAMS 0x0000000094c00000| PB 0x0000000094c00000| Untracked 
| 333|0x0000000094d00000, 0x0000000094e00000, 0x0000000094e00000|100%| O|  |TAMS 0x0000000094d00000| PB 0x0000000094d00000| Untracked 
| 334|0x0000000094e00000, 0x0000000094f00000, 0x0000000094f00000|100%| O|  |TAMS 0x0000000094e00000| PB 0x0000000094e00000| Untracked 
| 335|0x0000000094f00000, 0x0000000095000000, 0x0000000095000000|100%| O|  |TAMS 0x0000000094f00000| PB 0x0000000094f00000| Untracked 
| 336|0x0000000095000000, 0x0000000095100000, 0x0000000095100000|100%| O|  |TAMS 0x0000000095000000| PB 0x0000000095000000| Untracked 
| 337|0x0000000095100000, 0x0000000095200000, 0x0000000095200000|100%| O|  |TAMS 0x0000000095100000| PB 0x0000000095100000| Untracked 
| 338|0x0000000095200000, 0x0000000095300000, 0x0000000095300000|100%| O|  |TAMS 0x0000000095200000| PB 0x0000000095200000| Untracked 
| 339|0x0000000095300000, 0x0000000095400000, 0x0000000095400000|100%| O|  |TAMS 0x0000000095300000| PB 0x0000000095300000| Untracked 
| 340|0x0000000095400000, 0x0000000095500000, 0x0000000095500000|100%| O|  |TAMS 0x0000000095400000| PB 0x0000000095400000| Untracked 
| 341|0x0000000095500000, 0x0000000095600000, 0x0000000095600000|100%| O|  |TAMS 0x0000000095500000| PB 0x0000000095500000| Untracked 
| 342|0x0000000095600000, 0x0000000095700000, 0x0000000095700000|100%| O|  |TAMS 0x0000000095600000| PB 0x0000000095600000| Untracked 
| 343|0x0000000095700000, 0x0000000095800000, 0x0000000095800000|100%| O|  |TAMS 0x0000000095700000| PB 0x0000000095700000| Untracked 
| 344|0x0000000095800000, 0x0000000095900000, 0x0000000095900000|100%| O|  |TAMS 0x0000000095800000| PB 0x0000000095800000| Untracked 
| 345|0x0000000095900000, 0x0000000095a00000, 0x0000000095a00000|100%|HS|  |TAMS 0x0000000095900000| PB 0x0000000095900000| Complete 
| 346|0x0000000095a00000, 0x0000000095b00000, 0x0000000095b00000|100%|HC|  |TAMS 0x0000000095a00000| PB 0x0000000095a00000| Complete 
| 347|0x0000000095b00000, 0x0000000095c00000, 0x0000000095c00000|100%| O|  |TAMS 0x0000000095b00000| PB 0x0000000095b00000| Untracked 
| 348|0x0000000095c00000, 0x0000000095d00000, 0x0000000095d00000|100%| O|  |TAMS 0x0000000095c00000| PB 0x0000000095c00000| Untracked 
| 349|0x0000000095d00000, 0x0000000095e00000, 0x0000000095e00000|100%| O|  |TAMS 0x0000000095d00000| PB 0x0000000095d00000| Untracked 
| 350|0x0000000095e00000, 0x0000000095f00000, 0x0000000095f00000|100%| O|  |TAMS 0x0000000095e00000| PB 0x0000000095e00000| Untracked 
| 351|0x0000000095f00000, 0x0000000096000000, 0x0000000096000000|100%| O|  |TAMS 0x0000000095f00000| PB 0x0000000095f00000| Untracked 
| 352|0x0000000096000000, 0x0000000096100000, 0x0000000096100000|100%| O|  |TAMS 0x0000000096000000| PB 0x0000000096000000| Untracked 
| 353|0x0000000096100000, 0x0000000096200000, 0x0000000096200000|100%| O|  |TAMS 0x0000000096100000| PB 0x0000000096100000| Untracked 
| 354|0x0000000096200000, 0x0000000096300000, 0x0000000096300000|100%| O|  |TAMS 0x0000000096200000| PB 0x0000000096200000| Untracked 
| 355|0x0000000096300000, 0x0000000096400000, 0x0000000096400000|100%| O|  |TAMS 0x0000000096300000| PB 0x0000000096300000| Untracked 
| 356|0x0000000096400000, 0x0000000096500000, 0x0000000096500000|100%| O|  |TAMS 0x0000000096400000| PB 0x0000000096400000| Untracked 
| 357|0x0000000096500000, 0x0000000096600000, 0x0000000096600000|100%| O|  |TAMS 0x0000000096500000| PB 0x0000000096500000| Untracked 
| 358|0x0000000096600000, 0x0000000096700000, 0x0000000096700000|100%|HS|  |TAMS 0x0000000096600000| PB 0x0000000096600000| Complete 
| 359|0x0000000096700000, 0x0000000096800000, 0x0000000096800000|100%|HS|  |TAMS 0x0000000096700000| PB 0x0000000096700000| Complete 
| 360|0x0000000096800000, 0x0000000096900000, 0x0000000096900000|100%|HC|  |TAMS 0x0000000096800000| PB 0x0000000096800000| Complete 
| 361|0x0000000096900000, 0x0000000096a00000, 0x0000000096a00000|100%|HS|  |TAMS 0x0000000096900000| PB 0x0000000096900000| Complete 
| 362|0x0000000096a00000, 0x0000000096b00000, 0x0000000096b00000|100%|HS|  |TAMS 0x0000000096a00000| PB 0x0000000096a00000| Complete 
| 363|0x0000000096b00000, 0x0000000096c00000, 0x0000000096c00000|100%| O|  |TAMS 0x0000000096b00000| PB 0x0000000096b00000| Untracked 
| 364|0x0000000096c00000, 0x0000000096d00000, 0x0000000096d00000|100%| O|  |TAMS 0x0000000096c00000| PB 0x0000000096c00000| Untracked 
| 365|0x0000000096d00000, 0x0000000096e00000, 0x0000000096e00000|100%| O|  |TAMS 0x0000000096d00000| PB 0x0000000096d00000| Untracked 
| 366|0x0000000096e00000, 0x0000000096f00000, 0x0000000096f00000|100%| O|  |TAMS 0x0000000096e00000| PB 0x0000000096e00000| Untracked 
| 367|0x0000000096f00000, 0x0000000097000000, 0x0000000097000000|100%| O|  |TAMS 0x0000000096f00000| PB 0x0000000096f00000| Untracked 
| 368|0x0000000097000000, 0x0000000097100000, 0x0000000097100000|100%| O|  |TAMS 0x0000000097000000| PB 0x0000000097000000| Untracked 
| 369|0x0000000097100000, 0x0000000097200000, 0x0000000097200000|100%| O|  |TAMS 0x0000000097100000| PB 0x0000000097100000| Untracked 
| 370|0x0000000097200000, 0x0000000097300000, 0x0000000097300000|100%| O|  |TAMS 0x0000000097200000| PB 0x0000000097200000| Untracked 
| 371|0x0000000097300000, 0x0000000097400000, 0x0000000097400000|100%| O|  |TAMS 0x0000000097300000| PB 0x0000000097300000| Untracked 
| 372|0x0000000097400000, 0x0000000097500000, 0x0000000097500000|100%| O|  |TAMS 0x0000000097400000| PB 0x0000000097400000| Untracked 
| 373|0x0000000097500000, 0x0000000097600000, 0x0000000097600000|100%| O|  |TAMS 0x0000000097500000| PB 0x0000000097500000| Untracked 
| 374|0x0000000097600000, 0x0000000097700000, 0x0000000097700000|100%| O|  |TAMS 0x0000000097600000| PB 0x0000000097600000| Untracked 
| 375|0x0000000097700000, 0x0000000097800000, 0x0000000097800000|100%| O|  |TAMS 0x0000000097700000| PB 0x0000000097700000| Untracked 
| 376|0x0000000097800000, 0x0000000097900000, 0x0000000097900000|100%| O|  |TAMS 0x0000000097800000| PB 0x0000000097800000| Untracked 
| 377|0x0000000097900000, 0x0000000097a00000, 0x0000000097a00000|100%| O|  |TAMS 0x0000000097900000| PB 0x0000000097900000| Untracked 
| 378|0x0000000097a00000, 0x0000000097b00000, 0x0000000097b00000|100%| O|  |TAMS 0x0000000097a00000| PB 0x0000000097a00000| Untracked 
| 379|0x0000000097b00000, 0x0000000097c00000, 0x0000000097c00000|100%| O|  |TAMS 0x0000000097b00000| PB 0x0000000097b00000| Untracked 
| 380|0x0000000097c00000, 0x0000000097d00000, 0x0000000097d00000|100%| O|  |TAMS 0x0000000097c00000| PB 0x0000000097c00000| Untracked 
| 381|0x0000000097d00000, 0x0000000097e00000, 0x0000000097e00000|100%| O|  |TAMS 0x0000000097d00000| PB 0x0000000097d00000| Untracked 
| 382|0x0000000097e00000, 0x0000000097e00000, 0x0000000097f00000|  0%| F|  |TAMS 0x0000000097e00000| PB 0x0000000097e00000| Untracked 
| 383|0x0000000097f00000, 0x0000000098000000, 0x0000000098000000|100%| O|  |TAMS 0x0000000097f00000| PB 0x0000000097f00000| Untracked 
| 384|0x0000000098000000, 0x0000000098100000, 0x0000000098100000|100%| O|  |TAMS 0x0000000098000000| PB 0x0000000098000000| Untracked 
| 385|0x0000000098100000, 0x0000000098200000, 0x0000000098200000|100%| O|  |TAMS 0x0000000098100000| PB 0x0000000098100000| Untracked 
| 386|0x0000000098200000, 0x0000000098300000, 0x0000000098300000|100%| O|  |TAMS 0x0000000098200000| PB 0x0000000098200000| Untracked 
| 387|0x0000000098300000, 0x0000000098400000, 0x0000000098400000|100%| O|  |TAMS 0x0000000098300000| PB 0x0000000098300000| Untracked 
| 388|0x0000000098400000, 0x0000000098500000, 0x0000000098500000|100%| O|  |TAMS 0x0000000098400000| PB 0x0000000098400000| Untracked 
| 389|0x0000000098500000, 0x0000000098600000, 0x0000000098600000|100%| O|  |TAMS 0x0000000098500000| PB 0x0000000098500000| Untracked 
| 390|0x0000000098600000, 0x0000000098600000, 0x0000000098700000|  0%| F|  |TAMS 0x0000000098600000| PB 0x0000000098600000| Untracked 
| 391|0x0000000098700000, 0x0000000098800000, 0x0000000098800000|100%| O|  |TAMS 0x0000000098700000| PB 0x0000000098700000| Untracked 
| 392|0x0000000098800000, 0x0000000098800000, 0x0000000098900000|  0%| F|  |TAMS 0x0000000098800000| PB 0x0000000098800000| Untracked 
| 393|0x0000000098900000, 0x0000000098a00000, 0x0000000098a00000|100%| O|  |TAMS 0x0000000098900000| PB 0x0000000098900000| Untracked 
| 394|0x0000000098a00000, 0x0000000098a00000, 0x0000000098b00000|  0%| F|  |TAMS 0x0000000098a00000| PB 0x0000000098a00000| Untracked 
| 395|0x0000000098b00000, 0x0000000098c00000, 0x0000000098c00000|100%| O|  |TAMS 0x0000000098b00000| PB 0x0000000098b00000| Untracked 
| 396|0x0000000098c00000, 0x0000000098d00000, 0x0000000098d00000|100%| O|  |TAMS 0x0000000098c00000| PB 0x0000000098c00000| Untracked 
| 397|0x0000000098d00000, 0x0000000098e00000, 0x0000000098e00000|100%| O|  |TAMS 0x0000000098d00000| PB 0x0000000098d00000| Untracked 
| 398|0x0000000098e00000, 0x0000000098e00000, 0x0000000098f00000|  0%| F|  |TAMS 0x0000000098e00000| PB 0x0000000098e00000| Untracked 
| 399|0x0000000098f00000, 0x0000000098f00000, 0x0000000099000000|  0%| F|  |TAMS 0x0000000098f00000| PB 0x0000000098f00000| Untracked 
| 400|0x0000000099000000, 0x0000000099000000, 0x0000000099100000|  0%| F|  |TAMS 0x0000000099000000| PB 0x0000000099000000| Untracked 
| 401|0x0000000099100000, 0x0000000099100000, 0x0000000099200000|  0%| F|  |TAMS 0x0000000099100000| PB 0x0000000099100000| Untracked 
| 402|0x0000000099200000, 0x0000000099200000, 0x0000000099300000|  0%| F|  |TAMS 0x0000000099200000| PB 0x0000000099200000| Untracked 
| 403|0x0000000099300000, 0x0000000099300000, 0x0000000099400000|  0%| F|  |TAMS 0x0000000099300000| PB 0x0000000099300000| Untracked 
| 404|0x0000000099400000, 0x0000000099400000, 0x0000000099500000|  0%| F|  |TAMS 0x0000000099400000| PB 0x0000000099400000| Untracked 
| 405|0x0000000099500000, 0x0000000099500000, 0x0000000099600000|  0%| F|  |TAMS 0x0000000099500000| PB 0x0000000099500000| Untracked 
| 406|0x0000000099600000, 0x0000000099600000, 0x0000000099700000|  0%| F|  |TAMS 0x0000000099600000| PB 0x0000000099600000| Untracked 
| 407|0x0000000099700000, 0x0000000099700000, 0x0000000099800000|  0%| F|  |TAMS 0x0000000099700000| PB 0x0000000099700000| Untracked 
| 408|0x0000000099800000, 0x0000000099800000, 0x0000000099900000|  0%| F|  |TAMS 0x0000000099800000| PB 0x0000000099800000| Untracked 
| 409|0x0000000099900000, 0x0000000099900000, 0x0000000099a00000|  0%| F|  |TAMS 0x0000000099900000| PB 0x0000000099900000| Untracked 
| 410|0x0000000099a00000, 0x0000000099a00000, 0x0000000099b00000|  0%| F|  |TAMS 0x0000000099a00000| PB 0x0000000099a00000| Untracked 
| 411|0x0000000099b00000, 0x0000000099b00000, 0x0000000099c00000|  0%| F|  |TAMS 0x0000000099b00000| PB 0x0000000099b00000| Untracked 
| 412|0x0000000099c00000, 0x0000000099c00000, 0x0000000099d00000|  0%| F|  |TAMS 0x0000000099c00000| PB 0x0000000099c00000| Untracked 
| 413|0x0000000099d00000, 0x0000000099d00000, 0x0000000099e00000|  0%| F|  |TAMS 0x0000000099d00000| PB 0x0000000099d00000| Untracked 
| 414|0x0000000099e00000, 0x0000000099e00000, 0x0000000099f00000|  0%| F|  |TAMS 0x0000000099e00000| PB 0x0000000099e00000| Untracked 
| 415|0x0000000099f00000, 0x0000000099f00000, 0x000000009a000000|  0%| F|  |TAMS 0x0000000099f00000| PB 0x0000000099f00000| Untracked 
| 416|0x000000009a000000, 0x000000009a049cc0, 0x000000009a100000| 28%| S|CS|TAMS 0x000000009a000000| PB 0x000000009a000000| Complete 
| 417|0x000000009a100000, 0x000000009a200000, 0x000000009a200000|100%| S|CS|TAMS 0x000000009a100000| PB 0x000000009a100000| Complete 
| 418|0x000000009a200000, 0x000000009a300000, 0x000000009a300000|100%| S|CS|TAMS 0x000000009a200000| PB 0x000000009a200000| Complete 
| 419|0x000000009a300000, 0x000000009a400000, 0x000000009a400000|100%| S|CS|TAMS 0x000000009a300000| PB 0x000000009a300000| Complete 
| 420|0x000000009a400000, 0x000000009a500000, 0x000000009a500000|100%| S|CS|TAMS 0x000000009a400000| PB 0x000000009a400000| Complete 
| 421|0x000000009a500000, 0x000000009a600000, 0x000000009a600000|100%|HS|  |TAMS 0x000000009a500000| PB 0x000000009a500000| Complete 
| 422|0x000000009a600000, 0x000000009a700000, 0x000000009a700000|100%|HS|  |TAMS 0x000000009a600000| PB 0x000000009a600000| Complete 
| 423|0x000000009a700000, 0x000000009a700000, 0x000000009a800000|  0%| F|  |TAMS 0x000000009a700000| PB 0x000000009a700000| Untracked 
| 424|0x000000009a800000, 0x000000009a800000, 0x000000009a900000|  0%| F|  |TAMS 0x000000009a800000| PB 0x000000009a800000| Untracked 
| 425|0x000000009a900000, 0x000000009a900000, 0x000000009aa00000|  0%| F|  |TAMS 0x000000009a900000| PB 0x000000009a900000| Untracked 
| 426|0x000000009aa00000, 0x000000009aa00000, 0x000000009ab00000|  0%| F|  |TAMS 0x000000009aa00000| PB 0x000000009aa00000| Untracked 
| 427|0x000000009ab00000, 0x000000009ab00000, 0x000000009ac00000|  0%| F|  |TAMS 0x000000009ab00000| PB 0x000000009ab00000| Untracked 
| 428|0x000000009ac00000, 0x000000009ac00000, 0x000000009ad00000|  0%| F|  |TAMS 0x000000009ac00000| PB 0x000000009ac00000| Untracked 
| 429|0x000000009ad00000, 0x000000009ad00000, 0x000000009ae00000|  0%| F|  |TAMS 0x000000009ad00000| PB 0x000000009ad00000| Untracked 
| 430|0x000000009ae00000, 0x000000009ae00000, 0x000000009af00000|  0%| F|  |TAMS 0x000000009ae00000| PB 0x000000009ae00000| Untracked 
| 431|0x000000009af00000, 0x000000009af00000, 0x000000009b000000|  0%| F|  |TAMS 0x000000009af00000| PB 0x000000009af00000| Untracked 
| 432|0x000000009b000000, 0x000000009b000000, 0x000000009b100000|  0%| F|  |TAMS 0x000000009b000000| PB 0x000000009b000000| Untracked 
| 433|0x000000009b100000, 0x000000009b100000, 0x000000009b200000|  0%| F|  |TAMS 0x000000009b100000| PB 0x000000009b100000| Untracked 
| 434|0x000000009b200000, 0x000000009b200000, 0x000000009b300000|  0%| F|  |TAMS 0x000000009b200000| PB 0x000000009b200000| Untracked 
| 435|0x000000009b300000, 0x000000009b400000, 0x000000009b400000|100%| S|CS|TAMS 0x000000009b300000| PB 0x000000009b300000| Complete 
| 436|0x000000009b400000, 0x000000009b500000, 0x000000009b500000|100%| S|CS|TAMS 0x000000009b400000| PB 0x000000009b400000| Complete 
| 437|0x000000009b500000, 0x000000009b600000, 0x000000009b600000|100%| S|CS|TAMS 0x000000009b500000| PB 0x000000009b500000| Complete 
| 438|0x000000009b600000, 0x000000009b700000, 0x000000009b700000|100%| S|CS|TAMS 0x000000009b600000| PB 0x000000009b600000| Complete 
| 439|0x000000009b700000, 0x000000009b800000, 0x000000009b800000|100%| S|CS|TAMS 0x000000009b700000| PB 0x000000009b700000| Complete 
| 440|0x000000009b800000, 0x000000009b900000, 0x000000009b900000|100%| S|CS|TAMS 0x000000009b800000| PB 0x000000009b800000| Complete 
| 441|0x000000009b900000, 0x000000009ba00000, 0x000000009ba00000|100%| S|CS|TAMS 0x000000009b900000| PB 0x000000009b900000| Complete 
| 442|0x000000009ba00000, 0x000000009bb00000, 0x000000009bb00000|100%| S|CS|TAMS 0x000000009ba00000| PB 0x000000009ba00000| Complete 
| 443|0x000000009bb00000, 0x000000009bc00000, 0x000000009bc00000|100%| S|CS|TAMS 0x000000009bb00000| PB 0x000000009bb00000| Complete 
| 444|0x000000009bc00000, 0x000000009bd00000, 0x000000009bd00000|100%| S|CS|TAMS 0x000000009bc00000| PB 0x000000009bc00000| Complete 
| 445|0x000000009bd00000, 0x000000009be00000, 0x000000009be00000|100%| S|CS|TAMS 0x000000009bd00000| PB 0x000000009bd00000| Complete 
| 446|0x000000009be00000, 0x000000009bf00000, 0x000000009bf00000|100%| S|CS|TAMS 0x000000009be00000| PB 0x000000009be00000| Complete 
| 447|0x000000009bf00000, 0x000000009c000000, 0x000000009c000000|100%| S|CS|TAMS 0x000000009bf00000| PB 0x000000009bf00000| Complete 
| 448|0x000000009c000000, 0x000000009c100000, 0x000000009c100000|100%| S|CS|TAMS 0x000000009c000000| PB 0x000000009c000000| Complete 
| 449|0x000000009c100000, 0x000000009c200000, 0x000000009c200000|100%| S|CS|TAMS 0x000000009c100000| PB 0x000000009c100000| Complete 
| 450|0x000000009c200000, 0x000000009c200000, 0x000000009c300000|  0%| F|  |TAMS 0x000000009c200000| PB 0x000000009c200000| Untracked 
| 451|0x000000009c300000, 0x000000009c300000, 0x000000009c400000|  0%| F|  |TAMS 0x000000009c300000| PB 0x000000009c300000| Untracked 
| 452|0x000000009c400000, 0x000000009c400000, 0x000000009c500000|  0%| F|  |TAMS 0x000000009c400000| PB 0x000000009c400000| Untracked 
| 453|0x000000009c500000, 0x000000009c500000, 0x000000009c600000|  0%| F|  |TAMS 0x000000009c500000| PB 0x000000009c500000| Untracked 
| 454|0x000000009c600000, 0x000000009c600000, 0x000000009c700000|  0%| F|  |TAMS 0x000000009c600000| PB 0x000000009c600000| Untracked 
| 455|0x000000009c700000, 0x000000009c700000, 0x000000009c800000|  0%| F|  |TAMS 0x000000009c700000| PB 0x000000009c700000| Untracked 
| 456|0x000000009c800000, 0x000000009c900000, 0x000000009c900000|100%| S|CS|TAMS 0x000000009c800000| PB 0x000000009c800000| Complete 
| 457|0x000000009c900000, 0x000000009ca00000, 0x000000009ca00000|100%| S|CS|TAMS 0x000000009c900000| PB 0x000000009c900000| Complete 
| 458|0x000000009ca00000, 0x000000009ca00000, 0x000000009cb00000|  0%| F|  |TAMS 0x000000009ca00000| PB 0x000000009ca00000| Untracked 
| 459|0x000000009cb00000, 0x000000009cb00000, 0x000000009cc00000|  0%| F|  |TAMS 0x000000009cb00000| PB 0x000000009cb00000| Untracked 
| 460|0x000000009cc00000, 0x000000009cc00000, 0x000000009cd00000|  0%| F|  |TAMS 0x000000009cc00000| PB 0x000000009cc00000| Untracked 
| 461|0x000000009cd00000, 0x000000009cd00000, 0x000000009ce00000|  0%| F|  |TAMS 0x000000009cd00000| PB 0x000000009cd00000| Untracked 
| 462|0x000000009ce00000, 0x000000009ce00000, 0x000000009cf00000|  0%| F|  |TAMS 0x000000009ce00000| PB 0x000000009ce00000| Untracked 
| 463|0x000000009cf00000, 0x000000009cf00000, 0x000000009d000000|  0%| F|  |TAMS 0x000000009cf00000| PB 0x000000009cf00000| Untracked 
| 464|0x000000009d000000, 0x000000009d000000, 0x000000009d100000|  0%| F|  |TAMS 0x000000009d000000| PB 0x000000009d000000| Untracked 
| 465|0x000000009d100000, 0x000000009d100000, 0x000000009d200000|  0%| F|  |TAMS 0x000000009d100000| PB 0x000000009d100000| Untracked 
| 466|0x000000009d200000, 0x000000009d200000, 0x000000009d300000|  0%| F|  |TAMS 0x000000009d200000| PB 0x000000009d200000| Untracked 
| 467|0x000000009d300000, 0x000000009d300000, 0x000000009d400000|  0%| F|  |TAMS 0x000000009d300000| PB 0x000000009d300000| Untracked 
| 468|0x000000009d400000, 0x000000009d400000, 0x000000009d500000|  0%| F|  |TAMS 0x000000009d400000| PB 0x000000009d400000| Untracked 
| 469|0x000000009d500000, 0x000000009d500000, 0x000000009d600000|  0%| F|  |TAMS 0x000000009d500000| PB 0x000000009d500000| Untracked 
| 470|0x000000009d600000, 0x000000009d600000, 0x000000009d700000|  0%| F|  |TAMS 0x000000009d600000| PB 0x000000009d600000| Untracked 
| 471|0x000000009d700000, 0x000000009d700000, 0x000000009d800000|  0%| F|  |TAMS 0x000000009d700000| PB 0x000000009d700000| Untracked 
| 472|0x000000009d800000, 0x000000009d800000, 0x000000009d900000|  0%| F|  |TAMS 0x000000009d800000| PB 0x000000009d800000| Untracked 
| 473|0x000000009d900000, 0x000000009d900000, 0x000000009da00000|  0%| F|  |TAMS 0x000000009d900000| PB 0x000000009d900000| Untracked 
| 474|0x000000009da00000, 0x000000009da00000, 0x000000009db00000|  0%| F|  |TAMS 0x000000009da00000| PB 0x000000009da00000| Untracked 
| 475|0x000000009db00000, 0x000000009db00000, 0x000000009dc00000|  0%| F|  |TAMS 0x000000009db00000| PB 0x000000009db00000| Untracked 
| 476|0x000000009dc00000, 0x000000009dc00000, 0x000000009dd00000|  0%| F|  |TAMS 0x000000009dc00000| PB 0x000000009dc00000| Untracked 
| 477|0x000000009dd00000, 0x000000009dd00000, 0x000000009de00000|  0%| F|  |TAMS 0x000000009dd00000| PB 0x000000009dd00000| Untracked 
| 478|0x000000009de00000, 0x000000009de00000, 0x000000009df00000|  0%| F|  |TAMS 0x000000009de00000| PB 0x000000009de00000| Untracked 
| 479|0x000000009df00000, 0x000000009df00000, 0x000000009e000000|  0%| F|  |TAMS 0x000000009df00000| PB 0x000000009df00000| Untracked 
| 480|0x000000009e000000, 0x000000009e000000, 0x000000009e100000|  0%| F|  |TAMS 0x000000009e000000| PB 0x000000009e000000| Untracked 
| 481|0x000000009e100000, 0x000000009e100000, 0x000000009e200000|  0%| F|  |TAMS 0x000000009e100000| PB 0x000000009e100000| Untracked 
| 482|0x000000009e200000, 0x000000009e200000, 0x000000009e300000|  0%| F|  |TAMS 0x000000009e200000| PB 0x000000009e200000| Untracked 
| 483|0x000000009e300000, 0x000000009e300000, 0x000000009e400000|  0%| F|  |TAMS 0x000000009e300000| PB 0x000000009e300000| Untracked 
| 484|0x000000009e400000, 0x000000009e400000, 0x000000009e500000|  0%| F|  |TAMS 0x000000009e400000| PB 0x000000009e400000| Untracked 
| 485|0x000000009e500000, 0x000000009e500000, 0x000000009e600000|  0%| F|  |TAMS 0x000000009e500000| PB 0x000000009e500000| Untracked 
| 486|0x000000009e600000, 0x000000009e600000, 0x000000009e700000|  0%| F|  |TAMS 0x000000009e600000| PB 0x000000009e600000| Untracked 
| 487|0x000000009e700000, 0x000000009e700000, 0x000000009e800000|  0%| F|  |TAMS 0x000000009e700000| PB 0x000000009e700000| Untracked 
| 488|0x000000009e800000, 0x000000009e800000, 0x000000009e900000|  0%| F|  |TAMS 0x000000009e800000| PB 0x000000009e800000| Untracked 
| 489|0x000000009e900000, 0x000000009e900000, 0x000000009ea00000|  0%| F|  |TAMS 0x000000009e900000| PB 0x000000009e900000| Untracked 
| 490|0x000000009ea00000, 0x000000009ea00000, 0x000000009eb00000|  0%| F|  |TAMS 0x000000009ea00000| PB 0x000000009ea00000| Untracked 
| 491|0x000000009eb00000, 0x000000009eb00000, 0x000000009ec00000|  0%| F|  |TAMS 0x000000009eb00000| PB 0x000000009eb00000| Untracked 
| 492|0x000000009ec00000, 0x000000009ec00000, 0x000000009ed00000|  0%| F|  |TAMS 0x000000009ec00000| PB 0x000000009ec00000| Untracked 
| 493|0x000000009ed00000, 0x000000009ed00000, 0x000000009ee00000|  0%| F|  |TAMS 0x000000009ed00000| PB 0x000000009ed00000| Untracked 
| 494|0x000000009ee00000, 0x000000009ee00000, 0x000000009ef00000|  0%| F|  |TAMS 0x000000009ee00000| PB 0x000000009ee00000| Untracked 
| 495|0x000000009ef00000, 0x000000009ef00000, 0x000000009f000000|  0%| F|  |TAMS 0x000000009ef00000| PB 0x000000009ef00000| Untracked 
| 496|0x000000009f000000, 0x000000009f000000, 0x000000009f100000|  0%| F|  |TAMS 0x000000009f000000| PB 0x000000009f000000| Untracked 
| 497|0x000000009f100000, 0x000000009f100000, 0x000000009f200000|  0%| F|  |TAMS 0x000000009f100000| PB 0x000000009f100000| Untracked 
| 498|0x000000009f200000, 0x000000009f200000, 0x000000009f300000|  0%| F|  |TAMS 0x000000009f200000| PB 0x000000009f200000| Untracked 
| 499|0x000000009f300000, 0x000000009f300000, 0x000000009f400000|  0%| F|  |TAMS 0x000000009f300000| PB 0x000000009f300000| Untracked 
| 500|0x000000009f400000, 0x000000009f48e438, 0x000000009f500000| 55%| E|  |TAMS 0x000000009f400000| PB 0x000000009f400000| Complete 
| 501|0x000000009f500000, 0x000000009f600000, 0x000000009f600000|100%| E|CS|TAMS 0x000000009f500000| PB 0x000000009f500000| Complete 
| 502|0x000000009f600000, 0x000000009f700000, 0x000000009f700000|100%| E|CS|TAMS 0x000000009f600000| PB 0x000000009f600000| Complete 
| 503|0x000000009f700000, 0x000000009f800000, 0x000000009f800000|100%| E|CS|TAMS 0x000000009f700000| PB 0x000000009f700000| Complete 
| 504|0x000000009f800000, 0x000000009f900000, 0x000000009f900000|100%| E|CS|TAMS 0x000000009f800000| PB 0x000000009f800000| Complete 
| 505|0x000000009f900000, 0x000000009fa00000, 0x000000009fa00000|100%| E|CS|TAMS 0x000000009f900000| PB 0x000000009f900000| Complete 
| 506|0x000000009fa00000, 0x000000009fb00000, 0x000000009fb00000|100%| E|CS|TAMS 0x000000009fa00000| PB 0x000000009fa00000| Complete 
| 507|0x000000009fb00000, 0x000000009fc00000, 0x000000009fc00000|100%| E|CS|TAMS 0x000000009fb00000| PB 0x000000009fb00000| Complete 
| 508|0x000000009fc00000, 0x000000009fd00000, 0x000000009fd00000|100%| E|CS|TAMS 0x000000009fc00000| PB 0x000000009fc00000| Complete 
| 509|0x000000009fd00000, 0x000000009fe00000, 0x000000009fe00000|100%| E|CS|TAMS 0x000000009fd00000| PB 0x000000009fd00000| Complete 
| 510|0x000000009fe00000, 0x000000009ff00000, 0x000000009ff00000|100%| E|CS|TAMS 0x000000009fe00000| PB 0x000000009fe00000| Complete 
| 511|0x000000009ff00000, 0x00000000a0000000, 0x00000000a0000000|100%| E|CS|TAMS 0x000000009ff00000| PB 0x000000009ff00000| Complete 
| 512|0x00000000a0000000, 0x00000000a0100000, 0x00000000a0100000|100%| E|CS|TAMS 0x00000000a0000000| PB 0x00000000a0000000| Complete 
| 513|0x00000000a0100000, 0x00000000a0200000, 0x00000000a0200000|100%| E|CS|TAMS 0x00000000a0100000| PB 0x00000000a0100000| Complete 
| 514|0x00000000a0200000, 0x00000000a0300000, 0x00000000a0300000|100%| E|CS|TAMS 0x00000000a0200000| PB 0x00000000a0200000| Complete 
| 515|0x00000000a0300000, 0x00000000a0400000, 0x00000000a0400000|100%| E|CS|TAMS 0x00000000a0300000| PB 0x00000000a0300000| Complete 
| 516|0x00000000a0400000, 0x00000000a0500000, 0x00000000a0500000|100%| E|CS|TAMS 0x00000000a0400000| PB 0x00000000a0400000| Complete 
| 517|0x00000000a0500000, 0x00000000a0600000, 0x00000000a0600000|100%| E|CS|TAMS 0x00000000a0500000| PB 0x00000000a0500000| Complete 
| 518|0x00000000a0600000, 0x00000000a0700000, 0x00000000a0700000|100%| E|CS|TAMS 0x00000000a0600000| PB 0x00000000a0600000| Complete 
| 519|0x00000000a0700000, 0x00000000a0800000, 0x00000000a0800000|100%| E|CS|TAMS 0x00000000a0700000| PB 0x00000000a0700000| Complete 
| 520|0x00000000a0800000, 0x00000000a0900000, 0x00000000a0900000|100%| E|CS|TAMS 0x00000000a0800000| PB 0x00000000a0800000| Complete 
| 521|0x00000000a0900000, 0x00000000a0a00000, 0x00000000a0a00000|100%| E|CS|TAMS 0x00000000a0900000| PB 0x00000000a0900000| Complete 
| 522|0x00000000a0a00000, 0x00000000a0b00000, 0x00000000a0b00000|100%| E|CS|TAMS 0x00000000a0a00000| PB 0x00000000a0a00000| Complete 
| 523|0x00000000a0b00000, 0x00000000a0c00000, 0x00000000a0c00000|100%| E|CS|TAMS 0x00000000a0b00000| PB 0x00000000a0b00000| Complete 
| 524|0x00000000a0c00000, 0x00000000a0d00000, 0x00000000a0d00000|100%| E|CS|TAMS 0x00000000a0c00000| PB 0x00000000a0c00000| Complete 
| 525|0x00000000a0d00000, 0x00000000a0e00000, 0x00000000a0e00000|100%| E|CS|TAMS 0x00000000a0d00000| PB 0x00000000a0d00000| Complete 
| 526|0x00000000a0e00000, 0x00000000a0f00000, 0x00000000a0f00000|100%| E|CS|TAMS 0x00000000a0e00000| PB 0x00000000a0e00000| Complete 
| 527|0x00000000a0f00000, 0x00000000a1000000, 0x00000000a1000000|100%| E|CS|TAMS 0x00000000a0f00000| PB 0x00000000a0f00000| Complete 
| 528|0x00000000a1000000, 0x00000000a1100000, 0x00000000a1100000|100%| E|CS|TAMS 0x00000000a1000000| PB 0x00000000a1000000| Complete 
| 529|0x00000000a1100000, 0x00000000a1200000, 0x00000000a1200000|100%| E|CS|TAMS 0x00000000a1100000| PB 0x00000000a1100000| Complete 
| 530|0x00000000a1200000, 0x00000000a1300000, 0x00000000a1300000|100%| E|CS|TAMS 0x00000000a1200000| PB 0x00000000a1200000| Complete 
| 531|0x00000000a1300000, 0x00000000a1400000, 0x00000000a1400000|100%| E|CS|TAMS 0x00000000a1300000| PB 0x00000000a1300000| Complete 
| 532|0x00000000a1400000, 0x00000000a1500000, 0x00000000a1500000|100%| E|CS|TAMS 0x00000000a1400000| PB 0x00000000a1400000| Complete 
| 533|0x00000000a1500000, 0x00000000a1600000, 0x00000000a1600000|100%| E|CS|TAMS 0x00000000a1500000| PB 0x00000000a1500000| Complete 
| 534|0x00000000a1600000, 0x00000000a1700000, 0x00000000a1700000|100%| E|CS|TAMS 0x00000000a1600000| PB 0x00000000a1600000| Complete 
| 535|0x00000000a1700000, 0x00000000a1800000, 0x00000000a1800000|100%| E|CS|TAMS 0x00000000a1700000| PB 0x00000000a1700000| Complete 
| 536|0x00000000a1800000, 0x00000000a1900000, 0x00000000a1900000|100%| E|CS|TAMS 0x00000000a1800000| PB 0x00000000a1800000| Complete 
| 537|0x00000000a1900000, 0x00000000a1a00000, 0x00000000a1a00000|100%| E|CS|TAMS 0x00000000a1900000| PB 0x00000000a1900000| Complete 
| 538|0x00000000a1a00000, 0x00000000a1b00000, 0x00000000a1b00000|100%| E|CS|TAMS 0x00000000a1a00000| PB 0x00000000a1a00000| Complete 
| 539|0x00000000a1b00000, 0x00000000a1c00000, 0x00000000a1c00000|100%| E|CS|TAMS 0x00000000a1b00000| PB 0x00000000a1b00000| Complete 
| 540|0x00000000a1c00000, 0x00000000a1d00000, 0x00000000a1d00000|100%| E|CS|TAMS 0x00000000a1c00000| PB 0x00000000a1c00000| Complete 
| 541|0x00000000a1d00000, 0x00000000a1e00000, 0x00000000a1e00000|100%| E|CS|TAMS 0x00000000a1d00000| PB 0x00000000a1d00000| Complete 
| 542|0x00000000a1e00000, 0x00000000a1f00000, 0x00000000a1f00000|100%| E|CS|TAMS 0x00000000a1e00000| PB 0x00000000a1e00000| Complete 
| 543|0x00000000a1f00000, 0x00000000a2000000, 0x00000000a2000000|100%| E|CS|TAMS 0x00000000a1f00000| PB 0x00000000a1f00000| Complete 
| 544|0x00000000a2000000, 0x00000000a2100000, 0x00000000a2100000|100%| E|CS|TAMS 0x00000000a2000000| PB 0x00000000a2000000| Complete 
| 545|0x00000000a2100000, 0x00000000a2200000, 0x00000000a2200000|100%| E|CS|TAMS 0x00000000a2100000| PB 0x00000000a2100000| Complete 
| 546|0x00000000a2200000, 0x00000000a2300000, 0x00000000a2300000|100%| E|CS|TAMS 0x00000000a2200000| PB 0x00000000a2200000| Complete 
| 547|0x00000000a2300000, 0x00000000a2400000, 0x00000000a2400000|100%| E|CS|TAMS 0x00000000a2300000| PB 0x00000000a2300000| Complete 
| 548|0x00000000a2400000, 0x00000000a2500000, 0x00000000a2500000|100%| E|CS|TAMS 0x00000000a2400000| PB 0x00000000a2400000| Complete 
| 549|0x00000000a2500000, 0x00000000a2600000, 0x00000000a2600000|100%| E|CS|TAMS 0x00000000a2500000| PB 0x00000000a2500000| Complete 
| 550|0x00000000a2600000, 0x00000000a2700000, 0x00000000a2700000|100%| E|CS|TAMS 0x00000000a2600000| PB 0x00000000a2600000| Complete 
| 551|0x00000000a2700000, 0x00000000a2800000, 0x00000000a2800000|100%| E|CS|TAMS 0x00000000a2700000| PB 0x00000000a2700000| Complete 
| 552|0x00000000a2800000, 0x00000000a2900000, 0x00000000a2900000|100%| E|CS|TAMS 0x00000000a2800000| PB 0x00000000a2800000| Complete 
| 553|0x00000000a2900000, 0x00000000a2a00000, 0x00000000a2a00000|100%| E|CS|TAMS 0x00000000a2900000| PB 0x00000000a2900000| Complete 
| 554|0x00000000a2a00000, 0x00000000a2b00000, 0x00000000a2b00000|100%| E|CS|TAMS 0x00000000a2a00000| PB 0x00000000a2a00000| Complete 
| 555|0x00000000a2b00000, 0x00000000a2c00000, 0x00000000a2c00000|100%| E|CS|TAMS 0x00000000a2b00000| PB 0x00000000a2b00000| Complete 
| 556|0x00000000a2c00000, 0x00000000a2d00000, 0x00000000a2d00000|100%| E|CS|TAMS 0x00000000a2c00000| PB 0x00000000a2c00000| Complete 
| 557|0x00000000a2d00000, 0x00000000a2e00000, 0x00000000a2e00000|100%| E|CS|TAMS 0x00000000a2d00000| PB 0x00000000a2d00000| Complete 
| 558|0x00000000a2e00000, 0x00000000a2f00000, 0x00000000a2f00000|100%| E|CS|TAMS 0x00000000a2e00000| PB 0x00000000a2e00000| Complete 
| 559|0x00000000a2f00000, 0x00000000a3000000, 0x00000000a3000000|100%| E|CS|TAMS 0x00000000a2f00000| PB 0x00000000a2f00000| Complete 
| 560|0x00000000a3000000, 0x00000000a3100000, 0x00000000a3100000|100%| E|CS|TAMS 0x00000000a3000000| PB 0x00000000a3000000| Complete 
| 561|0x00000000a3100000, 0x00000000a3200000, 0x00000000a3200000|100%| E|CS|TAMS 0x00000000a3100000| PB 0x00000000a3100000| Complete 
| 562|0x00000000a3200000, 0x00000000a3300000, 0x00000000a3300000|100%| E|CS|TAMS 0x00000000a3200000| PB 0x00000000a3200000| Complete 
| 563|0x00000000a3300000, 0x00000000a3400000, 0x00000000a3400000|100%| E|CS|TAMS 0x00000000a3300000| PB 0x00000000a3300000| Complete 
| 564|0x00000000a3400000, 0x00000000a3500000, 0x00000000a3500000|100%| E|CS|TAMS 0x00000000a3400000| PB 0x00000000a3400000| Complete 
| 565|0x00000000a3500000, 0x00000000a3600000, 0x00000000a3600000|100%| E|CS|TAMS 0x00000000a3500000| PB 0x00000000a3500000| Complete 
| 566|0x00000000a3600000, 0x00000000a3700000, 0x00000000a3700000|100%| E|CS|TAMS 0x00000000a3600000| PB 0x00000000a3600000| Complete 
| 567|0x00000000a3700000, 0x00000000a3800000, 0x00000000a3800000|100%| E|CS|TAMS 0x00000000a3700000| PB 0x00000000a3700000| Complete 
| 568|0x00000000a3800000, 0x00000000a3900000, 0x00000000a3900000|100%| E|CS|TAMS 0x00000000a3800000| PB 0x00000000a3800000| Complete 
| 569|0x00000000a3900000, 0x00000000a3a00000, 0x00000000a3a00000|100%| E|CS|TAMS 0x00000000a3900000| PB 0x00000000a3900000| Complete 
| 570|0x00000000a3a00000, 0x00000000a3b00000, 0x00000000a3b00000|100%| E|CS|TAMS 0x00000000a3a00000| PB 0x00000000a3a00000| Complete 
| 571|0x00000000a3b00000, 0x00000000a3c00000, 0x00000000a3c00000|100%| E|CS|TAMS 0x00000000a3b00000| PB 0x00000000a3b00000| Complete 
| 572|0x00000000a3c00000, 0x00000000a3d00000, 0x00000000a3d00000|100%| E|CS|TAMS 0x00000000a3c00000| PB 0x00000000a3c00000| Complete 
| 573|0x00000000a3d00000, 0x00000000a3e00000, 0x00000000a3e00000|100%| E|CS|TAMS 0x00000000a3d00000| PB 0x00000000a3d00000| Complete 
| 574|0x00000000a3e00000, 0x00000000a3f00000, 0x00000000a3f00000|100%| E|CS|TAMS 0x00000000a3e00000| PB 0x00000000a3e00000| Complete 
| 575|0x00000000a3f00000, 0x00000000a4000000, 0x00000000a4000000|100%| E|CS|TAMS 0x00000000a3f00000| PB 0x00000000a3f00000| Complete 
| 576|0x00000000a4000000, 0x00000000a4100000, 0x00000000a4100000|100%| E|CS|TAMS 0x00000000a4000000| PB 0x00000000a4000000| Complete 
| 577|0x00000000a4100000, 0x00000000a4200000, 0x00000000a4200000|100%| E|CS|TAMS 0x00000000a4100000| PB 0x00000000a4100000| Complete 
| 578|0x00000000a4200000, 0x00000000a4300000, 0x00000000a4300000|100%| E|CS|TAMS 0x00000000a4200000| PB 0x00000000a4200000| Complete 
| 579|0x00000000a4300000, 0x00000000a4400000, 0x00000000a4400000|100%| E|CS|TAMS 0x00000000a4300000| PB 0x00000000a4300000| Complete 
| 580|0x00000000a4400000, 0x00000000a4500000, 0x00000000a4500000|100%| E|CS|TAMS 0x00000000a4400000| PB 0x00000000a4400000| Complete 
| 581|0x00000000a4500000, 0x00000000a4600000, 0x00000000a4600000|100%| E|CS|TAMS 0x00000000a4500000| PB 0x00000000a4500000| Complete 
| 582|0x00000000a4600000, 0x00000000a4700000, 0x00000000a4700000|100%| E|CS|TAMS 0x00000000a4600000| PB 0x00000000a4600000| Complete 
| 583|0x00000000a4700000, 0x00000000a4800000, 0x00000000a4800000|100%| E|CS|TAMS 0x00000000a4700000| PB 0x00000000a4700000| Complete 
| 584|0x00000000a4800000, 0x00000000a4900000, 0x00000000a4900000|100%| E|CS|TAMS 0x00000000a4800000| PB 0x00000000a4800000| Complete 
| 585|0x00000000a4900000, 0x00000000a4a00000, 0x00000000a4a00000|100%| E|CS|TAMS 0x00000000a4900000| PB 0x00000000a4900000| Complete 
| 586|0x00000000a4a00000, 0x00000000a4b00000, 0x00000000a4b00000|100%| E|CS|TAMS 0x00000000a4a00000| PB 0x00000000a4a00000| Complete 
| 587|0x00000000a4b00000, 0x00000000a4c00000, 0x00000000a4c00000|100%| E|CS|TAMS 0x00000000a4b00000| PB 0x00000000a4b00000| Complete 
| 588|0x00000000a4c00000, 0x00000000a4d00000, 0x00000000a4d00000|100%| E|CS|TAMS 0x00000000a4c00000| PB 0x00000000a4c00000| Complete 
| 589|0x00000000a4d00000, 0x00000000a4e00000, 0x00000000a4e00000|100%| E|CS|TAMS 0x00000000a4d00000| PB 0x00000000a4d00000| Complete 
| 590|0x00000000a4e00000, 0x00000000a4f00000, 0x00000000a4f00000|100%| E|CS|TAMS 0x00000000a4e00000| PB 0x00000000a4e00000| Complete 
| 591|0x00000000a4f00000, 0x00000000a5000000, 0x00000000a5000000|100%| E|CS|TAMS 0x00000000a4f00000| PB 0x00000000a4f00000| Complete 
| 592|0x00000000a5000000, 0x00000000a5100000, 0x00000000a5100000|100%| E|CS|TAMS 0x00000000a5000000| PB 0x00000000a5000000| Complete 
| 593|0x00000000a5100000, 0x00000000a5200000, 0x00000000a5200000|100%| E|CS|TAMS 0x00000000a5100000| PB 0x00000000a5100000| Complete 
| 594|0x00000000a5200000, 0x00000000a5300000, 0x00000000a5300000|100%| E|CS|TAMS 0x00000000a5200000| PB 0x00000000a5200000| Complete 
| 595|0x00000000a5300000, 0x00000000a5400000, 0x00000000a5400000|100%| E|CS|TAMS 0x00000000a5300000| PB 0x00000000a5300000| Complete 
| 596|0x00000000a5400000, 0x00000000a5500000, 0x00000000a5500000|100%| E|CS|TAMS 0x00000000a5400000| PB 0x00000000a5400000| Complete 
| 597|0x00000000a5500000, 0x00000000a5600000, 0x00000000a5600000|100%| E|CS|TAMS 0x00000000a5500000| PB 0x00000000a5500000| Complete 
| 598|0x00000000a5600000, 0x00000000a5700000, 0x00000000a5700000|100%| E|CS|TAMS 0x00000000a5600000| PB 0x00000000a5600000| Complete 
| 599|0x00000000a5700000, 0x00000000a5800000, 0x00000000a5800000|100%| E|CS|TAMS 0x00000000a5700000| PB 0x00000000a5700000| Complete 
| 600|0x00000000a5800000, 0x00000000a5900000, 0x00000000a5900000|100%| E|CS|TAMS 0x00000000a5800000| PB 0x00000000a5800000| Complete 
| 601|0x00000000a5900000, 0x00000000a5a00000, 0x00000000a5a00000|100%| E|CS|TAMS 0x00000000a5900000| PB 0x00000000a5900000| Complete 
| 602|0x00000000a5a00000, 0x00000000a5b00000, 0x00000000a5b00000|100%| E|CS|TAMS 0x00000000a5a00000| PB 0x00000000a5a00000| Complete 
| 603|0x00000000a5b00000, 0x00000000a5c00000, 0x00000000a5c00000|100%| E|CS|TAMS 0x00000000a5b00000| PB 0x00000000a5b00000| Complete 
| 604|0x00000000a5c00000, 0x00000000a5d00000, 0x00000000a5d00000|100%| E|CS|TAMS 0x00000000a5c00000| PB 0x00000000a5c00000| Complete 
| 605|0x00000000a5d00000, 0x00000000a5e00000, 0x00000000a5e00000|100%| E|CS|TAMS 0x00000000a5d00000| PB 0x00000000a5d00000| Complete 
| 606|0x00000000a5e00000, 0x00000000a5f00000, 0x00000000a5f00000|100%| E|CS|TAMS 0x00000000a5e00000| PB 0x00000000a5e00000| Complete 
| 607|0x00000000a5f00000, 0x00000000a6000000, 0x00000000a6000000|100%| E|CS|TAMS 0x00000000a5f00000| PB 0x00000000a5f00000| Complete 
| 608|0x00000000a6000000, 0x00000000a6100000, 0x00000000a6100000|100%| E|CS|TAMS 0x00000000a6000000| PB 0x00000000a6000000| Complete 
| 609|0x00000000a6100000, 0x00000000a6200000, 0x00000000a6200000|100%| E|CS|TAMS 0x00000000a6100000| PB 0x00000000a6100000| Complete 
| 610|0x00000000a6200000, 0x00000000a6300000, 0x00000000a6300000|100%| E|CS|TAMS 0x00000000a6200000| PB 0x00000000a6200000| Complete 
| 611|0x00000000a6300000, 0x00000000a6400000, 0x00000000a6400000|100%| E|CS|TAMS 0x00000000a6300000| PB 0x00000000a6300000| Complete 
| 612|0x00000000a6400000, 0x00000000a6500000, 0x00000000a6500000|100%| E|CS|TAMS 0x00000000a6400000| PB 0x00000000a6400000| Complete 
| 613|0x00000000a6500000, 0x00000000a6600000, 0x00000000a6600000|100%| E|CS|TAMS 0x00000000a6500000| PB 0x00000000a6500000| Complete 
| 614|0x00000000a6600000, 0x00000000a6700000, 0x00000000a6700000|100%| E|CS|TAMS 0x00000000a6600000| PB 0x00000000a6600000| Complete 
| 615|0x00000000a6700000, 0x00000000a6800000, 0x00000000a6800000|100%| E|CS|TAMS 0x00000000a6700000| PB 0x00000000a6700000| Complete 
| 616|0x00000000a6800000, 0x00000000a6900000, 0x00000000a6900000|100%| E|CS|TAMS 0x00000000a6800000| PB 0x00000000a6800000| Complete 
| 617|0x00000000a6900000, 0x00000000a6a00000, 0x00000000a6a00000|100%| E|CS|TAMS 0x00000000a6900000| PB 0x00000000a6900000| Complete 
| 618|0x00000000a6a00000, 0x00000000a6b00000, 0x00000000a6b00000|100%| E|CS|TAMS 0x00000000a6a00000| PB 0x00000000a6a00000| Complete 
| 619|0x00000000a6b00000, 0x00000000a6c00000, 0x00000000a6c00000|100%| E|CS|TAMS 0x00000000a6b00000| PB 0x00000000a6b00000| Complete 
| 620|0x00000000a6c00000, 0x00000000a6d00000, 0x00000000a6d00000|100%| E|CS|TAMS 0x00000000a6c00000| PB 0x00000000a6c00000| Complete 
| 621|0x00000000a6d00000, 0x00000000a6e00000, 0x00000000a6e00000|100%| E|CS|TAMS 0x00000000a6d00000| PB 0x00000000a6d00000| Complete 
| 622|0x00000000a6e00000, 0x00000000a6f00000, 0x00000000a6f00000|100%| E|CS|TAMS 0x00000000a6e00000| PB 0x00000000a6e00000| Complete 
| 623|0x00000000a6f00000, 0x00000000a7000000, 0x00000000a7000000|100%| E|CS|TAMS 0x00000000a6f00000| PB 0x00000000a6f00000| Complete 
| 624|0x00000000a7000000, 0x00000000a7100000, 0x00000000a7100000|100%| E|CS|TAMS 0x00000000a7000000| PB 0x00000000a7000000| Complete 
| 625|0x00000000a7100000, 0x00000000a7200000, 0x00000000a7200000|100%| E|CS|TAMS 0x00000000a7100000| PB 0x00000000a7100000| Complete 
| 626|0x00000000a7200000, 0x00000000a7300000, 0x00000000a7300000|100%| E|CS|TAMS 0x00000000a7200000| PB 0x00000000a7200000| Complete 
| 627|0x00000000a7300000, 0x00000000a7400000, 0x00000000a7400000|100%| E|CS|TAMS 0x00000000a7300000| PB 0x00000000a7300000| Complete 
| 628|0x00000000a7400000, 0x00000000a7500000, 0x00000000a7500000|100%| E|CS|TAMS 0x00000000a7400000| PB 0x00000000a7400000| Complete 
| 629|0x00000000a7500000, 0x00000000a7600000, 0x00000000a7600000|100%| E|CS|TAMS 0x00000000a7500000| PB 0x00000000a7500000| Complete 
| 630|0x00000000a7600000, 0x00000000a7700000, 0x00000000a7700000|100%| E|CS|TAMS 0x00000000a7600000| PB 0x00000000a7600000| Complete 
| 631|0x00000000a7700000, 0x00000000a7800000, 0x00000000a7800000|100%| E|CS|TAMS 0x00000000a7700000| PB 0x00000000a7700000| Complete 
| 632|0x00000000a7800000, 0x00000000a7900000, 0x00000000a7900000|100%| E|CS|TAMS 0x00000000a7800000| PB 0x00000000a7800000| Complete 
| 633|0x00000000a7900000, 0x00000000a7a00000, 0x00000000a7a00000|100%| E|CS|TAMS 0x00000000a7900000| PB 0x00000000a7900000| Complete 
| 634|0x00000000a7a00000, 0x00000000a7b00000, 0x00000000a7b00000|100%| E|CS|TAMS 0x00000000a7a00000| PB 0x00000000a7a00000| Complete 
| 635|0x00000000a7b00000, 0x00000000a7c00000, 0x00000000a7c00000|100%| E|CS|TAMS 0x00000000a7b00000| PB 0x00000000a7b00000| Complete 
| 636|0x00000000a7c00000, 0x00000000a7d00000, 0x00000000a7d00000|100%| E|CS|TAMS 0x00000000a7c00000| PB 0x00000000a7c00000| Complete 
| 637|0x00000000a7d00000, 0x00000000a7e00000, 0x00000000a7e00000|100%| E|CS|TAMS 0x00000000a7d00000| PB 0x00000000a7d00000| Complete 
| 638|0x00000000a7e00000, 0x00000000a7f00000, 0x00000000a7f00000|100%| E|CS|TAMS 0x00000000a7e00000| PB 0x00000000a7e00000| Complete 
| 639|0x00000000a7f00000, 0x00000000a8000000, 0x00000000a8000000|100%| E|CS|TAMS 0x00000000a7f00000| PB 0x00000000a7f00000| Complete 
| 640|0x00000000a8000000, 0x00000000a8100000, 0x00000000a8100000|100%| E|CS|TAMS 0x00000000a8000000| PB 0x00000000a8000000| Complete 
| 641|0x00000000a8100000, 0x00000000a8200000, 0x00000000a8200000|100%| E|CS|TAMS 0x00000000a8100000| PB 0x00000000a8100000| Complete 
| 642|0x00000000a8200000, 0x00000000a8300000, 0x00000000a8300000|100%| E|CS|TAMS 0x00000000a8200000| PB 0x00000000a8200000| Complete 
| 643|0x00000000a8300000, 0x00000000a8400000, 0x00000000a8400000|100%| E|CS|TAMS 0x00000000a8300000| PB 0x00000000a8300000| Complete 
| 644|0x00000000a8400000, 0x00000000a8500000, 0x00000000a8500000|100%| E|CS|TAMS 0x00000000a8400000| PB 0x00000000a8400000| Complete 
| 645|0x00000000a8500000, 0x00000000a8600000, 0x00000000a8600000|100%| E|CS|TAMS 0x00000000a8500000| PB 0x00000000a8500000| Complete 
| 646|0x00000000a8600000, 0x00000000a8700000, 0x00000000a8700000|100%| E|CS|TAMS 0x00000000a8600000| PB 0x00000000a8600000| Complete 
| 647|0x00000000a8700000, 0x00000000a8800000, 0x00000000a8800000|100%| E|CS|TAMS 0x00000000a8700000| PB 0x00000000a8700000| Complete 
| 648|0x00000000a8800000, 0x00000000a8900000, 0x00000000a8900000|100%| E|CS|TAMS 0x00000000a8800000| PB 0x00000000a8800000| Complete 
| 649|0x00000000a8900000, 0x00000000a8a00000, 0x00000000a8a00000|100%| E|CS|TAMS 0x00000000a8900000| PB 0x00000000a8900000| Complete 
| 650|0x00000000a8a00000, 0x00000000a8b00000, 0x00000000a8b00000|100%| E|CS|TAMS 0x00000000a8a00000| PB 0x00000000a8a00000| Complete 
| 651|0x00000000a8b00000, 0x00000000a8c00000, 0x00000000a8c00000|100%| E|CS|TAMS 0x00000000a8b00000| PB 0x00000000a8b00000| Complete 
| 652|0x00000000a8c00000, 0x00000000a8d00000, 0x00000000a8d00000|100%| E|CS|TAMS 0x00000000a8c00000| PB 0x00000000a8c00000| Complete 
| 653|0x00000000a8d00000, 0x00000000a8e00000, 0x00000000a8e00000|100%| E|CS|TAMS 0x00000000a8d00000| PB 0x00000000a8d00000| Complete 
| 654|0x00000000a8e00000, 0x00000000a8f00000, 0x00000000a8f00000|100%| E|CS|TAMS 0x00000000a8e00000| PB 0x00000000a8e00000| Complete 
| 655|0x00000000a8f00000, 0x00000000a9000000, 0x00000000a9000000|100%| E|CS|TAMS 0x00000000a8f00000| PB 0x00000000a8f00000| Complete 
| 656|0x00000000a9000000, 0x00000000a9100000, 0x00000000a9100000|100%| E|CS|TAMS 0x00000000a9000000| PB 0x00000000a9000000| Complete 
| 657|0x00000000a9100000, 0x00000000a9200000, 0x00000000a9200000|100%| E|CS|TAMS 0x00000000a9100000| PB 0x00000000a9100000| Complete 
| 658|0x00000000a9200000, 0x00000000a9300000, 0x00000000a9300000|100%| E|CS|TAMS 0x00000000a9200000| PB 0x00000000a9200000| Complete 
| 659|0x00000000a9300000, 0x00000000a9400000, 0x00000000a9400000|100%| E|CS|TAMS 0x00000000a9300000| PB 0x00000000a9300000| Complete 
| 660|0x00000000a9400000, 0x00000000a9500000, 0x00000000a9500000|100%| E|CS|TAMS 0x00000000a9400000| PB 0x00000000a9400000| Complete 
| 661|0x00000000a9500000, 0x00000000a9600000, 0x00000000a9600000|100%| E|CS|TAMS 0x00000000a9500000| PB 0x00000000a9500000| Complete 
| 662|0x00000000a9600000, 0x00000000a9700000, 0x00000000a9700000|100%| E|CS|TAMS 0x00000000a9600000| PB 0x00000000a9600000| Complete 
| 663|0x00000000a9700000, 0x00000000a9800000, 0x00000000a9800000|100%| E|CS|TAMS 0x00000000a9700000| PB 0x00000000a9700000| Complete 
| 664|0x00000000a9800000, 0x00000000a9900000, 0x00000000a9900000|100%| E|CS|TAMS 0x00000000a9800000| PB 0x00000000a9800000| Complete 
| 665|0x00000000a9900000, 0x00000000a9a00000, 0x00000000a9a00000|100%| E|CS|TAMS 0x00000000a9900000| PB 0x00000000a9900000| Complete 
| 666|0x00000000a9a00000, 0x00000000a9b00000, 0x00000000a9b00000|100%| E|CS|TAMS 0x00000000a9a00000| PB 0x00000000a9a00000| Complete 
| 667|0x00000000a9b00000, 0x00000000a9c00000, 0x00000000a9c00000|100%| E|CS|TAMS 0x00000000a9b00000| PB 0x00000000a9b00000| Complete 
| 668|0x00000000a9c00000, 0x00000000a9d00000, 0x00000000a9d00000|100%| E|CS|TAMS 0x00000000a9c00000| PB 0x00000000a9c00000| Complete 
| 669|0x00000000a9d00000, 0x00000000a9e00000, 0x00000000a9e00000|100%| E|CS|TAMS 0x00000000a9d00000| PB 0x00000000a9d00000| Complete 
| 670|0x00000000a9e00000, 0x00000000a9f00000, 0x00000000a9f00000|100%| E|CS|TAMS 0x00000000a9e00000| PB 0x00000000a9e00000| Complete 
| 671|0x00000000a9f00000, 0x00000000aa000000, 0x00000000aa000000|100%| E|CS|TAMS 0x00000000a9f00000| PB 0x00000000a9f00000| Complete 
| 672|0x00000000aa000000, 0x00000000aa100000, 0x00000000aa100000|100%| E|CS|TAMS 0x00000000aa000000| PB 0x00000000aa000000| Complete 
| 673|0x00000000aa100000, 0x00000000aa200000, 0x00000000aa200000|100%| E|CS|TAMS 0x00000000aa100000| PB 0x00000000aa100000| Complete 
| 674|0x00000000aa200000, 0x00000000aa300000, 0x00000000aa300000|100%| E|CS|TAMS 0x00000000aa200000| PB 0x00000000aa200000| Complete 
| 675|0x00000000aa300000, 0x00000000aa400000, 0x00000000aa400000|100%| E|CS|TAMS 0x00000000aa300000| PB 0x00000000aa300000| Complete 
| 676|0x00000000aa400000, 0x00000000aa500000, 0x00000000aa500000|100%| E|CS|TAMS 0x00000000aa400000| PB 0x00000000aa400000| Complete 
| 677|0x00000000aa500000, 0x00000000aa600000, 0x00000000aa600000|100%| E|CS|TAMS 0x00000000aa500000| PB 0x00000000aa500000| Complete 
| 678|0x00000000aa600000, 0x00000000aa700000, 0x00000000aa700000|100%| E|CS|TAMS 0x00000000aa600000| PB 0x00000000aa600000| Complete 
| 679|0x00000000aa700000, 0x00000000aa800000, 0x00000000aa800000|100%| E|CS|TAMS 0x00000000aa700000| PB 0x00000000aa700000| Complete 
| 680|0x00000000aa800000, 0x00000000aa900000, 0x00000000aa900000|100%| E|CS|TAMS 0x00000000aa800000| PB 0x00000000aa800000| Complete 
| 681|0x00000000aa900000, 0x00000000aaa00000, 0x00000000aaa00000|100%| E|CS|TAMS 0x00000000aa900000| PB 0x00000000aa900000| Complete 
| 682|0x00000000aaa00000, 0x00000000aab00000, 0x00000000aab00000|100%| E|CS|TAMS 0x00000000aaa00000| PB 0x00000000aaa00000| Complete 
| 683|0x00000000aab00000, 0x00000000aac00000, 0x00000000aac00000|100%| E|CS|TAMS 0x00000000aab00000| PB 0x00000000aab00000| Complete 
| 684|0x00000000aac00000, 0x00000000aad00000, 0x00000000aad00000|100%| E|CS|TAMS 0x00000000aac00000| PB 0x00000000aac00000| Complete 
| 685|0x00000000aad00000, 0x00000000aae00000, 0x00000000aae00000|100%| E|CS|TAMS 0x00000000aad00000| PB 0x00000000aad00000| Complete 
| 686|0x00000000aae00000, 0x00000000aaf00000, 0x00000000aaf00000|100%| E|CS|TAMS 0x00000000aae00000| PB 0x00000000aae00000| Complete 
| 687|0x00000000aaf00000, 0x00000000ab000000, 0x00000000ab000000|100%| E|CS|TAMS 0x00000000aaf00000| PB 0x00000000aaf00000| Complete 
| 688|0x00000000ab000000, 0x00000000ab100000, 0x00000000ab100000|100%| E|CS|TAMS 0x00000000ab000000| PB 0x00000000ab000000| Complete 
| 689|0x00000000ab100000, 0x00000000ab200000, 0x00000000ab200000|100%| E|CS|TAMS 0x00000000ab100000| PB 0x00000000ab100000| Complete 
| 690|0x00000000ab200000, 0x00000000ab300000, 0x00000000ab300000|100%| E|CS|TAMS 0x00000000ab200000| PB 0x00000000ab200000| Complete 
| 691|0x00000000ab300000, 0x00000000ab400000, 0x00000000ab400000|100%| E|CS|TAMS 0x00000000ab300000| PB 0x00000000ab300000| Complete 
| 692|0x00000000ab400000, 0x00000000ab500000, 0x00000000ab500000|100%| E|CS|TAMS 0x00000000ab400000| PB 0x00000000ab400000| Complete 
| 693|0x00000000ab500000, 0x00000000ab600000, 0x00000000ab600000|100%| E|CS|TAMS 0x00000000ab500000| PB 0x00000000ab500000| Complete 
| 694|0x00000000ab600000, 0x00000000ab700000, 0x00000000ab700000|100%| E|CS|TAMS 0x00000000ab600000| PB 0x00000000ab600000| Complete 
| 695|0x00000000ab700000, 0x00000000ab800000, 0x00000000ab800000|100%| E|CS|TAMS 0x00000000ab700000| PB 0x00000000ab700000| Complete 
| 696|0x00000000ab800000, 0x00000000ab900000, 0x00000000ab900000|100%| E|CS|TAMS 0x00000000ab800000| PB 0x00000000ab800000| Complete 
| 697|0x00000000ab900000, 0x00000000aba00000, 0x00000000aba00000|100%| E|CS|TAMS 0x00000000ab900000| PB 0x00000000ab900000| Complete 
| 698|0x00000000aba00000, 0x00000000abb00000, 0x00000000abb00000|100%| E|CS|TAMS 0x00000000aba00000| PB 0x00000000aba00000| Complete 
| 699|0x00000000abb00000, 0x00000000abc00000, 0x00000000abc00000|100%| E|CS|TAMS 0x00000000abb00000| PB 0x00000000abb00000| Complete 
| 700|0x00000000abc00000, 0x00000000abd00000, 0x00000000abd00000|100%| E|CS|TAMS 0x00000000abc00000| PB 0x00000000abc00000| Complete 
| 701|0x00000000abd00000, 0x00000000abe00000, 0x00000000abe00000|100%| E|CS|TAMS 0x00000000abd00000| PB 0x00000000abd00000| Complete 
| 702|0x00000000abe00000, 0x00000000abf00000, 0x00000000abf00000|100%| E|CS|TAMS 0x00000000abe00000| PB 0x00000000abe00000| Complete 
| 703|0x00000000abf00000, 0x00000000ac000000, 0x00000000ac000000|100%| E|CS|TAMS 0x00000000abf00000| PB 0x00000000abf00000| Complete 
| 704|0x00000000ac000000, 0x00000000ac100000, 0x00000000ac100000|100%| E|CS|TAMS 0x00000000ac000000| PB 0x00000000ac000000| Complete 
| 705|0x00000000ac100000, 0x00000000ac200000, 0x00000000ac200000|100%| E|CS|TAMS 0x00000000ac100000| PB 0x00000000ac100000| Complete 
| 706|0x00000000ac200000, 0x00000000ac300000, 0x00000000ac300000|100%| E|CS|TAMS 0x00000000ac200000| PB 0x00000000ac200000| Complete 
| 707|0x00000000ac300000, 0x00000000ac400000, 0x00000000ac400000|100%| E|CS|TAMS 0x00000000ac300000| PB 0x00000000ac300000| Complete 
| 708|0x00000000ac400000, 0x00000000ac500000, 0x00000000ac500000|100%| E|CS|TAMS 0x00000000ac400000| PB 0x00000000ac400000| Complete 
| 709|0x00000000ac500000, 0x00000000ac600000, 0x00000000ac600000|100%| E|CS|TAMS 0x00000000ac500000| PB 0x00000000ac500000| Complete 
| 710|0x00000000ac600000, 0x00000000ac700000, 0x00000000ac700000|100%| E|CS|TAMS 0x00000000ac600000| PB 0x00000000ac600000| Complete 
| 711|0x00000000ac700000, 0x00000000ac800000, 0x00000000ac800000|100%| E|CS|TAMS 0x00000000ac700000| PB 0x00000000ac700000| Complete 
| 712|0x00000000ac800000, 0x00000000ac900000, 0x00000000ac900000|100%| E|CS|TAMS 0x00000000ac800000| PB 0x00000000ac800000| Complete 
| 713|0x00000000ac900000, 0x00000000aca00000, 0x00000000aca00000|100%| E|CS|TAMS 0x00000000ac900000| PB 0x00000000ac900000| Complete 
| 714|0x00000000aca00000, 0x00000000acb00000, 0x00000000acb00000|100%| E|CS|TAMS 0x00000000aca00000| PB 0x00000000aca00000| Complete 
| 715|0x00000000acb00000, 0x00000000acc00000, 0x00000000acc00000|100%| E|CS|TAMS 0x00000000acb00000| PB 0x00000000acb00000| Complete 
| 716|0x00000000acc00000, 0x00000000acd00000, 0x00000000acd00000|100%| E|CS|TAMS 0x00000000acc00000| PB 0x00000000acc00000| Complete 
| 717|0x00000000acd00000, 0x00000000ace00000, 0x00000000ace00000|100%| E|CS|TAMS 0x00000000acd00000| PB 0x00000000acd00000| Complete 
| 718|0x00000000ace00000, 0x00000000acf00000, 0x00000000acf00000|100%| E|CS|TAMS 0x00000000ace00000| PB 0x00000000ace00000| Complete 
| 719|0x00000000acf00000, 0x00000000ad000000, 0x00000000ad000000|100%| E|CS|TAMS 0x00000000acf00000| PB 0x00000000acf00000| Complete 
| 720|0x00000000ad000000, 0x00000000ad100000, 0x00000000ad100000|100%| E|CS|TAMS 0x00000000ad000000| PB 0x00000000ad000000| Complete 
| 721|0x00000000ad100000, 0x00000000ad200000, 0x00000000ad200000|100%| E|CS|TAMS 0x00000000ad100000| PB 0x00000000ad100000| Complete 
| 722|0x00000000ad200000, 0x00000000ad300000, 0x00000000ad300000|100%| E|CS|TAMS 0x00000000ad200000| PB 0x00000000ad200000| Complete 
| 723|0x00000000ad300000, 0x00000000ad400000, 0x00000000ad400000|100%| E|CS|TAMS 0x00000000ad300000| PB 0x00000000ad300000| Complete 
| 724|0x00000000ad400000, 0x00000000ad500000, 0x00000000ad500000|100%| E|CS|TAMS 0x00000000ad400000| PB 0x00000000ad400000| Complete 
| 725|0x00000000ad500000, 0x00000000ad600000, 0x00000000ad600000|100%| E|CS|TAMS 0x00000000ad500000| PB 0x00000000ad500000| Complete 
| 726|0x00000000ad600000, 0x00000000ad700000, 0x00000000ad700000|100%| E|CS|TAMS 0x00000000ad600000| PB 0x00000000ad600000| Complete 
| 727|0x00000000ad700000, 0x00000000ad800000, 0x00000000ad800000|100%| E|CS|TAMS 0x00000000ad700000| PB 0x00000000ad700000| Complete 
| 728|0x00000000ad800000, 0x00000000ad900000, 0x00000000ad900000|100%| E|CS|TAMS 0x00000000ad800000| PB 0x00000000ad800000| Complete 
| 729|0x00000000ad900000, 0x00000000ada00000, 0x00000000ada00000|100%| E|CS|TAMS 0x00000000ad900000| PB 0x00000000ad900000| Complete 
| 730|0x00000000ada00000, 0x00000000adb00000, 0x00000000adb00000|100%| E|CS|TAMS 0x00000000ada00000| PB 0x00000000ada00000| Complete 
| 731|0x00000000adb00000, 0x00000000adc00000, 0x00000000adc00000|100%| E|CS|TAMS 0x00000000adb00000| PB 0x00000000adb00000| Complete 
| 732|0x00000000adc00000, 0x00000000add00000, 0x00000000add00000|100%| E|CS|TAMS 0x00000000adc00000| PB 0x00000000adc00000| Complete 
| 733|0x00000000add00000, 0x00000000ade00000, 0x00000000ade00000|100%| E|CS|TAMS 0x00000000add00000| PB 0x00000000add00000| Complete 
| 734|0x00000000ade00000, 0x00000000adf00000, 0x00000000adf00000|100%| E|CS|TAMS 0x00000000ade00000| PB 0x00000000ade00000| Complete 
| 735|0x00000000adf00000, 0x00000000ae000000, 0x00000000ae000000|100%| E|CS|TAMS 0x00000000adf00000| PB 0x00000000adf00000| Complete 
| 736|0x00000000ae000000, 0x00000000ae100000, 0x00000000ae100000|100%| E|CS|TAMS 0x00000000ae000000| PB 0x00000000ae000000| Complete 
| 737|0x00000000ae100000, 0x00000000ae200000, 0x00000000ae200000|100%| E|CS|TAMS 0x00000000ae100000| PB 0x00000000ae100000| Complete 
| 738|0x00000000ae200000, 0x00000000ae300000, 0x00000000ae300000|100%| E|CS|TAMS 0x00000000ae200000| PB 0x00000000ae200000| Complete 
| 739|0x00000000ae300000, 0x00000000ae400000, 0x00000000ae400000|100%| E|CS|TAMS 0x00000000ae300000| PB 0x00000000ae300000| Complete 
| 740|0x00000000ae400000, 0x00000000ae500000, 0x00000000ae500000|100%| E|CS|TAMS 0x00000000ae400000| PB 0x00000000ae400000| Complete 
| 741|0x00000000ae500000, 0x00000000ae600000, 0x00000000ae600000|100%| E|CS|TAMS 0x00000000ae500000| PB 0x00000000ae500000| Complete 
| 742|0x00000000ae600000, 0x00000000ae700000, 0x00000000ae700000|100%| E|CS|TAMS 0x00000000ae600000| PB 0x00000000ae600000| Complete 
| 743|0x00000000ae700000, 0x00000000ae800000, 0x00000000ae800000|100%| E|CS|TAMS 0x00000000ae700000| PB 0x00000000ae700000| Complete 
| 744|0x00000000ae800000, 0x00000000ae900000, 0x00000000ae900000|100%| E|CS|TAMS 0x00000000ae800000| PB 0x00000000ae800000| Complete 
| 745|0x00000000ae900000, 0x00000000aea00000, 0x00000000aea00000|100%| E|CS|TAMS 0x00000000ae900000| PB 0x00000000ae900000| Complete 
| 746|0x00000000aea00000, 0x00000000aeb00000, 0x00000000aeb00000|100%| E|CS|TAMS 0x00000000aea00000| PB 0x00000000aea00000| Complete 
| 747|0x00000000aeb00000, 0x00000000aec00000, 0x00000000aec00000|100%| E|CS|TAMS 0x00000000aeb00000| PB 0x00000000aeb00000| Complete 
| 748|0x00000000aec00000, 0x00000000aed00000, 0x00000000aed00000|100%| E|CS|TAMS 0x00000000aec00000| PB 0x00000000aec00000| Complete 
| 749|0x00000000aed00000, 0x00000000aee00000, 0x00000000aee00000|100%| E|CS|TAMS 0x00000000aed00000| PB 0x00000000aed00000| Complete 
| 750|0x00000000aee00000, 0x00000000aef00000, 0x00000000aef00000|100%| E|CS|TAMS 0x00000000aee00000| PB 0x00000000aee00000| Complete 
| 751|0x00000000aef00000, 0x00000000af000000, 0x00000000af000000|100%| E|CS|TAMS 0x00000000aef00000| PB 0x00000000aef00000| Complete 
| 752|0x00000000af000000, 0x00000000af100000, 0x00000000af100000|100%| E|CS|TAMS 0x00000000af000000| PB 0x00000000af000000| Complete 
| 753|0x00000000af100000, 0x00000000af200000, 0x00000000af200000|100%| E|CS|TAMS 0x00000000af100000| PB 0x00000000af100000| Complete 
| 754|0x00000000af200000, 0x00000000af300000, 0x00000000af300000|100%| E|CS|TAMS 0x00000000af200000| PB 0x00000000af200000| Complete 
| 755|0x00000000af300000, 0x00000000af400000, 0x00000000af400000|100%| E|CS|TAMS 0x00000000af300000| PB 0x00000000af300000| Complete 
| 756|0x00000000af400000, 0x00000000af500000, 0x00000000af500000|100%| E|CS|TAMS 0x00000000af400000| PB 0x00000000af400000| Complete 
| 757|0x00000000af500000, 0x00000000af600000, 0x00000000af600000|100%| E|CS|TAMS 0x00000000af500000| PB 0x00000000af500000| Complete 
| 758|0x00000000af600000, 0x00000000af700000, 0x00000000af700000|100%| E|CS|TAMS 0x00000000af600000| PB 0x00000000af600000| Complete 
| 759|0x00000000af700000, 0x00000000af800000, 0x00000000af800000|100%| E|CS|TAMS 0x00000000af700000| PB 0x00000000af700000| Complete 
| 760|0x00000000af800000, 0x00000000af900000, 0x00000000af900000|100%| E|CS|TAMS 0x00000000af800000| PB 0x00000000af800000| Complete 
| 761|0x00000000af900000, 0x00000000afa00000, 0x00000000afa00000|100%| E|CS|TAMS 0x00000000af900000| PB 0x00000000af900000| Complete 
| 762|0x00000000afa00000, 0x00000000afb00000, 0x00000000afb00000|100%| E|CS|TAMS 0x00000000afa00000| PB 0x00000000afa00000| Complete 
| 763|0x00000000afb00000, 0x00000000afc00000, 0x00000000afc00000|100%| E|CS|TAMS 0x00000000afb00000| PB 0x00000000afb00000| Complete 
| 764|0x00000000afc00000, 0x00000000afd00000, 0x00000000afd00000|100%| E|CS|TAMS 0x00000000afc00000| PB 0x00000000afc00000| Complete 
| 765|0x00000000afd00000, 0x00000000afe00000, 0x00000000afe00000|100%| E|CS|TAMS 0x00000000afd00000| PB 0x00000000afd00000| Complete 
| 766|0x00000000afe00000, 0x00000000aff00000, 0x00000000aff00000|100%| E|CS|TAMS 0x00000000afe00000| PB 0x00000000afe00000| Complete 
| 767|0x00000000aff00000, 0x00000000b0000000, 0x00000000b0000000|100%| E|CS|TAMS 0x00000000aff00000| PB 0x00000000aff00000| Complete 
| 768|0x00000000b0000000, 0x00000000b0100000, 0x00000000b0100000|100%| E|CS|TAMS 0x00000000b0000000| PB 0x00000000b0000000| Complete 
| 769|0x00000000b0100000, 0x00000000b0200000, 0x00000000b0200000|100%| E|CS|TAMS 0x00000000b0100000| PB 0x00000000b0100000| Complete 
| 770|0x00000000b0200000, 0x00000000b0300000, 0x00000000b0300000|100%| E|CS|TAMS 0x00000000b0200000| PB 0x00000000b0200000| Complete 
| 771|0x00000000b0300000, 0x00000000b0400000, 0x00000000b0400000|100%| E|CS|TAMS 0x00000000b0300000| PB 0x00000000b0300000| Complete 
| 772|0x00000000b0400000, 0x00000000b0500000, 0x00000000b0500000|100%| E|CS|TAMS 0x00000000b0400000| PB 0x00000000b0400000| Complete 
| 773|0x00000000b0500000, 0x00000000b0600000, 0x00000000b0600000|100%| E|CS|TAMS 0x00000000b0500000| PB 0x00000000b0500000| Complete 
| 774|0x00000000b0600000, 0x00000000b0700000, 0x00000000b0700000|100%| E|CS|TAMS 0x00000000b0600000| PB 0x00000000b0600000| Complete 
| 775|0x00000000b0700000, 0x00000000b0800000, 0x00000000b0800000|100%| E|CS|TAMS 0x00000000b0700000| PB 0x00000000b0700000| Complete 
| 776|0x00000000b0800000, 0x00000000b0900000, 0x00000000b0900000|100%| E|CS|TAMS 0x00000000b0800000| PB 0x00000000b0800000| Complete 
| 777|0x00000000b0900000, 0x00000000b0a00000, 0x00000000b0a00000|100%| E|CS|TAMS 0x00000000b0900000| PB 0x00000000b0900000| Complete 
| 778|0x00000000b0a00000, 0x00000000b0b00000, 0x00000000b0b00000|100%| E|CS|TAMS 0x00000000b0a00000| PB 0x00000000b0a00000| Complete 
| 779|0x00000000b0b00000, 0x00000000b0c00000, 0x00000000b0c00000|100%| E|CS|TAMS 0x00000000b0b00000| PB 0x00000000b0b00000| Complete 
| 780|0x00000000b0c00000, 0x00000000b0d00000, 0x00000000b0d00000|100%| E|CS|TAMS 0x00000000b0c00000| PB 0x00000000b0c00000| Complete 
| 781|0x00000000b0d00000, 0x00000000b0e00000, 0x00000000b0e00000|100%| E|CS|TAMS 0x00000000b0d00000| PB 0x00000000b0d00000| Complete 
|1977|0x00000000fb900000, 0x00000000fba00000, 0x00000000fba00000|100%| E|CS|TAMS 0x00000000fb900000| PB 0x00000000fb900000| Complete 
|1978|0x00000000fba00000, 0x00000000fbb00000, 0x00000000fbb00000|100%| E|CS|TAMS 0x00000000fba00000| PB 0x00000000fba00000| Complete 
|1979|0x00000000fbb00000, 0x00000000fbc00000, 0x00000000fbc00000|100%| O|  |TAMS 0x00000000fbb00000| PB 0x00000000fbb00000| Untracked 
|1980|0x00000000fbc00000, 0x00000000fbd00000, 0x00000000fbd00000|100%| O|  |TAMS 0x00000000fbc00000| PB 0x00000000fbc00000| Untracked 
|1981|0x00000000fbd00000, 0x00000000fbe00000, 0x00000000fbe00000|100%| O|  |TAMS 0x00000000fbd00000| PB 0x00000000fbd00000| Untracked 
|1982|0x00000000fbe00000, 0x00000000fbf00000, 0x00000000fbf00000|100%| O|  |TAMS 0x00000000fbe00000| PB 0x00000000fbe00000| Untracked 
|1983|0x00000000fbf00000, 0x00000000fc000000, 0x00000000fc000000|100%| O|  |TAMS 0x00000000fbf00000| PB 0x00000000fbf00000| Untracked 
|1984|0x00000000fc000000, 0x00000000fc100000, 0x00000000fc100000|100%| O|  |TAMS 0x00000000fc000000| PB 0x00000000fc000000| Untracked 
|1985|0x00000000fc100000, 0x00000000fc200000, 0x00000000fc200000|100%| O|  |TAMS 0x00000000fc100000| PB 0x00000000fc100000| Untracked 
|1986|0x00000000fc200000, 0x00000000fc300000, 0x00000000fc300000|100%| O|  |TAMS 0x00000000fc200000| PB 0x00000000fc200000| Untracked 
|1987|0x00000000fc300000, 0x00000000fc400000, 0x00000000fc400000|100%| O|  |TAMS 0x00000000fc300000| PB 0x00000000fc300000| Untracked 
|1988|0x00000000fc400000, 0x00000000fc500000, 0x00000000fc500000|100%| O|  |TAMS 0x00000000fc400000| PB 0x00000000fc400000| Untracked 
|1989|0x00000000fc500000, 0x00000000fc600000, 0x00000000fc600000|100%| O|  |TAMS 0x00000000fc500000| PB 0x00000000fc500000| Untracked 
|1990|0x00000000fc600000, 0x00000000fc700000, 0x00000000fc700000|100%| O|  |TAMS 0x00000000fc600000| PB 0x00000000fc600000| Untracked 
|1991|0x00000000fc700000, 0x00000000fc800000, 0x00000000fc800000|100%| O|  |TAMS 0x00000000fc700000| PB 0x00000000fc700000| Untracked 
|1992|0x00000000fc800000, 0x00000000fc900000, 0x00000000fc900000|100%| O|  |TAMS 0x00000000fc800000| PB 0x00000000fc800000| Untracked 
|1993|0x00000000fc900000, 0x00000000fca00000, 0x00000000fca00000|100%| O|  |TAMS 0x00000000fc900000| PB 0x00000000fc900000| Untracked 
|1994|0x00000000fca00000, 0x00000000fcb00000, 0x00000000fcb00000|100%| O|  |TAMS 0x00000000fca00000| PB 0x00000000fca00000| Untracked 
|1995|0x00000000fcb00000, 0x00000000fcc00000, 0x00000000fcc00000|100%| O|  |TAMS 0x00000000fcb00000| PB 0x00000000fcb00000| Untracked 
|1996|0x00000000fcc00000, 0x00000000fcd00000, 0x00000000fcd00000|100%| O|  |TAMS 0x00000000fcc00000| PB 0x00000000fcc00000| Untracked 
|1997|0x00000000fcd00000, 0x00000000fce00000, 0x00000000fce00000|100%| O|  |TAMS 0x00000000fcd00000| PB 0x00000000fcd00000| Untracked 
|1998|0x00000000fce00000, 0x00000000fcf00000, 0x00000000fcf00000|100%| O|  |TAMS 0x00000000fce00000| PB 0x00000000fce00000| Untracked 
|1999|0x00000000fcf00000, 0x00000000fd000000, 0x00000000fd000000|100%| O|  |TAMS 0x00000000fcf00000| PB 0x00000000fcf00000| Untracked 
|2000|0x00000000fd000000, 0x00000000fd100000, 0x00000000fd100000|100%| O|  |TAMS 0x00000000fd000000| PB 0x00000000fd000000| Untracked 
|2001|0x00000000fd100000, 0x00000000fd200000, 0x00000000fd200000|100%| O|  |TAMS 0x00000000fd100000| PB 0x00000000fd100000| Untracked 
|2002|0x00000000fd200000, 0x00000000fd300000, 0x00000000fd300000|100%| O|  |TAMS 0x00000000fd200000| PB 0x00000000fd200000| Untracked 
|2003|0x00000000fd300000, 0x00000000fd400000, 0x00000000fd400000|100%| O|  |TAMS 0x00000000fd300000| PB 0x00000000fd300000| Untracked 
|2004|0x00000000fd400000, 0x00000000fd500000, 0x00000000fd500000|100%| O|  |TAMS 0x00000000fd400000| PB 0x00000000fd400000| Untracked 
|2005|0x00000000fd500000, 0x00000000fd600000, 0x00000000fd600000|100%| O|  |TAMS 0x00000000fd500000| PB 0x00000000fd500000| Untracked 
|2006|0x00000000fd600000, 0x00000000fd700000, 0x00000000fd700000|100%| O|  |TAMS 0x00000000fd600000| PB 0x00000000fd600000| Untracked 
|2007|0x00000000fd700000, 0x00000000fd800000, 0x00000000fd800000|100%| O|  |TAMS 0x00000000fd700000| PB 0x00000000fd700000| Untracked 
|2008|0x00000000fd800000, 0x00000000fd900000, 0x00000000fd900000|100%| O|  |TAMS 0x00000000fd800000| PB 0x00000000fd800000| Untracked 
|2009|0x00000000fd900000, 0x00000000fda00000, 0x00000000fda00000|100%| O|  |TAMS 0x00000000fd900000| PB 0x00000000fd900000| Untracked 
|2010|0x00000000fda00000, 0x00000000fdb00000, 0x00000000fdb00000|100%| O|  |TAMS 0x00000000fda00000| PB 0x00000000fda00000| Untracked 
|2011|0x00000000fdb00000, 0x00000000fdc00000, 0x00000000fdc00000|100%| O|  |TAMS 0x00000000fdb00000| PB 0x00000000fdb00000| Untracked 
|2012|0x00000000fdc00000, 0x00000000fdd00000, 0x00000000fdd00000|100%| O|  |TAMS 0x00000000fdc00000| PB 0x00000000fdc00000| Untracked 
|2013|0x00000000fdd00000, 0x00000000fde00000, 0x00000000fde00000|100%| O|  |TAMS 0x00000000fdd00000| PB 0x00000000fdd00000| Untracked 
|2014|0x00000000fde00000, 0x00000000fdf00000, 0x00000000fdf00000|100%| O|  |TAMS 0x00000000fde00000| PB 0x00000000fde00000| Untracked 
|2015|0x00000000fdf00000, 0x00000000fe000000, 0x00000000fe000000|100%| O|  |TAMS 0x00000000fdf00000| PB 0x00000000fdf00000| Untracked 
|2016|0x00000000fe000000, 0x00000000fe100000, 0x00000000fe100000|100%| O|  |TAMS 0x00000000fe000000| PB 0x00000000fe000000| Untracked 
|2017|0x00000000fe100000, 0x00000000fe200000, 0x00000000fe200000|100%| O|  |TAMS 0x00000000fe100000| PB 0x00000000fe100000| Untracked 
|2018|0x00000000fe200000, 0x00000000fe300000, 0x00000000fe300000|100%| O|  |TAMS 0x00000000fe200000| PB 0x00000000fe200000| Untracked 
|2019|0x00000000fe300000, 0x00000000fe400000, 0x00000000fe400000|100%| O|  |TAMS 0x00000000fe300000| PB 0x00000000fe300000| Untracked 
|2020|0x00000000fe400000, 0x00000000fe500000, 0x00000000fe500000|100%| O|  |TAMS 0x00000000fe400000| PB 0x00000000fe400000| Untracked 
|2021|0x00000000fe500000, 0x00000000fe600000, 0x00000000fe600000|100%| O|  |TAMS 0x00000000fe500000| PB 0x00000000fe500000| Untracked 
|2022|0x00000000fe600000, 0x00000000fe700000, 0x00000000fe700000|100%| O|  |TAMS 0x00000000fe600000| PB 0x00000000fe600000| Untracked 
|2023|0x00000000fe700000, 0x00000000fe800000, 0x00000000fe800000|100%| E|CS|TAMS 0x00000000fe700000| PB 0x00000000fe700000| Complete 
|2024|0x00000000fe800000, 0x00000000fe900000, 0x00000000fe900000|100%| E|CS|TAMS 0x00000000fe800000| PB 0x00000000fe800000| Complete 
|2025|0x00000000fe900000, 0x00000000fea00000, 0x00000000fea00000|100%| O|  |TAMS 0x00000000fe900000| PB 0x00000000fe900000| Untracked 
|2026|0x00000000fea00000, 0x00000000feb00000, 0x00000000feb00000|100%| O|  |TAMS 0x00000000fea00000| PB 0x00000000fea00000| Untracked 
|2027|0x00000000feb00000, 0x00000000fec00000, 0x00000000fec00000|100%| O|  |TAMS 0x00000000feb00000| PB 0x00000000feb00000| Untracked 
|2028|0x00000000fec00000, 0x00000000fed00000, 0x00000000fed00000|100%| O|  |TAMS 0x00000000fec00000| PB 0x00000000fec00000| Untracked 
|2029|0x00000000fed00000, 0x00000000fee00000, 0x00000000fee00000|100%| O|  |TAMS 0x00000000fed00000| PB 0x00000000fed00000| Untracked 
|2030|0x00000000fee00000, 0x00000000fef00000, 0x00000000fef00000|100%| O|  |TAMS 0x00000000fee00000| PB 0x00000000fee00000| Untracked 
|2031|0x00000000fef00000, 0x00000000ff000000, 0x00000000ff000000|100%| E|CS|TAMS 0x00000000fef00000| PB 0x00000000fef00000| Complete 
|2032|0x00000000ff000000, 0x00000000ff100000, 0x00000000ff100000|100%| O|  |TAMS 0x00000000ff000000| PB 0x00000000ff000000| Untracked 
|2033|0x00000000ff100000, 0x00000000ff200000, 0x00000000ff200000|100%| E|CS|TAMS 0x00000000ff100000| PB 0x00000000ff100000| Complete 
|2034|0x00000000ff200000, 0x00000000ff300000, 0x00000000ff300000|100%| O|  |TAMS 0x00000000ff200000| PB 0x00000000ff200000| Untracked 
|2035|0x00000000ff300000, 0x00000000ff400000, 0x00000000ff400000|100%| O|  |TAMS 0x00000000ff300000| PB 0x00000000ff300000| Untracked 
|2036|0x00000000ff400000, 0x00000000ff500000, 0x00000000ff500000|100%| E|CS|TAMS 0x00000000ff400000| PB 0x00000000ff400000| Complete 
|2037|0x00000000ff500000, 0x00000000ff600000, 0x00000000ff600000|100%| E|CS|TAMS 0x00000000ff500000| PB 0x00000000ff500000| Complete 
|2038|0x00000000ff600000, 0x00000000ff700000, 0x00000000ff700000|100%| O|  |TAMS 0x00000000ff600000| PB 0x00000000ff600000| Untracked 
|2039|0x00000000ff700000, 0x00000000ff800000, 0x00000000ff800000|100%| O|  |TAMS 0x00000000ff700000| PB 0x00000000ff700000| Untracked 
|2040|0x00000000ff800000, 0x00000000ff900000, 0x00000000ff900000|100%| O|  |TAMS 0x00000000ff800000| PB 0x00000000ff800000| Untracked 
|2041|0x00000000ff900000, 0x00000000ffa00000, 0x00000000ffa00000|100%| O|  |TAMS 0x00000000ff900000| PB 0x00000000ff900000| Untracked 
|2042|0x00000000ffa00000, 0x00000000ffb00000, 0x00000000ffb00000|100%| O|  |TAMS 0x00000000ffa00000| PB 0x00000000ffa00000| Untracked 
|2043|0x00000000ffb00000, 0x00000000ffc00000, 0x00000000ffc00000|100%| O|  |TAMS 0x00000000ffb00000| PB 0x00000000ffb00000| Untracked 
|2044|0x00000000ffc00000, 0x00000000ffd00000, 0x00000000ffd00000|100%| O|  |TAMS 0x00000000ffc00000| PB 0x00000000ffc00000| Untracked 
|2045|0x00000000ffd00000, 0x00000000ffe00000, 0x00000000ffe00000|100%| O|  |TAMS 0x00000000ffd00000| PB 0x00000000ffd00000| Untracked 
|2046|0x00000000ffe00000, 0x00000000fff00000, 0x00000000fff00000|100%| O|  |TAMS 0x00000000ffe00000| PB 0x00000000ffe00000| Untracked 
|2047|0x00000000fff00000, 0x0000000100000000, 0x0000000100000000|100%| E|CS|TAMS 0x00000000fff00000| PB 0x00000000fff00000| Complete 

Card table byte_map: [0x00007f2431000000,0x00007f2431400000] _byte_map_base: 0x00007f2430c00000

Marking Bits: (CMBitMap*) 0x00007f242c06cc90
 Bits: [0x00007f2418600000, 0x00007f241a600000)

Polling page: 0x00007f2434218000

Metaspace:

Usage:
  Non-class:     32.55 MB used.
      Class:      3.71 MB used.
       Both:     36.25 MB used.

Virtual space:
  Non-class space:       64.00 MB reserved,      32.75 MB ( 51%) committed,  1 nodes.
      Class space:        1.00 GB reserved,       3.94 MB ( <1%) committed,  1 nodes.
             Both:        1.06 GB reserved,      36.69 MB (  3%) committed. 

Chunk freelists:
   Non-Class:  14.66 MB
       Class:  12.11 MB
        Both:  26.77 MB

MaxMetaspaceSize: unlimited
CompressedClassSpaceSize: 1.00 GB
Initial GC threshold: 21.00 MB
Current GC threshold: 60.44 MB
CDS: off
 - commit_granule_bytes: 65536.
 - commit_granule_words: 8192.
 - virtual_space_node_default_size: 8388608.
 - enlarge_chunks_in_place: 1.
 - use_allocation_guard: 0.


Internal statistics:

num_allocs_failed_limit: 3.
num_arena_births: 458.
num_arena_deaths: 0.
num_vsnodes_births: 2.
num_vsnodes_deaths: 0.
num_space_committed: 586.
num_space_uncommitted: 0.
num_chunks_returned_to_freelist: 3.
num_chunks_taken_from_freelist: 1367.
num_chunk_merges: 3.
num_chunk_splits: 884.
num_chunks_enlarged: 606.
num_inconsistent_stats: 0.

CodeHeap 'non-profiled nmethods': size=119168Kb used=5405Kb max_used=7008Kb free=113762Kb
 bounds [0x00007f24221a0000, 0x00007f2422880000, 0x00007f2429600000]
CodeHeap 'profiled nmethods': size=119164Kb used=10946Kb max_used=14485Kb free=108217Kb
 bounds [0x00007f241a600000, 0x00007f241b440000, 0x00007f2421a5f000]
CodeHeap 'non-nmethods': size=7428Kb used=1716Kb max_used=3483Kb free=5711Kb
 bounds [0x00007f2421a5f000, 0x00007f2421ddf000, 0x00007f24221a0000]
CodeCache: size=245760Kb, used=18067Kb, max_used=24976Kb, free=227690Kb
 total_blobs=6620, nmethods=5982, adapters=543, full_count=0
Compilation: enabled, stopped_count=0, restarted_count=0

Compilation events (20 events):
Event: 12.647 Thread 0x00007f242c1e96d0 8480       4       jdk.internal.org.objectweb.asm.Frame::push (109 bytes)
Event: 12.650 Thread 0x00007f242c1e96d0 nmethod 8480 0x00007f2422750b90 code [0x00007f2422750d40, 0x00007f24227513e8]
Event: 12.650 Thread 0x00007f242c1e96d0 8339       4       java.util.concurrent.ConcurrentHashMap::put (8 bytes)
Event: 12.650 Thread 0x00007f242c1e96d0 nmethod 8339 0x00007f2422750810 code [0x00007f24227509a0, 0x00007f2422750a58]
Event: 12.650 Thread 0x00007f242c1e96d0 8267       4       org.languagetool.tools.StringTools::isMixedCase (27 bytes)
Event: 12.655 Thread 0x00007f242c1e96d0 nmethod 8267 0x00007f2422756e10 code [0x00007f2422757060, 0x00007f2422757968]
Event: 12.655 Thread 0x00007f242c1e96d0 8277       4       java.util.WeakHashMap::hash (28 bytes)
Event: 12.655 Thread 0x00007f242c1e96d0 nmethod 8277 0x00007f242235ff10 code [0x00007f24223600a0, 0x00007f24223601d0]
Event: 67.030 Thread 0x00007f242c1ead90 8485       1       org.bsplines.ltexls.parsing.CachedFragment::getLastAccessMillis (5 bytes)
Event: 67.030 Thread 0x00007f242c1ead90 nmethod 8485 0x00007f24222ec390 code [0x00007f24222ec520, 0x00007f24222ec5e8]
Event: 127.029 Thread 0x00007f242c1ead90 8486       3       org.bsplines.ltexls.parsing.FragmentCache$$Lambda/0x00000001003de670::test (9 bytes)
Event: 127.029 Thread 0x00007f242c1ead90 nmethod 8486 0x00007f241adb9690 code [0x00007f241adb9840, 0x00007f241adb9b68]
Event: 127.029 Thread 0x00007f242c1ead90 8487       3       org.bsplines.ltexls.parsing.FragmentCache::evictIdleOlderThan$lambda$1 (14 bytes)
Event: 127.029 Thread 0x00007f242c1ead90 nmethod 8487 0x00007f241aa0f210 code [0x00007f241aa0f3c0, 0x00007f241aa0f668]
Event: 127.029 Thread 0x00007f242c1ead90 8488       3       org.bsplines.ltexls.parsing.FragmentCache$$Lambda/0x00000001003de450::invoke (15 bytes)
Event: 127.030 Thread 0x00007f242c1ead90 nmethod 8488 0x00007f241aeeab90 code [0x00007f241aeeae00, 0x00007f241aeeb7e8]
Event: 127.030 Thread 0x00007f242c1ead90 8489       3       org.bsplines.ltexls.parsing.FragmentCache::evictIdleOlderThan$lambda$0 (29 bytes)
Event: 127.030 Thread 0x00007f242c1ead90 nmethod 8489 0x00007f241a92f710 code [0x00007f241a92f940, 0x00007f241a9300d8]
Event: 547.034 Thread 0x00007f242c1ead90 8490       3       java.util.AbstractMap$SimpleImmutableEntry::<init> (15 bytes)
Event: 547.044 Thread 0x00007f242c1ead90 nmethod 8490 0x00007f241a8c5090 code [0x00007f241a8c5240, 0x00007f241a8c5458]

GC Heap History (20 events):
Event: 9.890 GC heap before
{Heap before GC invocations=31 (full 0):
 garbage-first heap   total 873472K, used 803840K [0x0000000080000000, 0x0000000100000000)
  region size 1024K, 296 young (303104K), 8 survivors (8192K)
 Metaspace       used 35986K, committed 36352K, reserved 1114112K
  class space    used 3698K, committed 3840K, reserved 1048576K
}
Event: 9.901 GC heap after
{Heap after GC invocations=32 (full 0):
 garbage-first heap   total 873472K, used 494080K [0x0000000080000000, 0x0000000100000000)
  region size 1024K, 22 young (22528K), 22 survivors (22528K)
 Metaspace       used 35986K, committed 36352K, reserved 1114112K
  class space    used 3698K, committed 3840K, reserved 1048576K
}
Event: 10.398 GC heap before
{Heap before GC invocations=32 (full 0):
 garbage-first heap   total 873472K, used 780800K [0x0000000080000000, 0x0000000100000000)
  region size 1024K, 302 young (309248K), 22 survivors (22528K)
 Metaspace       used 36434K, committed 36800K, reserved 1114112K
  class space    used 3720K, committed 3840K, reserved 1048576K
}
Event: 10.407 GC heap after
{Heap after GC invocations=33 (full 0):
 garbage-first heap   total 873472K, used 489836K [0x0000000080000000, 0x0000000100000000)
  region size 1024K, 20 young (20480K), 20 survivors (20480K)
 Metaspace       used 36434K, committed 36800K, reserved 1114112K
  class space    used 3720K, committed 3840K, reserved 1048576K
}
Event: 10.803 GC heap before
{Heap before GC invocations=33 (full 0):
 garbage-first heap   total 873472K, used 796012K [0x0000000080000000, 0x0000000100000000)
  region size 1024K, 319 young (326656K), 20 survivors (20480K)
 Metaspace       used 36794K, committed 37120K, reserved 1114112K
  class space    used 3765K, committed 3904K, reserved 1048576K
}
Event: 10.814 GC heap after
{Heap after GC invocations=34 (full 0):
 garbage-first heap   total 873472K, used 490668K [0x0000000080000000, 0x0000000100000000)
  region size 1024K, 21 young (21504K), 21 survivors (21504K)
 Metaspace       used 36794K, committed 37120K, reserved 1114112K
  class space    used 3765K, committed 3904K, reserved 1048576K
}
Event: 11.161 GC heap before
{Heap before GC invocations=34 (full 0):
 garbage-first heap   total 873472K, used 810156K [0x0000000080000000, 0x0000000100000000)
  region size 1024K, 333 young (340992K), 21 survivors (21504K)
 Metaspace       used 36800K, committed 37120K, reserved 1114112K
  class space    used 3768K, committed 3904K, reserved 1048576K
}
Event: 11.169 GC heap after
{Heap after GC invocations=35 (full 0):
 garbage-first heap   total 873472K, used 491146K [0x0000000080000000, 0x0000000100000000)
  region size 1024K, 22 young (22528K), 22 survivors (22528K)
 Metaspace       used 36800K, committed 37120K, reserved 1114112K
  class space    used 3768K, committed 3904K, reserved 1048576K
}
Event: 11.371 GC heap before
{Heap before GC invocations=36 (full 0):
 garbage-first heap   total 873472K, used 821898K [0x0000000080000000, 0x0000000100000000)
  region size 1024K, 345 young (353280K), 22 survivors (22528K)
 Metaspace       used 36802K, committed 37120K, reserved 1114112K
  class space    used 3769K, committed 3904K, reserved 1048576K
}
Event: 11.377 GC heap after
{Heap after GC invocations=37 (full 0):
 garbage-first heap   total 873472K, used 491150K [0x0000000080000000, 0x0000000100000000)
  region size 1024K, 22 young (22528K), 22 survivors (22528K)
 Metaspace       used 36802K, committed 37120K, reserved 1114112K
  class space    used 3769K, committed 3904K, reserved 1048576K
}
Event: 11.548 GC heap before
{Heap before GC invocations=37 (full 0):
 garbage-first heap   total 873472K, used 827022K [0x0000000080000000, 0x0000000100000000)
  region size 1024K, 350 young (358400K), 22 survivors (22528K)
 Metaspace       used 36802K, committed 37120K, reserved 1114112K
  class space    used 3769K, committed 3904K, reserved 1048576K
}
Event: 11.556 GC heap after
{Heap after GC invocations=38 (full 0):
 garbage-first heap   total 873472K, used 487360K [0x0000000080000000, 0x0000000100000000)
  region size 1024K, 22 young (22528K), 22 survivors (22528K)
 Metaspace       used 36802K, committed 37120K, reserved 1114112K
  class space    used 3769K, committed 3904K, reserved 1048576K
}
Event: 11.716 GC heap before
{Heap before GC invocations=38 (full 0):
 garbage-first heap   total 873472K, used 827328K [0x0000000080000000, 0x0000000100000000)
  region size 1024K, 354 young (362496K), 22 survivors (22528K)
 Metaspace       used 36802K, committed 37120K, reserved 1114112K
  class space    used 3769K, committed 3904K, reserved 1048576K
}
Event: 11.721 GC heap after
{Heap after GC invocations=39 (full 0):
 garbage-first heap   total 873472K, used 487069K [0x0000000080000000, 0x0000000100000000)
  region size 1024K, 21 young (21504K), 21 survivors (21504K)
 Metaspace       used 36802K, committed 37120K, reserved 1114112K
  class space    used 3769K, committed 3904K, reserved 1048576K
}
Event: 11.946 GC heap before
{Heap before GC invocations=39 (full 0):
 garbage-first heap   total 873472K, used 828061K [0x0000000080000000, 0x0000000100000000)
  region size 1024K, 354 young (362496K), 21 survivors (21504K)
 Metaspace       used 36802K, committed 37120K, reserved 1114112K
  class space    used 3769K, committed 3904K, reserved 1048576K
}
Event: 11.951 GC heap after
{Heap after GC invocations=40 (full 0):
 garbage-first heap   total 873472K, used 487069K [0x0000000080000000, 0x0000000100000000)
  region size 1024K, 21 young (21504K), 21 survivors (21504K)
 Metaspace       used 36802K, committed 37120K, reserved 1114112K
  class space    used 3769K, committed 3904K, reserved 1048576K
}
Event: 12.135 GC heap before
{Heap before GC invocations=41 (full 0):
 garbage-first heap   total 873472K, used 828061K [0x0000000080000000, 0x0000000100000000)
  region size 1024K, 354 young (362496K), 21 survivors (21504K)
 Metaspace       used 36802K, committed 37120K, reserved 1114112K
  class space    used 3769K, committed 3904K, reserved 1048576K
}
Event: 12.140 GC heap after
{Heap after GC invocations=42 (full 0):
 garbage-first heap   total 873472K, used 487871K [0x0000000080000000, 0x0000000100000000)
  region size 1024K, 22 young (22528K), 22 survivors (22528K)
 Metaspace       used 36802K, committed 37120K, reserved 1114112K
  class space    used 3769K, committed 3904K, reserved 1048576K
}
Event: 12.294 GC heap before
{Heap before GC invocations=42 (full 0):
 garbage-first heap   total 873472K, used 827839K [0x0000000080000000, 0x0000000100000000)
  region size 1024K, 354 young (362496K), 22 survivors (22528K)
 Metaspace       used 36802K, committed 37120K, reserved 1114112K
  class space    used 3769K, committed 3904K, reserved 1048576K
}
Event: 12.300 GC heap after
{Heap after GC invocations=43 (full 0):
 garbage-first heap   total 873472K, used 484840K [0x0000000080000000, 0x0000000100000000)
  region size 1024K, 22 young (22528K), 22 survivors (22528K)
 Metaspace       used 36802K, committed 37120K, reserved 1114112K
  class space    used 3769K, committed 3904K, reserved 1048576K
}

Dll operation events (9 events):
Event: 0.003 Loaded shared library /home/yusen/.vscode/extensions/ltex-plus.vscode-ltex-plus-15.7.1/lib/ltex-ls-plus-18.7.0/jdk-21.0.10+7/lib/libjava.so
Event: 0.007 Loaded shared library /home/yusen/.vscode/extensions/ltex-plus.vscode-ltex-plus-15.7.1/lib/ltex-ls-plus-18.7.0/jdk-21.0.10+7/lib/libzip.so
Event: 0.037 Loaded shared library /home/yusen/.vscode/extensions/ltex-plus.vscode-ltex-plus-15.7.1/lib/ltex-ls-plus-18.7.0/jdk-21.0.10+7/lib/libjsvml.so
Event: 0.058 Loaded shared library /home/yusen/.vscode/extensions/ltex-plus.vscode-ltex-plus-15.7.1/lib/ltex-ls-plus-18.7.0/jdk-21.0.10+7/lib/libnio.so
Event: 0.062 Loaded shared library /home/yusen/.vscode/extensions/ltex-plus.vscode-ltex-plus-15.7.1/lib/ltex-ls-plus-18.7.0/jdk-21.0.10+7/lib/libzip.so
Event: 0.139 Loaded shared library /home/yusen/.vscode/extensions/ltex-plus.vscode-ltex-plus-15.7.1/lib/ltex-ls-plus-18.7.0/jdk-21.0.10+7/lib/libjimage.so
Event: 0.147 Loaded shared library /home/yusen/.vscode/extensions/ltex-plus.vscode-ltex-plus-15.7.1/lib/ltex-ls-plus-18.7.0/jdk-21.0.10+7/lib/libnet.so
Event: 0.150 Loaded shared library /tmp/jansi-2.4.3-a8c6a2dadad87008-libjansi.so
Event: 0.163 Loaded shared library /home/yusen/.vscode/extensions/ltex-plus.vscode-ltex-plus-15.7.1/lib/ltex-ls-plus-18.7.0/jdk-21.0.10+7/lib/libverify.so

Deoptimization events (20 events):
Event: 12.572 Thread 0x00007f23c404c4a0 DEOPT PACKING pc=0x00007f241aefd498 sp=0x00007f238fcfade0
Event: 12.572 Thread 0x00007f23c404c4a0 DEOPT UNPACKING pc=0x00007f2421ab714f sp=0x00007f238fcfa2a0 mode 0
Event: 12.572 Thread 0x00007f23c404c4a0 DEOPT PACKING pc=0x00007f241aefd498 sp=0x00007f238fcfade0
Event: 12.572 Thread 0x00007f23c404c4a0 DEOPT UNPACKING pc=0x00007f2421ab714f sp=0x00007f238fcfa2a0 mode 0
Event: 12.573 Thread 0x00007f23c404c4a0 DEOPT PACKING pc=0x00007f241aefd498 sp=0x00007f238fcfade0
Event: 12.573 Thread 0x00007f23c404c4a0 DEOPT UNPACKING pc=0x00007f2421ab714f sp=0x00007f238fcfa2a0 mode 0
Event: 12.573 Thread 0x00007f23c404c4a0 DEOPT PACKING pc=0x00007f241aefd498 sp=0x00007f238fcfade0
Event: 12.573 Thread 0x00007f23c404c4a0 DEOPT UNPACKING pc=0x00007f2421ab714f sp=0x00007f238fcfa2a0 mode 0
Event: 12.573 Thread 0x00007f23c404c4a0 DEOPT PACKING pc=0x00007f241aefd498 sp=0x00007f238fcfade0
Event: 12.573 Thread 0x00007f23c404c4a0 DEOPT UNPACKING pc=0x00007f2421ab714f sp=0x00007f238fcfa2a0 mode 0
Event: 12.574 Thread 0x00007f23c404c4a0 DEOPT PACKING pc=0x00007f241aefd498 sp=0x00007f238fcfade0
Event: 12.574 Thread 0x00007f23c404c4a0 DEOPT UNPACKING pc=0x00007f2421ab714f sp=0x00007f238fcfa2a0 mode 0
Event: 12.574 Thread 0x00007f23c404c4a0 DEOPT PACKING pc=0x00007f241aefd498 sp=0x00007f238fcfacf0
Event: 12.574 Thread 0x00007f23c404c4a0 DEOPT UNPACKING pc=0x00007f2421ab714f sp=0x00007f238fcfa1b0 mode 0
Event: 12.575 Thread 0x00007f23c404c4a0 DEOPT PACKING pc=0x00007f241aefd498 sp=0x00007f238fcfacf0
Event: 12.575 Thread 0x00007f23c404c4a0 DEOPT UNPACKING pc=0x00007f2421ab714f sp=0x00007f238fcfa1b0 mode 0
Event: 12.575 Thread 0x00007f23c404c4a0 DEOPT PACKING pc=0x00007f241aefd498 sp=0x00007f238fcfacf0
Event: 12.575 Thread 0x00007f23c404c4a0 DEOPT UNPACKING pc=0x00007f2421ab714f sp=0x00007f238fcfa1b0 mode 0
Event: 12.583 Thread 0x00007f23c404c4a0 DEOPT PACKING pc=0x00007f241aefd498 sp=0x00007f238fcfb140
Event: 12.583 Thread 0x00007f23c404c4a0 DEOPT UNPACKING pc=0x00007f2421ab714f sp=0x00007f238fcfa600 mode 0

Classes loaded (20 events):
Event: 9.849 Loading class java/util/stream/Node$Builder$OfInt done
Event: 9.849 Loading class java/util/stream/Nodes$IntArrayNode
Event: 9.849 Loading class java/util/stream/Nodes$IntArrayNode done
Event: 9.849 Loading class java/util/stream/Nodes$IntFixedNodeBuilder done
Event: 9.850 Loading class java/lang/StringUTF16$CodePointsSpliterator
Event: 9.850 Loading class java/lang/StringUTF16$CodePointsSpliterator done
Event: 9.850 Loading class java/util/stream/Nodes$IntSpinedNodeBuilder
Event: 9.850 Loading class java/util/stream/SpinedBuffer$OfInt
Event: 9.850 Loading class java/util/stream/SpinedBuffer$OfPrimitive
Event: 9.850 Loading class java/util/stream/SpinedBuffer$OfPrimitive done
Event: 9.850 Loading class java/util/stream/SpinedBuffer$OfInt done
Event: 9.850 Loading class java/util/stream/Nodes$IntSpinedNodeBuilder done
Event: 10.659 Loading class java/util/concurrent/atomic/AtomicReference
Event: 10.659 Loading class java/util/concurrent/atomic/AtomicReference done
Event: 12.415 Loading class java/util/AbstractList$RandomAccessSpliterator
Event: 12.415 Loading class java/util/AbstractList$RandomAccessSpliterator done
Event: 12.576 Loading class java/net/URLEncoder
Event: 12.576 Loading class java/net/URLEncoder done
Event: 12.577 Loading class java/io/CharArrayWriter
Event: 12.577 Loading class java/io/CharArrayWriter done

Classes unloaded (0 events):
No events

Classes redefined (0 events):
No events

Internal exceptions (20 events):
Event: 7.212 Thread 0x00007f23c404c4a0 Exception <a 'java/lang/NoSuchMethodError'{0x00000000abb4a7a0}: 'void java.lang.invoke.DirectMethodHandle$Holder.invokeStaticInit(java.lang.Object, java.lang.Object, java.lang.Object)'> (0x00000000abb4a7a0) 
thrown [src/hotspot/share/interpreter/linkResolver.cpp, line 772]
Event: 7.221 Thread 0x00007f23c404c4a0 Exception <a 'java/lang/NoSuchMethodError'{0x00000000abaa8ac8}: 'java.lang.Object java.lang.invoke.DirectMethodHandle$Holder.newInvokeSpecial(java.lang.Object, java.lang.Object, java.lang.Object, java.lang.Object, java.lang.Object, java.lang.Object, java.lang.Object)'> (0x00000000abaa8ac8) 
thrown [src/hotspot/share/interpreter/linkResolver.cpp, line 772]
Event: 7.225 Thread 0x00007f23c404c4a0 Exception <a 'java/lang/NoSuchMethodError'{0x00000000ab92a840}: 'int java.lang.invoke.DirectMethodHandle$Holder.invokeStatic(java.lang.Object, int, int, int, int)'> (0x00000000ab92a840) 
thrown [src/hotspot/share/interpreter/linkResolver.cpp, line 772]
Event: 7.248 Thread 0x00007f23c404c4a0 Exception <a 'java/lang/NoSuchMethodError'{0x00000000ab7a24d0}: 'int java.lang.invoke.DirectMethodHandle$Holder.invokeSpecialIFC(java.lang.Object, java.lang.Object, int)'> (0x00000000ab7a24d0) 
thrown [src/hotspot/share/interpreter/linkResolver.cpp, line 772]
Event: 7.409 Thread 0x00007f23c404c4a0 Exception <a 'java/lang/NoSuchMethodError'{0x00000000aad385e0}: 'java.lang.Object java.lang.invoke.DirectMethodHandle$Holder.invokeVirtual(java.lang.Object, java.lang.Object, java.lang.Object, java.lang.Object)'> (0x00000000aad385e0) 
thrown [src/hotspot/share/interpreter/linkResolver.cpp, line 772]
Event: 7.966 Thread 0x00007f23c404c4a0 Implicit null exception at 0x00007f242221a1a0 to 0x00007f242221aa34
Event: 7.966 Thread 0x00007f23c404c4a0 Implicit null exception at 0x00007f2422208620 to 0x00007f2422208eb0
Event: 7.968 Thread 0x00007f23c404c4a0 Implicit null exception at 0x00007f2422343a3a to 0x00007f2422343a74
Event: 8.234 Thread 0x00007f23c404c4a0 Exception <a 'java/lang/NoSuchMethodError'{0x000000009c9aa978}: 'java.lang.Object java.lang.invoke.DirectMethodHandle$Holder.newInvokeSpecial(java.lang.Object, java.lang.Object, java.lang.Object, java.lang.Object, java.lang.Object, java.lang.Object)'> (0x000000009c9aa978) 
thrown [src/hotspot/share/interpreter/linkResolver.cpp, line 772]
Event: 9.424 Thread 0x00007f23c404c4a0 Implicit null exception at 0x00007f2422411a3b to 0x00007f242241287a
Event: 9.657 Thread 0x00007f23c404c4a0 Implicit null exception at 0x00007f242245053a to 0x00007f24224505b0
Event: 9.755 Thread 0x00007f23c404c4a0 Exception <a 'java/lang/NoSuchMethodError'{0x00000000a19301e8}: 'int java.lang.invoke.DirectMethodHandle$Holder.invokeVirtual(java.lang.Object, java.lang.Object, java.lang.Object, java.lang.Object)'> (0x00000000a19301e8) 
thrown [src/hotspot/share/interpreter/linkResolver.cpp, line 772]
Event: 9.756 Thread 0x00007f23c404c4a0 Exception <a 'java/lang/NoSuchMethodError'{0x00000000a1944c58}: 'java.lang.Object java.lang.invoke.DirectMethodHandle$Holder.newInvokeSpecial(java.lang.Object, java.lang.Object, java.lang.Object, int, java.lang.Object, java.lang.Object, java.lang.Object)'> (0x00000000a1944c58) 
thrown [src/hotspot/share/interpreter/linkResolver.cpp, line 772]
Event: 9.761 Thread 0x00007f23c404c4a0 Exception <a 'java/lang/NoSuchMethodError'{0x00000000a18008b0}: 'java.lang.Object java.lang.invoke.DirectMethodHandle$Holder.invokeSpecial(java.lang.Object, java.lang.Object, int, int, float, float, float)'> (0x00000000a18008b0) 
thrown [src/hotspot/share/interpreter/linkResolver.cpp, line 772]
Event: 9.798 Thread 0x00007f23c404c4a0 Implicit null exception at 0x00007f24224f5eef to 0x00007f24224f5fa0
Event: 9.798 Thread 0x00007f23c404c4a0 Implicit null exception at 0x00007f24222c116f to 0x00007f24222c1220
Event: 10.658 Thread 0x00007f23c404c4a0 Exception <a 'java/lang/NoSuchMethodError'{0x00000000a8175238}: 'java.lang.Object java.lang.invoke.DirectMethodHandle$Holder.newInvokeSpecial(java.lang.Object, java.lang.Object, long, java.lang.Object, java.lang.Object, java.lang.Object, java.lang.Object, java.lang.Object, java.lang.Object, java.lang.Object, java.lang.Object, java.lang.Object, java.lang.Object, java.lang.Object, java.lang.Object)'> (0x00000000a8175238) 
thrown [src/hotspot/share/interpreter/linkResolver.cpp, line 772]
Event: 10.664 Thread 0x00007f23c404c4a0 Exception <a 'java/lang/NoSuchMethodError'{0x00000000a81fe440}: 'int java.lang.invoke.DirectMethodHandle$Holder.invokeSpecial(java.lang.Object, java.lang.Object, java.lang.Object, java.lang.Object)'> (0x00000000a81fe440) 
thrown [src/hotspot/share/interpreter/linkResolver.cpp, line 772]
Event: 12.417 Thread 0x00007f23c404c4a0 Exception <a 'java/lang/NoSuchMethodError'{0x00000000a2adbdc0}: 'int java.lang.invoke.DirectMethodHandle$Holder.invokeVirtual(java.lang.Object, java.lang.Object)'> (0x00000000a2adbdc0) 
thrown [src/hotspot/share/interpreter/linkResolver.cpp, line 772]
Event: 67.030 Thread 0x00007f242ce7a3a0 Exception <a 'java/lang/NoSuchMethodError'{0x000000009f412880}: 'java.lang.Object java.lang.invoke.DirectMethodHandle$Holder.newInvokeSpecial(java.lang.Object, long)'> (0x000000009f412880) 
thrown [src/hotspot/share/interpreter/linkResolver.cpp, line 772]

ZGC Phase Switch (0 events):
No events

VM Operations (20 events):
Event: 11.548 Executing safepoint VM operation: G1CollectForAllocation (G1 Evacuation Pause)
Event: 11.556 Executing safepoint VM operation: G1CollectForAllocation (G1 Evacuation Pause) done
Event: 11.716 Executing safepoint VM operation: G1CollectForAllocation (G1 Evacuation Pause)
Event: 11.721 Executing safepoint VM operation: G1CollectForAllocation (G1 Evacuation Pause) done
Event: 11.883 Executing safepoint VM operation: G1PauseRemark
Event: 11.885 Executing safepoint VM operation: G1PauseRemark done
Event: 11.946 Executing safepoint VM operation: G1CollectForAllocation (G1 Evacuation Pause)
Event: 11.951 Executing safepoint VM operation: G1CollectForAllocation (G1 Evacuation Pause) done
Event: 12.024 Executing safepoint VM operation: G1PauseCleanup
Event: 12.024 Executing safepoint VM operation: G1PauseCleanup done
Event: 12.135 Executing safepoint VM operation: G1CollectForAllocation (G1 Evacuation Pause)
Event: 12.140 Executing safepoint VM operation: G1CollectForAllocation (G1 Evacuation Pause) done
Event: 12.294 Executing safepoint VM operation: G1CollectForAllocation (G1 Evacuation Pause)
Event: 12.300 Executing safepoint VM operation: G1CollectForAllocation (G1 Evacuation Pause) done
Event: 13.300 Executing safepoint VM operation: Cleanup
Event: 13.300 Executing safepoint VM operation: Cleanup done
Event: 60.055 Executing non-safepoint VM operation: HandshakeAllThreads (HandshakeForDeflation)
Event: 60.055 Executing non-safepoint VM operation: HandshakeAllThreads (HandshakeForDeflation) done
Event: 60.055 Executing non-safepoint VM operation: RendezvousGCThreads
Event: 60.055 Executing non-safepoint VM operation: RendezvousGCThreads done

Memory protections (19 events):
Event: 0.003 Protecting memory [0x00007f2432700000,0x00007f2432704000] with protection modes 0
Event: 0.035 Protecting memory [0x00007f2409f00000,0x00007f2409f04000] with protection modes 0
Event: 0.035 Protecting memory [0x00007f2409b00000,0x00007f2409b04000] with protection modes 0
Event: 0.036 Protecting memory [0x00007f24099ff000,0x00007f2409a03000] with protection modes 0
Event: 0.036 Protecting memory [0x00007f24098fe000,0x00007f2409902000] with protection modes 0
Event: 0.036 Protecting memory [0x00007f24097fd000,0x00007f2409801000] with protection modes 0
Event: 0.036 Protecting memory [0x00007f24096fc000,0x00007f2409700000] with protection modes 0
Event: 0.036 Protecting memory [0x00007f24095fb000,0x00007f24095ff000] with protection modes 0
Event: 0.051 Protecting memory [0x00007f240942a000,0x00007f240942e000] with protection modes 0
Event: 0.052 Protecting memory [0x00007f2409329000,0x00007f240932d000] with protection modes 0
Event: 0.053 Protecting memory [0x00007f2409228000,0x00007f240922c000] with protection modes 0
Event: 0.055 Protecting memory [0x00007f2409127000,0x00007f240912b000] with protection modes 0
Event: 0.137 Protecting memory [0x00007f2409026000,0x00007f240902a000] with protection modes 0
Event: 0.171 Protecting memory [0x00007f2409026000,0x00007f240902a000] with protection modes 0
Event: 0.319 Protecting memory [0x00007f2408d00000,0x00007f2408d04000] with protection modes 0
Event: 0.732 Protecting memory [0x00007f238fdff000,0x00007f238fe03000] with protection modes 0
Event: 7.030 Protecting memory [0x00007f2409026000,0x00007f240902a000] with protection modes 0
Event: 7.096 Protecting memory [0x00007f2408d00000,0x00007f2408d04000] with protection modes 0
Event: 7.172 Protecting memory [0x00007f238fbfd000,0x00007f238fc01000] with protection modes 0

Nmethod flushes (20 events):
Event: 11.884 Thread 0x00007f242c10dc40 flushing  nmethod 0x00007f241b076e90
Event: 11.884 Thread 0x00007f242c10dc40 flushing  nmethod 0x00007f241b079110
Event: 11.884 Thread 0x00007f242c10dc40 flushing  nmethod 0x00007f241b08b410
Event: 11.884 Thread 0x00007f242c10dc40 flushing  nmethod 0x00007f241b08b890
Event: 11.884 Thread 0x00007f242c10dc40 flushing  nmethod 0x00007f241b08e290
Event: 11.884 Thread 0x00007f242c10dc40 flushing  nmethod 0x00007f241b14a610
Event: 11.884 Thread 0x00007f242c10dc40 flushing  nmethod 0x00007f241b14ac90
Event: 11.884 Thread 0x00007f242c10dc40 flushing  nmethod 0x00007f241b14c490
Event: 11.884 Thread 0x00007f242c10dc40 flushing  nmethod 0x00007f241b14c910
Event: 11.884 Thread 0x00007f242c10dc40 flushing  nmethod 0x00007f241b14da90
Event: 11.884 Thread 0x00007f242c10dc40 flushing  nmethod 0x00007f241b14ff90
Event: 11.884 Thread 0x00007f242c10dc40 flushing  nmethod 0x00007f241b1bf610
Event: 11.884 Thread 0x00007f242c10dc40 flushing  nmethod 0x00007f241b1c0e90
Event: 11.884 Thread 0x00007f242c10dc40 flushing  nmethod 0x00007f241b1c5090
Event: 11.884 Thread 0x00007f242c10dc40 flushing  nmethod 0x00007f241b24e090
Event: 11.884 Thread 0x00007f242c10dc40 flushing  nmethod 0x00007f241b25b890
Event: 11.884 Thread 0x00007f242c10dc40 flushing  nmethod 0x00007f241b25bf90
Event: 11.884 Thread 0x00007f242c10dc40 flushing  nmethod 0x00007f241b25c590
Event: 11.884 Thread 0x00007f242c10dc40 flushing  nmethod 0x00007f241b370b90
Event: 11.884 Thread 0x00007f242c10dc40 flushing  nmethod 0x00007f241b3f3710

Events (20 events):
Event: 0.036 Thread 0x00007f242c032c60 Thread added: 0x00007f242c1e8190
Event: 0.036 Thread 0x00007f242c032c60 Thread added: 0x00007f242c1e96d0
Event: 0.036 Thread 0x00007f242c032c60 Thread added: 0x00007f242c1ead90
Event: 0.051 Thread 0x00007f242c1ead90 Thread added: 0x00007f23dc04e010
Event: 0.052 Thread 0x00007f23dc04e010 Thread added: 0x00007f23d0001430
Event: 0.053 Thread 0x00007f242c032c60 Thread added: 0x00007f242c270900
Event: 0.055 Thread 0x00007f242c032c60 Thread added: 0x00007f242c277760
Event: 0.137 Thread 0x00007f242c032c60 Thread added: 0x00007f242c746ee0
Event: 0.147 Thread 0x00007f242c746ee0 Thread exited: 0x00007f242c746ee0
Event: 0.171 Thread 0x00007f23dc04e010 Thread added: 0x00007f23d00e1570
Event: 0.319 Thread 0x00007f23d00e1570 Thread added: 0x00007f23c00081a0
Event: 0.732 Thread 0x00007f242c1ead90 Thread added: 0x00007f23dc1544d0
Event: 3.980 Thread 0x00007f23c00081a0 Thread exited: 0x00007f23c00081a0
Event: 5.324 Thread 0x00007f23d00e1570 Thread exited: 0x00007f23d00e1570
Event: 7.030 Thread 0x00007f242c032c60 Thread added: 0x00007f242ce7a3a0
Event: 7.096 Thread 0x00007f242c032c60 Thread added: 0x00007f242ce49ef0
Event: 7.172 Thread 0x00007f242ce49ef0 Thread added: 0x00007f23c404c4a0
Event: 17.583 Thread 0x00007f23dc1544d0 Thread exited: 0x00007f23dc1544d0
Event: 22.583 Thread 0x00007f23d0001430 Thread exited: 0x00007f23d0001430
Event: 22.583 Thread 0x00007f23dc04e010 Thread exited: 0x00007f23dc04e010


Dynamic libraries:
80000000-b0e00000 rw-p 00000000 00:00 0 
b0e00000-fb900000 ---p 00000000 00:00 0 
fb900000-100040000 rw-p 00000000 00:00 0 
100040000-1000c0000 rw-p 00000000 00:00 0 
1000c0000-100100000 rw-p 00000000 00:00 0 
100100000-100140000 rw-p 00000000 00:00 0 
100140000-1001c0000 rw-p 00000000 00:00 0 
1001c0000-100240000 rw-p 00000000 00:00 0 
100240000-100280000 rw-p 00000000 00:00 0 
100280000-1003f0000 rw-p 00000000 00:00 0 
1003f0000-140000000 ---p 00000000 00:00 0 
562b767b1000-562b767b2000 r-xp 00000000 103:04 1076469689                /home/yusen/.vscode/extensions/ltex-plus.vscode-ltex-plus-15.7.1/lib/ltex-ls-plus-18.7.0/jdk-21.0.10+7/bin/java
562b767b3000-562b767b4000 r--p 00001000 103:04 1076469689                /home/yusen/.vscode/extensions/ltex-plus.vscode-ltex-plus-15.7.1/lib/ltex-ls-plus-18.7.0/jdk-21.0.10+7/bin/java
562b767b4000-562b767b5000 rw-p 00002000 103:04 1076469689                /home/yusen/.vscode/extensions/ltex-plus.vscode-ltex-plus-15.7.1/lib/ltex-ls-plus-18.7.0/jdk-21.0.10+7/bin/java
562b86e9a000-562b86ee1000 rw-p 00000000 00:00 0                          [heap]
7f2378000000-7f2378446000 rw-p 00000000 00:00 0 
7f2378446000-7f237c000000 ---p 00000000 00:00 0 
7f2380000000-7f238019d000 rw-p 00000000 00:00 0 
7f238019d000-7f2384000000 ---p 00000000 00:00 0 
7f2384000000-7f2384021000 rw-p 00000000 00:00 0 
7f2384021000-7f2388000000 ---p 00000000 00:00 0 
7f2388000000-7f2388076000 rw-p 00000000 00:00 0 
7f2388076000-7f238c000000 ---p 00000000 00:00 0 
7f238f915000-7f238fbfc000 rw-p 00000000 00:00 0 
7f238fbfc000-7f238fbfd000 rw-p 00000000 00:00 0 
7f238fbfd000-7f238fc01000 ---p 00000000 00:00 0 
7f238fc01000-7f238fdff000 rw-p 00000000 00:00 0 
7f238fdff000-7f238fe03000 ---p 00000000 00:00 0 
7f238fe03000-7f2390000000 rw-p 00000000 00:00 0 
7f2390000000-7f2390021000 rw-p 00000000 00:00 0 
7f2390021000-7f2394000000 ---p 00000000 00:00 0 
7f2394000000-7f2394064000 rw-p 00000000 00:00 0 
7f2394064000-7f2398000000 ---p 00000000 00:00 0 
7f2398000000-7f2398021000 rw-p 00000000 00:00 0 
7f2398021000-7f239c000000 ---p 00000000 00:00 0 
7f239c000000-7f239c021000 rw-p 00000000 00:00 0 
7f239c021000-7f23a0000000 ---p 00000000 00:00 0 
7f23a0000000-7f23a0021000 rw-p 00000000 00:00 0 
7f23a0021000-7f23a4000000 ---p 00000000 00:00 0 
7f23a4000000-7f23a4021000 rw-p 00000000 00:00 0 
7f23a4021000-7f23a8000000 ---p 00000000 00:00 0 
7f23a8000000-7f23a8021000 rw-p 00000000 00:00 0 
7f23a8021000-7f23ac000000 ---p 00000000 00:00 0 
7f23ac000000-7f23ac021000 rw-p 00000000 00:00 0 
7f23ac021000-7f23b0000000 ---p 00000000 00:00 0 
7f23b0000000-7f23b0021000 rw-p 00000000 00:00 0 
7f23b0021000-7f23b4000000 ---p 00000000 00:00 0 
7f23b4000000-7f23b4021000 rw-p 00000000 00:00 0 
7f23b4021000-7f23b8000000 ---p 00000000 00:00 0 
7f23b8000000-7f23b8021000 rw-p 00000000 00:00 0 
7f23b8021000-7f23bc000000 ---p 00000000 00:00 0 
7f23bc000000-7f23bc021000 rw-p 00000000 00:00 0 
7f23bc021000-7f23c0000000 ---p 00000000 00:00 0 
7f23c0000000-7f23c13e7000 rw-p 00000000 00:00 0 
7f23c13e7000-7f23c4000000 ---p 00000000 00:00 0 
7f23c4000000-7f23c52bc000 rw-p 00000000 00:00 0 
7f23c52bc000-7f23c8000000 ---p 00000000 00:00 0 
7f23c8000000-7f23c8021000 rw-p 00000000 00:00 0 
7f23c8021000-7f23cc000000 ---p 00000000 00:00 0 
7f23cc000000-7f23cc021000 rw-p 00000000 00:00 0 
7f23cc021000-7f23d0000000 ---p 00000000 00:00 0 
7f23d0000000-7f23d0674000 rw-p 00000000 00:00 0 
7f23d0674000-7f23d4000000 ---p 00000000 00:00 0 
7f23d4000000-7f23d442c000 rw-p 00000000 00:00 0 
7f23d442c000-7f23d8000000 ---p 00000000 00:00 0 
7f23d8000000-7f23d9955000 rw-p 00000000 00:00 0 
7f23d9955000-7f23dc000000 ---p 00000000 00:00 0 
7f23dc000000-7f23dc2d4000 rw-p 00000000 00:00 0 
7f23dc2d4000-7f23e0000000 ---p 00000000 00:00 0 
7f23e0000000-7f23e0021000 rw-p 00000000 00:00 0 
7f23e0021000-7f23e4000000 ---p 00000000 00:00 0 
7f23e4000000-7f23e4021000 rw-p 00000000 00:00 0 
7f23e4021000-7f23e8000000 ---p 00000000 00:00 0 
7f23e8000000-7f23e8021000 rw-p 00000000 00:00 0 
7f23e8021000-7f23ec000000 ---p 00000000 00:00 0 
7f23ec000000-7f23ec021000 rw-p 00000000 00:00 0 
7f23ec021000-7f23f0000000 ---p 00000000 00:00 0 
7f23f0000000-7f23f0293000 rw-p 00000000 00:00 0 
7f23f0293000-7f23f4000000 ---p 00000000 00:00 0 
7f23f4000000-7f23f4021000 rw-p 00000000 00:00 0 
7f23f4021000-7f23f8000000 ---p 00000000 00:00 0 
7f23f8000000-7f23f8500000 rw-p 00000000 00:00 0 
7f23f8500000-7f23f8540000 rw-p 00000000 00:00 0 
7f23f8540000-7f23f8580000 rw-p 00000000 00:00 0 
7f23f8580000-7f23f8700000 rw-p 00000000 00:00 0 
7f23f8700000-7f23f87a0000 rw-p 00000000 00:00 0 
7f23f87a0000-7f23f87c0000 rw-p 00000000 00:00 0 
7f23f87c0000-7f23f8900000 rw-p 00000000 00:00 0 
7f23f8900000-7f23f89a0000 rw-p 00000000 00:00 0 
7f23f89a0000-7f23f89c0000 rw-p 00000000 00:00 0 
7f23f89c0000-7f23f8b00000 rw-p 00000000 00:00 0 
7f23f8b00000-7f23f8b80000 rw-p 00000000 00:00 0 
7f23f8b80000-7f23f8c00000 rw-p 00000000 00:00 0 
7f23f8c00000-7f23f8d00000 rw-p 00000000 00:00 0 
7f23f8d00000-7f23f8f20000 rw-p 00000000 00:00 0 
7f23f8f20000-7f23f8f40000 rw-p 00000000 00:00 0 
7f23f8f40000-7f23f8f80000 rw-p 00000000 00:00 0 
7f23f8f80000-7f23f9100000 rw-p 00000000 00:00 0 
7f23f9100000-7f23f9200000 rw-p 00000000 00:00 0 
7f23f9200000-7f23f9400000 rw-p 00000000 00:00 0 
7f23f9400000-7f23f9500000 rw-p 00000000 00:00 0 
7f23f9500000-7f23f9600000 rw-p 00000000 00:00 0 
7f23f9600000-7f23f9700000 rw-p 00000000 00:00 0 
7f23f9700000-7f23f9800000 rw-p 00000000 00:00 0 
7f23f9800000-7f23f9d80000 rw-p 00000000 00:00 0 
7f23f9d80000-7f23f9e00000 rw-p 00000000 00:00 0 
7f23f9e00000-7f23f9f00000 rw-p 00000000 00:00 0 
7f23f9f00000-7f23f9f60000 rw-p 00000000 00:00 0 
7f23f9f60000-7f23fa000000 ---p 00000000 00:00 0 
7f23fa000000-7f23fa160000 rw-p 00000000 00:00 0 
7f23fa160000-7f23fc000000 ---p 00000000 00:00 0 
7f23fc000000-7f23fc021000 rw-p 00000000 00:00 0 
7f23fc021000-7f2400000000 ---p 00000000 00:00 0 
7f2400000000-7f240018f000 rw-p 00000000 00:00 0 
7f240018f000-7f2404000000 ---p 00000000 00:00 0 
7f2404000000-7f2404021000 rw-p 00000000 00:00 0 
7f2404021000-7f2408000000 ---p 00000000 00:00 0 
7f24080f3000-7f2408d00000 rw-p 00000000 00:00 0 
7f2408d00000-7f2408d04000 ---p 00000000 00:00 0 
7f2408d04000-7f2408e00000 rw-p 00000000 00:00 0 
7f2408e00000-7f2408e03000 r-xp 00000000 00:33 16527048                   /tmp/jansi-2.4.3-a8c6a2dadad87008-libjansi.so
7f2408e03000-7f2409002000 ---p 00003000 00:33 16527048                   /tmp/jansi-2.4.3-a8c6a2dadad87008-libjansi.so
7f2409002000-7f2409003000 r--p 00002000 00:33 16527048                   /tmp/jansi-2.4.3-a8c6a2dadad87008-libjansi.so
7f2409003000-7f2409004000 rw-p 00003000 00:33 16527048                   /tmp/jansi-2.4.3-a8c6a2dadad87008-libjansi.so
7f2409025000-7f2409026000 rw-p 00000000 00:00 0 
7f2409026000-7f240902a000 ---p 00000000 00:00 0 
7f240902a000-7f2409127000 rw-p 00000000 00:00 0 
7f2409127000-7f240912b000 ---p 00000000 00:00 0 
7f240912b000-7f2409228000 rw-p 00000000 00:00 0 
7f2409228000-7f240922c000 ---p 00000000 00:00 0 
7f240922c000-7f2409329000 rw-p 00000000 00:00 0 
7f2409329000-7f240932d000 ---p 00000000 00:00 0 
7f240932d000-7f240942a000 rw-p 00000000 00:00 0 
7f240942a000-7f240942e000 ---p 00000000 00:00 0 
7f240942e000-7f240952a000 rw-p 00000000 00:00 0 
7f240952a000-7f24095f8000 r-xp 00000000 103:04 271519629                 /home/yusen/.vscode/extensions/ltex-plus.vscode-ltex-plus-15.7.1/lib/ltex-ls-plus-18.7.0/jdk-21.0.10+7/lib/libjsvml.so
7f24095f8000-7f24095f9000 r--p 000cd000 103:04 271519629                 /home/yusen/.vscode/extensions/ltex-plus.vscode-ltex-plus-15.7.1/lib/ltex-ls-plus-18.7.0/jdk-21.0.10+7/lib/libjsvml.so
7f24095f9000-7f24095fa000 rw-p 000ce000 103:04 271519629                 /home/yusen/.vscode/extensions/ltex-plus.vscode-ltex-plus-15.7.1/lib/ltex-ls-plus-18.7.0/jdk-21.0.10+7/lib/libjsvml.so
7f24095fa000-7f24095fb000 rw-p 00000000 00:00 0 
7f24095fb000-7f24095ff000 ---p 00000000 00:00 0 
7f24095ff000-7f24096fc000 rw-p 00000000 00:00 0 
7f24096fc000-7f2409700000 ---p 00000000 00:00 0 
7f2409700000-7f24097fd000 rw-p 00000000 00:00 0 
7f24097fd000-7f2409801000 ---p 00000000 00:00 0 
7f2409801000-7f24098fe000 rw-p 00000000 00:00 0 
7f24098fe000-7f2409902000 ---p 00000000 00:00 0 
7f2409902000-7f24099ff000 rw-p 00000000 00:00 0 
7f24099ff000-7f2409a03000 ---p 00000000 00:00 0 
7f2409a03000-7f2409b00000 rw-p 00000000 00:00 0 
7f2409b00000-7f2409b04000 ---p 00000000 00:00 0 
7f2409b04000-7f2409c00000 rw-p 00000000 00:00 0 
7f2409c00000-7f2409ead000 r--p 00000000 00:25 2501648                    /usr/lib/locale/zh_CN.utf8/LC_COLLATE
7f2409eff000-7f2409f00000 rw-p 00000000 00:00 0 
7f2409f00000-7f2409f04000 ---p 00000000 00:00 0 
7f2409f04000-7f240a000000 rw-p 00000000 00:00 0 
7f240a000000-7f240c021000 rw-p 00000000 00:00 0 
7f240c021000-7f2410000000 ---p 00000000 00:00 0 
7f2410000000-7f241008a000 rw-p 00000000 00:00 0 
7f241008a000-7f2414000000 ---p 00000000 00:00 0 
7f2414000000-7f2414021000 rw-p 00000000 00:00 0 
7f2414021000-7f2418000000 ---p 00000000 00:00 0 
7f241801f000-7f241807a000 r--p 00000000 00:25 13144675                   /usr/lib/locale/zh_CN.utf8/LC_CTYPE
7f241807a000-7f241827c000 rw-p 00000000 00:00 0 
7f241827c000-7f24182fd000 rw-p 00000000 00:00 0 
7f24182fd000-7f24184ff000 rw-p 00000000 00:00 0 
7f24184ff000-7f2419238000 rw-p 00000000 00:00 0 
7f2419238000-7f241a4e4000 ---p 00000000 00:00 0 
7f241a4e4000-7f241a600000 rw-p 00000000 00:00 0 
7f241a600000-7f241b440000 rwxp 00000000 00:00 0 
7f241b440000-7f2421a5f000 ---p 00000000 00:00 0 
7f2421a5f000-7f2421ddf000 rwxp 00000000 00:00 0 
7f2421ddf000-7f24221a0000 ---p 00000000 00:00 0 
7f24221a0000-7f2422880000 rwxp 00000000 00:00 0 
7f2422880000-7f2429600000 ---p 00000000 00:00 0 
7f2429600000-7f242bfc3000 r--s 00000000 103:04 271523230                 /home/yusen/.vscode/extensions/ltex-plus.vscode-ltex-plus-15.7.1/lib/ltex-ls-plus-18.7.0/jdk-21.0.10+7/lib/modules
7f242c000000-7f242d289000 rw-p 00000000 00:00 0 
7f242d289000-7f2430000000 ---p 00000000 00:00 0 
7f243002c000-7f2430c38000 rw-p 00000000 00:00 0 
7f2430c38000-7f2430f3b000 rw-p 00000000 00:00 0 
7f2430f3b000-7f2431187000 rw-p 00000000 00:00 0 
7f2431187000-7f24313dc000 ---p 00000000 00:00 0 
7f24313dc000-7f2431587000 rw-p 00000000 00:00 0 
7f2431587000-7f24317dc000 ---p 00000000 00:00 0 
7f24317dc000-7f2431800000 rw-p 00000000 00:00 0 
7f2431803000-7f2431810000 r-xp 00000000 103:04 271523214                 /home/yusen/.vscode/extensions/ltex-plus.vscode-ltex-plus-15.7.1/lib/ltex-ls-plus-18.7.0/jdk-21.0.10+7/lib/libverify.so
7f2431810000-7f2431812000 r--p 0000c000 103:04 271523214                 /home/yusen/.vscode/extensions/ltex-plus.vscode-ltex-plus-15.7.1/lib/ltex-ls-plus-18.7.0/jdk-21.0.10+7/lib/libverify.so
7f2431812000-7f2431813000 rw-p 0000e000 103:04 271523214                 /home/yusen/.vscode/extensions/ltex-plus.vscode-ltex-plus-15.7.1/lib/ltex-ls-plus-18.7.0/jdk-21.0.10+7/lib/libverify.so
7f2431813000-7f243181f000 r-xp 00000000 103:04 271519668                 /home/yusen/.vscode/extensions/ltex-plus.vscode-ltex-plus-15.7.1/lib/ltex-ls-plus-18.7.0/jdk-21.0.10+7/lib/libnet.so
7f243181f000-7f2431820000 r--p 0000b000 103:04 271519668                 /home/yusen/.vscode/extensions/ltex-plus.vscode-ltex-plus-15.7.1/lib/ltex-ls-plus-18.7.0/jdk-21.0.10+7/lib/libnet.so
7f2431820000-7f2431821000 rw-p 0000c000 103:04 271519668                 /home/yusen/.vscode/extensions/ltex-plus.vscode-ltex-plus-15.7.1/lib/ltex-ls-plus-18.7.0/jdk-21.0.10+7/lib/libnet.so
7f2431821000-7f243253c000 rw-p 00000000 00:00 0 
7f243253c000-7f2432617000 ---p 00000000 00:00 0 
7f2432617000-7f2432634000 rw-p 00000000 00:00 0 
7f2432634000-7f2432700000 ---p 00000000 00:00 0 
7f2432700000-7f2432704000 ---p 00000000 00:00 0 
7f2432704000-7f2432800000 rw-p 00000000 00:00 0 
7f2432800000-7f2433c1d000 r-xp 00000000 103:04 1073877836                /home/yusen/.vscode/extensions/ltex-plus.vscode-ltex-plus-15.7.1/lib/ltex-ls-plus-18.7.0/jdk-21.0.10+7/lib/server/libjvm.so
7f2433c1d000-7f2433cf2000 r--p 0141c000 103:04 1073877836                /home/yusen/.vscode/extensions/ltex-plus.vscode-ltex-plus-15.7.1/lib/ltex-ls-plus-18.7.0/jdk-21.0.10+7/lib/server/libjvm.so
7f2433cf2000-7f2433d22000 rw-p 014f1000 103:04 1073877836                /home/yusen/.vscode/extensions/ltex-plus.vscode-ltex-plus-15.7.1/lib/ltex-ls-plus-18.7.0/jdk-21.0.10+7/lib/server/libjvm.so
7f2433d22000-7f2433d88000 rw-p 00000000 00:00 0 
7f2433d8f000-7f2433da3000 r-xp 00000000 103:04 271519673                 /home/yusen/.vscode/extensions/ltex-plus.vscode-ltex-plus-15.7.1/lib/ltex-ls-plus-18.7.0/jdk-21.0.10+7/lib/libnio.so
7f2433da3000-7f2433da4000 r--p 00013000 103:04 271519673                 /home/yusen/.vscode/extensions/ltex-plus.vscode-ltex-plus-15.7.1/lib/ltex-ls-plus-18.7.0/jdk-21.0.10+7/lib/libnio.so
7f2433da4000-7f2433da5000 rw-p 00014000 103:04 271519673                 /home/yusen/.vscode/extensions/ltex-plus.vscode-ltex-plus-15.7.1/lib/ltex-ls-plus-18.7.0/jdk-21.0.10+7/lib/libnio.so
7f2433da5000-7f2433e00000 rw-p 00000000 00:00 0 
7f2433e00000-7f2433e28000 r--p 00000000 00:25 13143423                   /usr/lib64/libc.so.6
7f2433e28000-7f2433f9e000 r-xp 00028000 00:25 13143423                   /usr/lib64/libc.so.6
7f2433f9e000-7f2433ff1000 r--p 0019e000 00:25 13143423                   /usr/lib64/libc.so.6
7f2433ff1000-7f2433ff5000 r--p 001f0000 00:25 13143423                   /usr/lib64/libc.so.6
7f2433ff5000-7f2433ffd000 rw-p 001f4000 00:25 13143423                   /usr/lib64/libc.so.6
7f2433ffd000-7f2434006000 rw-p 00000000 00:00 0 
7f243400d000-7f243400e000 r--p 00000000 00:25 13143437                   /usr/lib64/libutil.so.1
7f243400e000-7f243400f000 r-xp 00001000 00:25 13143437                   /usr/lib64/libutil.so.1
7f243400f000-7f2434010000 r--p 00002000 00:25 13143437                   /usr/lib64/libutil.so.1
7f2434010000-7f2434011000 r--p 00002000 00:25 13143437                   /usr/lib64/libutil.so.1
7f2434011000-7f2434012000 rw-p 00003000 00:25 13143437                   /usr/lib64/libutil.so.1
7f2434012000-7f2434013000 r--p 00000000 00:25 13144291                   /usr/lib/locale/zh_CN.utf8/LC_NUMERIC
7f2434013000-7f2434014000 r--p 00000000 00:25 2501650                    /usr/lib/locale/zh_CN.utf8/LC_TIME
7f2434014000-7f2434015000 r--p 00000000 00:25 13144368                   /usr/lib/locale/zh_CN.utf8/LC_MONETARY
7f2434015000-7f2434016000 r--p 00000000 00:25 13144407                   /usr/lib/locale/zh_CN.utf8/LC_MESSAGES/SYS_LC_MESSAGES
7f2434016000-7f2434017000 r--p 00000000 00:25 13144278                   /usr/lib/locale/zh_CN.utf8/LC_PAPER
7f2434017000-7f2434018000 r--p 00000000 00:25 13144672                   /usr/lib/locale/zh_CN.utf8/LC_NAME
7f2434018000-7f2434019000 r--p 00000000 00:25 2501647                    /usr/lib/locale/zh_CN.utf8/LC_ADDRESS
7f2434019000-7f2434034000 r-xp 00000000 103:04 271523227                 /home/yusen/.vscode/extensions/ltex-plus.vscode-ltex-plus-15.7.1/lib/ltex-ls-plus-18.7.0/jdk-21.0.10+7/lib/libzip.so
7f2434034000-7f2434035000 r--p 0001a000 103:04 271523227                 /home/yusen/.vscode/extensions/ltex-plus.vscode-ltex-plus-15.7.1/lib/ltex-ls-plus-18.7.0/jdk-21.0.10+7/lib/libzip.so
7f2434035000-7f2434036000 rw-p 0001b000 103:04 271523227                 /home/yusen/.vscode/extensions/ltex-plus.vscode-ltex-plus-15.7.1/lib/ltex-ls-plus-18.7.0/jdk-21.0.10+7/lib/libzip.so
7f2434036000-7f243409f000 rw-p 00000000 00:00 0 
7f243409f000-7f24340a7000 ---p 00000000 00:00 0 
7f24340a7000-7f24340a9000 r--p 00000000 00:25 13143428                   /usr/lib64/libnss_compat.so.2
7f24340a9000-7f24340af000 r-xp 00002000 00:25 13143428                   /usr/lib64/libnss_compat.so.2
7f24340af000-7f24340b0000 r--p 00008000 00:25 13143428                   /usr/lib64/libnss_compat.so.2
7f24340b0000-7f24340b1000 r--p 00009000 00:25 13143428                   /usr/lib64/libnss_compat.so.2
7f24340b1000-7f24340b2000 rw-p 0000a000 00:25 13143428                   /usr/lib64/libnss_compat.so.2
7f24340b2000-7f24340b3000 r--p 00000000 00:25 13144370                   /usr/lib/locale/zh_CN.utf8/LC_TELEPHONE
7f24340b3000-7f24340ba000 r--s 00000000 00:25 13143691                   /usr/lib64/gconv/gconv-modules.cache
7f24340ba000-7f24340db000 r-xp 00000000 103:04 271515597                 /home/yusen/.vscode/extensions/ltex-plus.vscode-ltex-plus-15.7.1/lib/ltex-ls-plus-18.7.0/jdk-21.0.10+7/lib/libjava.so
7f24340db000-7f24340dc000 r--p 00020000 103:04 271515597                 /home/yusen/.vscode/extensions/ltex-plus.vscode-ltex-plus-15.7.1/lib/ltex-ls-plus-18.7.0/jdk-21.0.10+7/lib/libjava.so
7f24340dc000-7f24340dd000 rw-p 00021000 103:04 271515597                 /home/yusen/.vscode/extensions/ltex-plus.vscode-ltex-plus-15.7.1/lib/ltex-ls-plus-18.7.0/jdk-21.0.10+7/lib/libjava.so
7f24340dd000-7f24340de000 rw-p 00000000 00:00 0 
7f24340de000-7f24340f0000 r--p 00000000 00:25 13143426                   /usr/lib64/libm.so.6
7f24340f0000-7f2434184000 r-xp 00012000 00:25 13143426                   /usr/lib64/libm.so.6
7f2434184000-7f24341f7000 r--p 000a6000 00:25 13143426                   /usr/lib64/libm.so.6
7f24341f7000-7f24341f8000 r--p 00118000 00:25 13143426                   /usr/lib64/libm.so.6
7f24341f8000-7f24341fa000 rw-p 00119000 00:25 13143426                   /usr/lib64/libm.so.6
7f24341fa000-7f24341fb000 r--p 00000000 00:25 13143435                   /usr/lib64/librt.so.1
7f24341fb000-7f24341fc000 r-xp 00001000 00:25 13143435                   /usr/lib64/librt.so.1
7f24341fc000-7f24341fd000 r--p 00002000 00:25 13143435                   /usr/lib64/librt.so.1
7f24341fd000-7f24341fe000 r--p 00002000 00:25 13143435                   /usr/lib64/librt.so.1
7f24341fe000-7f24341ff000 rw-p 00003000 00:25 13143435                   /usr/lib64/librt.so.1
7f24341ff000-7f2434202000 rw-p 00000000 00:00 0 
7f2434202000-7f2434203000 r--p 00000000 00:25 13143425                   /usr/lib64/libdl.so.2
7f2434203000-7f2434204000 r-xp 00001000 00:25 13143425                   /usr/lib64/libdl.so.2
7f2434204000-7f2434205000 r--p 00002000 00:25 13143425                   /usr/lib64/libdl.so.2
7f2434205000-7f2434206000 r--p 00002000 00:25 13143425                   /usr/lib64/libdl.so.2
7f2434206000-7f2434207000 rw-p 00003000 00:25 13143425                   /usr/lib64/libdl.so.2
7f2434207000-7f2434209000 rw-p 00000000 00:00 0 
7f2434209000-7f243420a000 r--p 00000000 00:25 13143433                   /usr/lib64/libpthread.so.0
7f243420a000-7f243420b000 r-xp 00001000 00:25 13143433                   /usr/lib64/libpthread.so.0
7f243420b000-7f243420c000 r--p 00002000 00:25 13143433                   /usr/lib64/libpthread.so.0
7f243420c000-7f243420d000 r--p 00002000 00:25 13143433                   /usr/lib64/libpthread.so.0
7f243420d000-7f243420e000 rw-p 00003000 00:25 13143433                   /usr/lib64/libpthread.so.0
7f243420e000-7f243420f000 r--p 00000000 00:25 13144273                   /usr/lib/locale/zh_CN.utf8/LC_MEASUREMENT
7f243420f000-7f2434210000 r--p 00000000 00:25 2501649                    /usr/lib/locale/zh_CN.utf8/LC_IDENTIFICATION
7f2434210000-7f2434218000 rw-s 00000000 00:33 16527045                   /tmp/hsperfdata_yusen/1199413
7f2434218000-7f2434219000 ---p 00000000 00:00 0 
7f2434219000-7f243421a000 r--p 00000000 00:00 0 
7f243421a000-7f243421b000 ---p 00000000 00:00 0 
7f243421b000-7f2434236000 r-xp 00000000 103:04 271518541                 /home/yusen/.vscode/extensions/ltex-plus.vscode-ltex-plus-15.7.1/lib/ltex-ls-plus-18.7.0/jdk-21.0.10+7/lib/libjimage.so
7f2434236000-7f2434237000 ---p 0001b000 103:04 271518541                 /home/yusen/.vscode/extensions/ltex-plus.vscode-ltex-plus-15.7.1/lib/ltex-ls-plus-18.7.0/jdk-21.0.10+7/lib/libjimage.so
7f2434237000-7f2434239000 r--p 0001b000 103:04 271518541                 /home/yusen/.vscode/extensions/ltex-plus.vscode-ltex-plus-15.7.1/lib/ltex-ls-plus-18.7.0/jdk-21.0.10+7/lib/libjimage.so
7f2434239000-7f243423a000 rw-p 0001d000 103:04 271518541                 /home/yusen/.vscode/extensions/ltex-plus.vscode-ltex-plus-15.7.1/lib/ltex-ls-plus-18.7.0/jdk-21.0.10+7/lib/libjimage.so
7f243423a000-7f2434253000 r-xp 00000000 103:04 271518590                 /home/yusen/.vscode/extensions/ltex-plus.vscode-ltex-plus-15.7.1/lib/ltex-ls-plus-18.7.0/jdk-21.0.10+7/lib/libjli.so
7f2434253000-7f2434254000 r--p 00018000 103:04 271518590                 /home/yusen/.vscode/extensions/ltex-plus.vscode-ltex-plus-15.7.1/lib/ltex-ls-plus-18.7.0/jdk-21.0.10+7/lib/libjli.so
7f2434254000-7f2434255000 rw-p 00019000 103:04 271518590                 /home/yusen/.vscode/extensions/ltex-plus.vscode-ltex-plus-15.7.1/lib/ltex-ls-plus-18.7.0/jdk-21.0.10+7/lib/libjli.so
7f2434255000-7f2434257000 rw-p 00000000 00:00 0 
7f2434257000-7f243425b000 r--p 00000000 00:00 0                          [vvar]
7f243425b000-7f243425d000 r--p 00000000 00:00 0                          [vvar_vclock]
7f243425d000-7f243425f000 r-xp 00000000 00:00 0                          [vdso]
7f243425f000-7f2434260000 r--p 00000000 00:25 13143420                   /usr/lib64/ld-linux-x86-64.so.2
7f2434260000-7f243428b000 r-xp 00001000 00:25 13143420                   /usr/lib64/ld-linux-x86-64.so.2
7f243428b000-7f2434296000 r--p 0002c000 00:25 13143420                   /usr/lib64/ld-linux-x86-64.so.2
7f2434296000-7f2434298000 r--p 00037000 00:25 13143420                   /usr/lib64/ld-linux-x86-64.so.2
7f2434298000-7f243429a000 rw-p 00039000 00:25 13143420                   /usr/lib64/ld-linux-x86-64.so.2
7ffc763c5000-7ffc763e7000 rw-p 00000000 00:00 0                          [stack]
ffffffffff600000-ffffffffff601000 --xp 00000000 00:00 0                  [vsyscall]
Total number of mappings: 284

JVMTI agents: none


VM Arguments:
jvm_args: -Xms64m -Xmx2048m -Dapp.name=ltex-ls-plus -Dapp.pid=1199413 -Dapp.repo=/home/yusen/.vscode/extensions/ltex-plus.vscode-ltex-plus-15.7.1/lib/ltex-ls-plus-18.7.0/lib -Dapp.home=/home/yusen/.vscode/extensions/ltex-plus.vscode-ltex-plus-15.7.1/lib/ltex-ls-plus-18.7.0 -Dbasedir=/home/yusen/.vscode/extensions/ltex-plus.vscode-ltex-plus-15.7.1/lib/ltex-ls-plus-18.7.0 
java_command: org.bsplines.ltexls.LtexLanguageServerLauncher
java_class_path (initial): /home/yusen/.vscode/extensions/ltex-plus.vscode-ltex-plus-15.7.1/lib/ltex-ls-plus-18.7.0/etc:/home/yusen/.vscode/extensions/ltex-plus.vscode-ltex-plus-15.7.1/lib/ltex-ls-plus-18.7.0/lib/HdrHistogram-2.1.12.jar:/home/yusen/.vscode/extensions/ltex-plus.vscode-ltex-plus-15.7.1/lib/ltex-ls-plus-18.7.0/lib/LatencyUtils-2.0.3.jar:/home/yusen/.vscode/extensions/ltex-plus.vscode-ltex-plus-15.7.1/lib/ltex-ls-plus-18.7.0/lib/aho-corasick-double-array-trie-1.2.2.jar:/home/yusen/.vscode/extensions/ltex-plus.vscode-ltex-plus-15.7.1/lib/ltex-ls-plus-18.7.0/lib/angus-activation-2.0.2.jar:/home/yusen/.vscode/extensions/ltex-plus.vscode-ltex-plus-15.7.1/lib/ltex-ls-plus-18.7.0/lib/animal-sniffer-annotations-1.24.jar:/home/yusen/.vscode/extensions/ltex-plus.vscode-ltex-plus-15.7.1/lib/ltex-ls-plus-18.7.0/lib/annotations-12.0.jar:/home/yusen/.vscode/extensions/ltex-plus.vscode-ltex-plus-15.7.1/lib/ltex-ls-plus-18.7.0/lib/annotations-13.0.jar:/home/yusen/.vscode/extensions/ltex-plus.vscode-ltex-plus-15.7.1/lib/ltex-ls-plus-18.7.0/lib/annotations-4.1.1.4.jar:/home/yusen/.vscode/extensions/ltex-plus.vscode-ltex-plus-15.7.1/lib/ltex-ls-plus-18.7.0/lib/asturian-pos-dict-0.1.jar:/home/yusen/.vscode/extensions/ltex-plus.vscode-ltex-plus-15.7.1/lib/ltex-ls-plus-18.7.0/lib/catalan-pos-dict-3.3.jar:/home/yusen/.vscode/extensions/ltex-plus.vscode-ltex-plus-15.7.1/lib/ltex-ls-plus-18.7.0/lib/commons-digester-2.1.jar:/home/yusen/.vscode/extensions/ltex-plus.vscode-ltex-plus-15.7.1/lib/ltex-ls-plus-18.7.0/lib/commons-lang3-3.18.0.jar:/home/yusen/.vscode/extensions/ltex-plus.vscode-ltex-plus-15.7.1/lib/ltex-ls-plus-18.7.0/lib/commons-logging-1.3.4.jar:/home/yusen/.vscode/extensions/ltex-plus.vscode-ltex-plus-15.7.1/lib/ltex-ls-plus-18.7.0/lib/commons-pool2-2.12.0.jar:/home/yusen/.vscode/extensions/ltex-plus.vscode-ltex-plus-15.7.1/lib/ltex-ls-plus-18.7.0/lib/commons-text-1.12.0.jar:/home/yusen/.vscode/extensions/ltex-plus.vscode-ltex-plus-15.7.1/lib/ltex-ls-plus-18.7.0/lib/commons-validator-1.9.0.jar:/home/yusen/.vscode/extensions/ltex-plus.vscode-ltex-plus-15.7.1/lib/ltex-ls-plus-18.7.0/lib/dutch-pos-dict-0.1.jar:/home/yusen/.vscode/extensions/ltex-plus.vscode-ltex-plus-15.7.1/lib/ltex-ls-plus-18.7.0/lib/english-pos-dict-0.6.jar:/home/yusen/.vscode/extensions/ltex-plus.vscode-ltex-plus-15.7.1/lib/ltex-ls-plus-18.7.0/lib/error_prone_annotations-2.48.0.jar:/home/yusen/.vscode/extensions/ltex-plus.vscode-ltex-plus-15.7.1/lib/ltex-ls-plus-18.7.0/lib/failureaccess-1.0.3.jar:/home/yusen/.vscode/extensions/ltex-plus.vscode-ltex-plus-15.7.1/lib/ltex-ls-plus-18.7.0/lib/fastutil-core-8.5.14.jar:/home/yusen/.vscode/extensions/ltex-plus.vscode-ltex-plus-15.7.1/lib/ltex-ls-plus-18.7.0/lib/flexmark-0.64.8.jar:/home/yusen/.vscode/extensions/ltex-plus.vscode-ltex-plus-15.7.1/lib/ltex-ls-plus-18.7.0/lib/flexmark-ext-definition-0.64.8.jar:/home/yusen/.vscode/extensions/ltex-plus.vscode-ltex-plus-15.7.1/lib/ltex-ls-plus-18.7.0/lib/flexmark-ext-gfm-strikethrough-0.64.8.jar:/home/yusen/.vscode/extensions/ltex-plus.vscode-ltex-plus-15.7.1/lib/ltex-ls-plus-18.7.0/lib/flexmark-ext-gitlab-0.64.8.jar:/home/yusen/.vscode/extensions/ltex-plus.vscode-ltex-plus-15.7.1/lib/ltex-ls-plus-18.7.0/lib/flexmark-ext-tables-0.64.8.jar:/home/yusen/.vscode/extensions/ltex-plus.vscode-ltex-plus-15.7.1/lib/ltex-ls-plus-18.7.0/lib/flexmark-ext-yaml-front-matter-0.64.8.jar:/home/yusen/.vscode/extensions/ltex-plus.vscode-ltex-plus-15.7.1/lib/ltex-ls-plus-18.7.0/lib/flexmark-test-util-0.64.8.jar:/home/yusen/.vscode/extensions/ltex-plus.vscode-ltex-plus-15.7.1/lib/ltex-ls-plus-18.7.0/lib/flexmark-util-0.64.8.jar:/home/yusen/.vscode/extensions/ltex-plus.vscode-ltex-plus-15.7.1/lib/ltex-ls-plus-18.7.0/lib/flexmark-util-ast-0.64.8.jar:/home/yusen/.vscode/extensions/ltex-plus.vscode-ltex-plus-15.7.1/lib/ltex-ls-plus-18.7.0/lib/flexmark-util-builder-0.64.8.jar:/home/yusen/.vscode/extensions/ltex-plus.vscode-ltex-plus-15.7.1/lib/ltex-ls-plus-18.7.0/lib/flexmark-util-collection-0.64.8.jar:/home/yusen/.vscode/extensions/ltex-plus.vscode-ltex-plus-15.7.1/lib/ltex-ls-plus-18.7.0/lib/flexmark-util-data-0.64.8.jar:/home/yusen/.vscode/extensions/ltex-plus.vscode-ltex-plus-15.7.1/lib/ltex-ls-plus-18.7.0/lib/flexmark-util-dependency-0.64.8.jar:/home/yusen/.vscode/extensions/ltex-plus.vscode-ltex-plus-15.7.1/lib/ltex-ls-plus-18.7.0/lib/flexmark-util-format-0.64.8.jar:/home/yusen/.vscode/extensions/ltex-plus.vscode-ltex-plus-15.7.1/lib/ltex-ls-plus-18.7.0/lib/flexmark-util-html-0.64.8.jar:/home/yusen/.vscode/extensions/ltex-plus.vscode-ltex-plus-15.7.1/lib/ltex-ls-plus-18.7.0/lib/flexmark-util-misc-0.64.8.jar:/home/yusen/.vscode/extensions/ltex-plus.vscode-ltex-plus-15.7.1/lib/ltex-ls-plus-18.7.0/lib/flexmark-util-options-0.64.8.jar:/home/yusen/.vscode/extensions/ltex-plus.vscode-ltex-plus-15.7.1/lib/ltex-ls-plus-18.7.0/lib/flexmark-util-sequence-0.64.8.jar:/home/yusen/.vscode/extensions/ltex-plus.vscode-ltex-plus-15.7.1/lib/ltex-ls-plus-18.7.0/lib/flexmark-util-visitor-0.64.8.jar:/home/yusen/.vscode/extensions/ltex-plus.vscode-ltex-plus-15.7.1/lib/ltex-ls-plus-18.7.0/lib/french-pos-dict-0.7.jar:/home/yusen/.vscode/extensions/ltex-plus.vscode-ltex-plus-15.7.1/lib/ltex-ls-plus-18.7.0/lib/german-pos-dict-1.2.4.jar:/home/yusen/.vscode/extensions/ltex-plus.vscode-ltex-plus-15.7.1/lib/ltex-ls-plus-18.7.0/lib/grpc-api-1.75.0.jar:/home/yusen/.vscode/extensions/ltex-plus.vscode-ltex-plus-15.7.1/lib/ltex-ls-plus-18.7.0/lib/grpc-context-1.75.0.jar:/home/yusen/.vscode/extensions/ltex-plus.vscode-ltex-plus-15.7.1/lib/ltex-ls-plus-18.7.0/lib/grpc-core-1.75.0.jar:/home/yusen/.vscode/extensions/ltex-plus.vscode-ltex-plus-15.7.1/lib/ltex-ls-plus-18.7.0/lib/grpc-netty-shaded-1.75.0.jar:/home/yusen/.vscode/extensions/ltex-plus.vscode-ltex-plus-15.7.1/lib/ltex-ls-plus-18.7.0/lib/grpc-protobuf-1.75.0.jar:/home/yusen/.vscode/extensions/ltex-plus.vscode-ltex-plus-15.7.1/lib/ltex-ls-plus-18.7.0/lib/grpc-protobuf-lite-1.75.0.jar:/home/yusen/.vscode/extensions/ltex-plus.vscode-ltex-plus-15.7.1/lib/ltex-ls-plus-18.7.0/lib/grpc-stub-1.75.0.jar:/home/yusen/.vscode/extensions/ltex-plus.vscode-ltex-plus-15.7.1/lib/ltex-ls-plus-18.7.0/lib/grpc-util-1.75.0.jar:/home/yusen/.vscode/extensions/ltex-plus.vscode-ltex-plus-15.7.1/lib/ltex-ls-plus-18.7.0/lib/gson-2.14.0.jar:/home/yusen/.vscode/extensions/ltex-plus.vscode-ltex-plus-15.7.1/lib/ltex-ls-plus-18.7.0/lib/guava-33.5.0-jre.jar:/home/yusen/.vscode/extensions/ltex-plus.vscode-ltex-plus-15.7.1/lib/ltex-ls-plus-18.7.0/lib/hamcrest-core-1.3.jar:/home/yusen/.vscode/extensions/ltex-plus.vscode-ltex-plus-15.7.1/lib/ltex-ls-plus-18.7.0/lib/hanlp-portable-1.8.2.jar:/home/yusen/.vscode/extensions/ltex-plus.vscode-ltex-plus-15.7.1/lib/ltex-ls-plus-18.7.0/lib/hppc-0.8.2.jar:/home/yusen/.vscode/extensions/ltex-plus.vscode-ltex-plus-15.7.1/lib/ltex-ls-plus-18.7.0/lib/hunspell-2.1.2.jar:/home/yusen/.vscode/extensions/ltex-plus.vscode-ltex-plus-15.7.1/lib/ltex-ls-plus-18.7.0/lib/icu4j-77.1.jar:/home/yusen/.vscode/extensions/ltex-plus.vscode-ltex-plus-15.7.1/lib/ltex-ls-plus-18.7.0/lib/indriya-1.3.jar:/home/yusen/.vscode/extensions/ltex-plus.vscode-ltex-plus-15.7.1/lib/ltex-ls-plus-18.7.0/lib/istack-commons-runtime-4.1.2.jar:/home/yusen/.vscode/extensions/ltex-plus.vscode-ltex-plus-15.7.1/lib/ltex-ls-plus-18.7.0/lib/j2objc-annotations-3.1.jar:/home/yusen/.vscode/extensions/ltex-plus.vscode-ltex-plus-15.7.1/lib/ltex-ls-plus-18.7.0/lib/jackson-annotations-2.18.0.jar:/home/yusen/.vscode/extensions/ltex-plus.vscode-ltex-plus-15.7.1/lib/ltex-ls-plus-18.7.0/lib/jackson-core-2.18.0.jar:/home/yusen/.vscode/extensions/ltex-plus.vscode-ltex-plus-15.7.1/lib/ltex-ls-plus-18.7.0/lib/jackson-databind-2.18.0.jar:/home/yusen/.vscode/extensions/ltex-plus.vscode-ltex-plus-15.7.1/lib/ltex-ls-plus-18.7.0/lib/jakarta.activation-1.2.2.jar:/home/yusen/.vscode/extensions/ltex-plus.vscode-ltex-plus-15.7.1/lib/ltex-ls-plus-18.7.0/lib/jakarta.activation-api-2.1.3.jar:/home/yusen/.vscode/extensions/ltex-plus.vscode-ltex-plus-15.7.1/lib/ltex-ls-plus-18.7.0/lib/jakarta.xml.bind-api-2.3.3.jar:/home/yusen/.vscode/extensions/ltex-plus.vscode-ltex-plus-15.7.1/lib/ltex-ls-plus-18.7.0/lib/jansi-2.4.3.jar:/home/yusen/.vscode/extensions/ltex-plus.vscode-ltex-plus-15.7.1/lib/ltex-ls-plus-18.7.0/lib/java-diff-utils-4.12.jar:/home/yusen/.vscode/extensions/ltex-plus.vscode-ltex-plus-15.7.1/lib/ltex-ls-plus-18.7.0/lib/javax.activation-api-1.2.0.jar:/home/yusen/.vscode/extensions/ltex-plus.vscode-ltex-plus-15.7.1/lib/ltex-ls-plus-18.7.0/lib/javax.annotation-api-1.3.2.jar:/home/yusen/.vscode/extensions/ltex-plus.vscode-ltex-plus-15.7.1/lib/ltex-ls-plus-18.7.0/lib/jaxb-api-2.3.1.jar:/home/yusen/.vscode/extensions/ltex-plus.vscode-ltex-plus-15.7.1/lib/ltex-ls-plus-18.7.0/lib/jaxb-core-2.3.0.1.jar:/home/yusen/.vscode/extensions/ltex-plus.vscode-ltex-plus-15.7.1/lib/ltex-ls-plus-18.7.0/lib/jaxb-core-4.0.5.jar:/home/yusen/.vscode/extensions/ltex-plus.vscode-ltex-plus-15.7.1/lib/ltex-ls-plus-18.7.0/lib/jaxb-impl-2.3.3.jar:/home/yusen/.vscode/extensions/ltex-plus.vscode-ltex-plus-15.7.1/lib/ltex-ls-plus-18.7.0/lib/jaxb-runtime-4.0.5.jar:/home/yusen/.vscode/extensions/ltex-plus.vscode-ltex-plus-15.7.1/lib/ltex-ls-plus-18.7.0/lib/jna-5.12.1.jar:/home/yusen/.vscode/extensions/ltex-plus.vscode-ltex-plus-15.7.1/lib/ltex-ls-plus-18.7.0/lib/jna-platform-5.12.1.jar:/home/yusen/.vscode/extensions/ltex-plus.vscode-ltex-plus-15.7.1/lib/ltex-ls-plus-18.7.0/lib/json-20240303.jar:/home/yusen/.vscode/extensions/ltex-plus.vscode-ltex-plus-15.7.1/lib/ltex-ls-plus-18.7.0/lib/jsonic-1.2.11.jar:/home/yusen/.vscode/extensions/ltex-plus.vscode-ltex-plus-15.7.1/lib/ltex-ls-plus-18.7.0/lib/jspecify-1.0.0.jar:/home/yusen/.vscode/extensions/ltex-plus.vscode-ltex-plus-15.7.1/lib/ltex-ls-plus-18.7.0/lib/jsr305-3.0.2.jar:/home/yusen/.vscode/extensions/ltex-plus.vscode-ltex-plus-15.7.1/lib/ltex-ls-plus-18.7.0/lib/junit-4.13.2.jar:/home/yusen/.vscode/extensions/ltex-plus.vscode-ltex-plus-15.7.1/lib/ltex-ls-plus-18.7.0/lib/jwordsplitter-4.7.jar:/home/yusen/.vscode/extensions/ltex-plus.vscode-ltex-plus-15.7.1/lib/ltex-ls-plus-18.7.0/lib/kotlin-stdlib-2.3.21.jar:/home/yusen/.vscode/extensions/ltex-plus.vscode-ltex-plus-15.7.1/lib/ltex-ls-plus-18.7.0/lib/language-all-6.8.jar:/home/yusen/.vscode/extensions/ltex-plus.vscode-ltex-plus-15.7.1/lib/ltex-ls-plus-18.7.0/lib/language-ar-6.8.jar:/home/yusen/.vscode/extensions/ltex-plus.vscode-ltex-plus-15.7.1/lib/ltex-ls-plus-18.7.0/lib/language-ast-6.8.jar:/home/yusen/.vscode/extensions/ltex-plus.vscode-ltex-plus-15.7.1/lib/ltex-ls-plus-18.7.0/lib/language-be-6.8.jar:/home/yusen/.vscode/extensions/ltex-plus.vscode-ltex-plus-15.7.1/lib/ltex-ls-plus-18.7.0/lib/language-br-6.8.jar:/home/yusen/.vscode/extensions/ltex-plus.vscode-ltex-plus-15.7.1/lib/ltex-ls-plus-18.7.0/lib/language-ca-6.8.jar:/home/yusen/.vscode/extensions/ltex-plus.vscode-ltex-plus-15.7.1/lib/ltex-ls-plus-18.7.0/lib/language-crh-6.8.jar:/home/yusen/.vscode/extensions/ltex-plus.vscode-ltex-plus-15.7.1/lib/ltex-ls-plus-18.7.0/lib/language-da-6.8.jar:/home/yusen/.vscode/extensions/ltex-plus.vscode-ltex-plus-15.7.1/lib/ltex-ls-plus-18.7.0/lib/language-de-6.8.jar:/home/yusen/.vscode/extensions/ltex-plus.vscode-ltex-plus-15.7.1/lib/ltex-ls-plus-18.7.0/lib/language-de-DE-x-simple-language-6.8.jar:/home/yusen/.vscode/extensions/ltex-plus.vscode-ltex-plus-15.7.1/lib/ltex-ls-plus-18.7.0/lib/language-detector-0.6.jar:/home/yusen/.vscode/extensions/ltex-plus.vscode-ltex-plus-15.7.1/lib/ltex-ls-plus-18.7.0/lib/language-el-6.8.jar:/home/yusen/.vscode/extensions/ltex-plus.vscode-ltex-plus-15.7.1/lib/ltex-ls-plus-18.7.0/lib/language-en-6.8.jar:/home/yusen/.vscode/extensions/ltex-plus.vscode-ltex-plus-15.7.1/lib/ltex-ls-plus-18.7.0/lib/language-eo-6.8.jar:/home/yusen/.vscode/extensions/ltex-plus.vscode-ltex-plus-15.7.1/lib/ltex-ls-plus-18.7.0/lib/language-es-6.8.jar:/home/yusen/.vscode/extensions/ltex-plus.vscode-ltex-plus-15.7.1/lib/ltex-ls-plus-18.7.0/lib/language-fa-6.8.jar:/home/yusen/.vscode/extensions/ltex-plus.vscode-ltex-plus-15.7.1/lib/ltex-ls-plus-18.7.0/lib/language-fr-6.8.jar:/home/yusen/.vscode/extensions/ltex-plus.vscode-ltex-plus-15.7.1/lib/ltex-ls-plus-18.7.0/lib/language-ga-6.8.jar:/home/yusen/.vscode/extensions/ltex-plus.vscode-ltex-plus-15.7.1/lib/ltex-ls-plus-18.7.0/lib/language-gl-6.8.jar:/home/yusen/.vscode/extensions/ltex-plus.vscode-ltex-plus-15.7.1/lib/ltex-ls-plus-18.7.0/lib/language-it-6.8.jar:/home/yusen/.vscode/extensions/ltex-plus.vscode-ltex-plus-15.7.1/lib/ltex-ls-plus-18.7.0/lib/language-ja-6.8.jar:/home/yusen/.vscode/extensions/ltex-plus.vscode-ltex-plus-15.7.1/lib/ltex-ls-plus-18.7.0/lib/language-km-6.8.jar:/home/yusen/.vscode/extensions/ltex-plus.vscode-ltex-plus-15.7.1/lib/ltex-ls-plus-18.7.0/lib/language-nl-6.8.jar:/home/yusen/.vscode/extensions/ltex-plus.vscode-ltex-plus-15.7.1/lib/ltex-ls-plus-18.7.0/lib/language-pl-6.8.jar:/home/yusen/.vscode/extensions/ltex-plus.vscode-ltex-plus-15.7.1/lib/ltex-ls-plus-18.7.0/lib/language-pt-6.8.jar:/home/yusen/.vscode/extensions/ltex-plus.vscode-ltex-plus-15.7.1/lib/ltex-ls-plus-18.7.0/lib/language-ro-6.8.jar:/home/yusen/.vscode/extensions/ltex-plus.vscode-ltex-plus-15.7.1/lib/ltex-ls-plus-18.7.0/lib/language-ru-6.8.jar:/home/yusen/.vscode/extensions/ltex-plus.vscode-ltex-plus-15.7.1/lib/ltex-ls-plus-18.7.0/lib/language-sk-6.8.jar:/home/yusen/.vscode/extensions/ltex-plus.vscode-ltex-plus-15.7.1/lib/ltex-ls-plus-18.7.0/lib/language-sl-6.8.jar:/home/yusen/.vscode/extensions/ltex-plus.vscode-ltex-plus-15.7.1/lib/ltex-ls-plus-18.7.0/lib/language-sv-6.8.jar:/home/yusen/.vscode/extensions/ltex-plus.vscode-ltex-plus-15.7.1/lib/ltex-ls-plus-18.7.0/lib/language-ta-6.8.jar:/home/yusen/.vscode/extensions/ltex-plus.vscode-ltex-plus-15.7.1/lib/ltex-ls-plus-18.7.0/lib/language-tl-6.8.jar:/home/yusen/.vscode/extensions/ltex-plus.vscode-ltex-plus-15.7.1/lib/ltex-ls-plus-18.7.0/lib/language-uk-6.8.jar:/home/yusen/.vscode/extensions/ltex-plus.vscode-ltex-plus-15.7.1/lib/ltex-ls-plus-18.7.0/lib/language-zh-6.8.jar:/home/yusen/.vscode/extensions/ltex-plus.vscode-ltex-plus-15.7.1/lib/ltex-ls-plus-18.7.0/lib/languagetool-core-6.8.jar:/home/yusen/.vscode/extensions/ltex-plus.vscode-ltex-plus-15.7.1/lib/ltex-ls-plus-18.7.0/lib/languagetool-ga-dicts-0.02.jar:/home/yusen/.vscode/extensions/ltex-plus.vscode-ltex-plus-15.7.1/lib/ltex-ls-plus-18.7.0/lib/linguistics.grammardb.spell.languagetool-1.0.2.jar:/home/yusen/.vscode/extensions/ltex-plus.vscode-ltex-plus-15.7.1/lib/ltex-ls-plus-18.7.0/lib/listenablefuture-9999.0-empty-to-avoid-conflict-with-guava.jar:/home/yusen/.vscode/extensions/ltex-plus.vscode-ltex-plus-15.7.1/lib/ltex-ls-plus-18.7.0/lib/lspcli-2.3.0.jar:/home/yusen/.vscode/extensions/ltex-plus.vscode-ltex-plus-15.7.1/lib/ltex-ls-plus-18.7.0/lib/ltexls-plus-18.7.0.jar:/home/yusen/.vscode/extensions/ltex-plus.vscode-ltex-plus-15.7.1/lib/ltex-ls-plus-18.7.0/lib/lucene-backward-codecs-5.5.5.jar:/home/yusen/.vscode/extensions/ltex-plus.vscode-ltex-plus-15.7.1/lib/ltex-ls-plus-18.7.0/lib/lucene-core-5.5.5.jar:/home/yusen/.vscode/extensions/ltex-plus.vscode-ltex-plus-15.7.1/lib/ltex-ls-plus-18.7.0/lib/lucene-gosen-6.2.1-ipadic.jar:/home/yusen/.vscode/extensions/ltex-plus.vscode-ltex-plus-15.7.1/lib/ltex-ls-plus-18.7.0/lib/micrometer-core-1.7.12.jar:/home/yusen/.vscode/extensions/ltex-plus.vscode-ltex-plus-15.7.1/lib/ltex-ls-plus-18.7.0/lib/micrometer-registry-prometheus-1.7.12.jar:/home/yusen/.vscode/extensions/ltex-plus.vscode-ltex-plus-15.7.1/lib/ltex-ls-plus-18.7.0/lib/morfologik-crh-lt-1.0.1.jar:/home/yusen/.vscode/extensions/ltex-plus.vscode-ltex-plus-15.7.1/lib/ltex-ls-plus-18.7.0/lib/morfologik-fsa-2.1.9.jar:/home/yusen/.vscode/extensions/ltex-plus.vscode-ltex-plus-15.7.1/lib/ltex-ls-plus-18.7.0/lib/morfologik-fsa-builders-2.1.9.jar:/home/yusen/.vscode/extensions/ltex-plus.vscode-ltex-plus-15.7.1/lib/ltex-ls-plus-18.7.0/lib/morfologik-speller-2.1.9.jar:/home/yusen/.vscode/extensions/ltex-plus.vscode-ltex-plus-15.7.1/lib/ltex-ls-plus-18.7.0/lib/morfologik-stemming-2.1.9.jar:/home/yusen/.vscode/extensions/ltex-plus.vscode-ltex-plus-15.7.1/lib/ltex-ls-plus-18.7.0/lib/morfologik-ukrainian-lt-6.8.0.jar:/home/yusen/.vscode/extensions/ltex-plus.vscode-ltex-plus-15.7.1/lib/ltex-ls-plus-18.7.0/lib/morphology-el-1.0.0.jar:/home/yusen/.vscode/extensions/ltex-plus.vscode-ltex-plus-15.7.1/lib/ltex-ls-plus-18.7.0/lib/opennlp-chunk-models-1.5.jar:/home/yusen/.vscode/extensions/ltex-plus.vscode-ltex-plus-15.7.1/lib/ltex-ls-plus-18.7.0/lib/opennlp-postag-models-1.5.jar:/home/yusen/.vscode/extensions/ltex-plus.vscode-ltex-plus-15.7.1/lib/ltex-ls-plus-18.7.0/lib/opennlp-tokenize-models-1.5.jar:/home/yusen/.vscode/extensions/ltex-plus.vscode-ltex-plus-15.7.1/lib/ltex-ls-plus-18.7.0/lib/opennlp-tools-1.9.4.jar:/home/yusen/.vscode/extensions/ltex-plus.vscode-ltex-plus-15.7.1/lib/ltex-ls-plus-18.7.0/lib/openregex-1.1.1.jar:/home/yusen/.vscode/extensions/ltex-plus.vscode-ltex-plus-15.7.1/lib/ltex-ls-plus-18.7.0/lib/opentelemetry-api-1.42.1.jar:/home/yusen/.vscode/extensions/ltex-plus.vscode-ltex-plus-15.7.1/lib/ltex-ls-plus-18.7.0/lib/opentelemetry-context-1.42.1.jar:/home/yusen/.vscode/extensions/ltex-plus.vscode-ltex-plus-15.7.1/lib/ltex-ls-plus-18.7.0/lib/opentelemetry-semconv-1.30.1-alpha.jar:/home/yusen/.vscode/extensions/ltex-plus.vscode-ltex-plus-15.7.1/lib/ltex-ls-plus-18.7.0/lib/org.eclipse.lsp4j-0.24.0.jar:/home/yusen/.vscode/extensions/ltex-plus.vscode-ltex-plus-15.7.1/lib/ltex-ls-plus-18.7.0/lib/org.eclipse.lsp4j.jsonrpc-0.24.0.jar:/home/yusen/.vscode/extensions/ltex-plus.vscode-ltex-plus-15.7.1/lib/ltex-ls-plus-18.7.0/lib/perfmark-api-0.27.0.jar:/home/yusen/.vscode/extensions/ltex-plus.vscode-ltex-plus-15.7.1/lib/ltex-ls-plus-18.7.0/lib/picocli-4.7.7.jar:/home/yusen/.vscode/extensions/ltex-plus.vscode-ltex-plus-15.7.1/lib/ltex-ls-plus-18.7.0/lib/portuguese-pos-dict-1.2.0.jar:/home/yusen/.vscode/extensions/ltex-plus.vscode-ltex-plus-15.7.1/lib/ltex-ls-plus-18.7.0/lib/proto-google-common-protos-2.59.2.jar:/home/yusen/.vscode/extensions/ltex-plus.vscode-ltex-plus-15.7.1/lib/ltex-ls-plus-18.7.0/lib/protobuf-java-3.25.8.jar:/home/yusen/.vscode/extensions/ltex-plus.vscode-ltex-plus-15.7.1/lib/ltex-ls-plus-18.7.0/lib/resilience4j-circuitbreaker-1.7.1.jar:/home/yusen/.vscode/extensions/ltex-plus.vscode-ltex-plus-15.7.1/lib/ltex-ls-plus-18.7.0/lib/resilience4j-core-1.7.1.jar:/home/yusen/.vscode/extensions/ltex-plus.vscode-ltex-plus-15.7.1/lib/ltex-ls-plus-18.7.0/lib/resilience4j-micrometer-1.7.1.jar:/home/yusen/.vscode/extensions/ltex-plus.vscode-ltex-plus-15.7.1/lib/ltex-ls-plus-18.7.0/lib/segment-2.0.3.jar:/home/yusen/.vscode/extensions/ltex-plus.vscode-ltex-plus-15.7.1/lib/ltex-ls-plus-18.7.0/lib/simpleclient-0.16.0.jar:/home/yusen/.vscode/extensions/ltex-plus.vscode-ltex-plus-15.7.1/lib/ltex-ls-plus-18.7.0/lib/simpleclient_common-0.10.0.jar:/home/yusen/.vscode/extensions/ltex-plus.vscode-ltex-plus-15.7.1/lib/ltex-ls-plus-18.7.0/lib/simpleclient_guava-0.16.0.jar:/home/yusen/.vscode/extensions/ltex-plus.vscode-ltex-plus-15.7.1/lib/ltex-ls-plus-18.7.0/lib/simpleclient_tracer_common-0.16.0.jar:/home/yusen/.vscode/extensions/ltex-plus.vscode-ltex-plus-15.7.1/lib/ltex-ls-plus-18.7.0/lib/simpleclient_tracer_otel-0.16.0.jar:/home/yusen/.vscode/extensions/ltex-plus.vscode-ltex-plus-15.7.1/lib/ltex-ls-plus-18.7.0/lib/simpleclient_tracer_otel_agent-0.16.0.jar:/home/yusen/.vscode/extensions/ltex-plus.vscode-ltex-plus-15.7.1/lib/ltex-ls-plus-18.7.0/lib/slf4j-api-2.0.16.jar:/home/yusen/.vscode/extensions/ltex-plus.vscode-ltex-plus-15.7.1/lib/ltex-ls-plus-18.7.0/lib/slf4j-nop-2.0.18.jar:/home/yusen/.vscode/extensions/ltex-plus.vscode-ltex-plus-15.7.1/lib/ltex-ls-plus-18.7.0/lib/spanish-pos-dict-2.5.jar:/home/yusen/.vscode/extensions/ltex-plus.vscode-ltex-plus-15.7.1/lib/ltex-ls-plus-18.7.0/lib/stax2-api-4.3.0.jar:/home/yusen/.vscode/extensions/ltex-plus.vscode-ltex-plus-15.7.1/lib/ltex-ls-plus-18.7.0/lib/txw2-4.0.5.jar:/home/yusen/.vscode/extensions/ltex-plus.vscode-ltex-plus-15.7.1/lib/ltex-ls-plus-18.7.0/lib/unit-api-1.0.jar:/home/yusen/.vscode/extensions/ltex-plus.vscode-ltex-plus-15.7.1/lib/ltex-ls-plus-18.7.0/lib/uom-lib-common-1.1.jar:/home/yusen/.vscode/extensions/ltex-plus.vscode-ltex-plus-15.7.1/lib/ltex-ls-plus-18.7.0/lib/vavr-0.10.2.jar:/home/yusen/.vscode/extensions/ltex-plus.vscode-ltex-plus-15.7.1/lib/ltex-ls-plus-18.7.0/lib/vavr-match-0.10.2.jar:/home/yusen/.vscode/extensions/ltex-plus.vscode-ltex-plus-15.7.1/lib/ltex-ls-plus-18.7.0/lib/woodstox-core-7.2.0.jar
Launcher Type: SUN_STANDARD

[Global flags]
     intx CICompilerCount                          = 12                                        {product} {ergonomic}
     uint ConcGCThreads                            = 3                                         {product} {ergonomic}
     uint G1ConcRefinementThreads                  = 13                                        {product} {ergonomic}
   size_t G1HeapRegionSize                         = 1048576                                   {product} {ergonomic}
    uintx GCDrainStackTargetSize                   = 64                                        {product} {ergonomic}
   size_t InitialHeapSize                          = 67108864                                  {product} {command line}
   size_t MarkStackSize                            = 4194304                                   {product} {ergonomic}
   size_t MaxHeapSize                              = 2147483648                                {product} {command line}
   size_t MaxNewSize                               = 1287651328                                {product} {ergonomic}
   size_t MinHeapDeltaBytes                        = 1048576                                   {product} {ergonomic}
   size_t MinHeapSize                              = 67108864                                  {product} {command line}
    uintx NonNMethodCodeHeapSize                   = 7602480                                {pd product} {ergonomic}
    uintx NonProfiledCodeHeapSize                  = 122027880                              {pd product} {ergonomic}
    uintx ProfiledCodeHeapSize                     = 122027880                              {pd product} {ergonomic}
    uintx ReservedCodeCacheSize                    = 251658240                              {pd product} {ergonomic}
     bool SegmentedCodeCache                       = true                                      {product} {ergonomic}
   size_t SoftMaxHeapSize                          = 2147483648                             {manageable} {ergonomic}
     bool UseCompressedOops                        = true                           {product lp64_product} {ergonomic}
     bool UseG1GC                                  = true                                      {product} {ergonomic}

Logging:
Log output configuration:
 #0: stdout all=warning uptime,level,tags foldmultilines=false
 #1: stderr all=off uptime,level,tags foldmultilines=false

Release file:
JAVA_VERSION="21.0.10"
MODULES="java.base java.compiler java.datatransfer java.xml java.prefs java.desktop java.instrument java.logging java.management java.security.sasl java.naming java.rmi java.management.rmi java.net.http java.scripting java.security.jgss java.transaction.xa java.sql java.sql.rowset java.xml.crypto java.se java.smartcardio jdk.accessibility jdk.charsets jdk.crypto.ec jdk.crypto.cryptoki jdk.dynalink jdk.httpserver jdk.incubator.vector jdk.internal.vm.ci jdk.internal.vm.compiler jdk.internal.vm.compiler.management jdk.jdwp.agent jdk.jfr jdk.jsobject jdk.localedata jdk.management jdk.management.agent jdk.naming.dns jdk.naming.rmi jdk.net jdk.nio.mapmode jdk.sctp jdk.security.auth jdk.security.jgss jdk.unsupported jdk.xml.dom jdk.zipfs"

Environment Variables:
JAVA_OPTS=-Xms64m -Xmx2048m
PATH=/home/yusen/opt/Xilinx/Vivado/2024.2/bin:/home/yusen/opt/anaconda3/bin:/home/yusen/opt/anaconda3/condabin:/home/yusen/opt/anaconda3/bin:/home/yusen/.zinit/polaris/bin:/home/yusen/.local/bin:/home/yusen/opt/Xilinx/Vivado/2024.2/bin:/opt/st/stm32cubeclt_1.19.0:/opt/st/stm32cubeclt_1.19.0/STM32CubeProgrammer/bin:/opt/st/stm32cubeclt_1.19.0/STLink-gdb-server/bin:/opt/st/stm32cubeclt_1.19.0/CMake/bin:/opt/st/stm32cubeclt_1.19.0/Ninja/bin:/opt/st/stm32cubeclt_1.19.0/st-arm-clang/bin:/opt/st/stm32cubeclt_1.19.0/GNU-tools-for-STM32/bin:/home/yusen/.local/bin:/usr/local/bin:/usr/bin:/bin
XDG_CACHE_HOME=/home/yusen/.cache
XDG_CONFIG_HOME=/home/yusen/.config
SHELL=/usr/bin/zsh
DISPLAY=:0
WAYLAND_DISPLAY=wayland-0
HOSTTYPE=x86_64
OSTYPE=linux-gnu
MACHTYPE=x86_64
LANG=zh_CN.UTF-8

Active Locale:
LC_ALL=zh_CN.UTF-8
LC_COLLATE=zh_CN.UTF-8
LC_CTYPE=zh_CN.UTF-8
LC_MESSAGES=zh_CN.UTF-8
LC_MONETARY=zh_CN.UTF-8
LC_NUMERIC=zh_CN.UTF-8
LC_TIME=zh_CN.UTF-8

Signal Handlers:
   SIGSEGV: crash_handler in libjvm.so, mask=11100100010111111101111111111110, flags=SA_RESTART|SA_SIGINFO, unblocked
    SIGBUS: crash_handler in libjvm.so, mask=11100100010111111101111111111110, flags=SA_RESTART|SA_SIGINFO, unblocked
    SIGFPE: crash_handler in libjvm.so, mask=11100100010111111101111111111110, flags=SA_RESTART|SA_SIGINFO, unblocked
   SIGPIPE: javaSignalHandler in libjvm.so, mask=11100100010111111101111111111110, flags=SA_RESTART|SA_SIGINFO, blocked
   SIGXFSZ: javaSignalHandler in libjvm.so, mask=11100100010111111101111111111110, flags=SA_RESTART|SA_SIGINFO, blocked
    SIGILL: crash_handler in libjvm.so, mask=11100100010111111101111111111110, flags=SA_RESTART|SA_SIGINFO, unblocked
   SIGUSR2: SR_handler in libjvm.so, mask=00000000000000000000000000000000, flags=SA_RESTART|SA_SIGINFO, blocked
    SIGHUP: UserHandler in libjvm.so, mask=11100100010111111101111111111110, flags=SA_RESTART|SA_SIGINFO, blocked
    SIGINT: UserHandler in libjvm.so, mask=11100100010111111101111111111110, flags=SA_RESTART|SA_SIGINFO, blocked
   SIGTERM: UserHandler in libjvm.so, mask=11100100010111111101111111111110, flags=SA_RESTART|SA_SIGINFO, blocked
   SIGQUIT: UserHandler in libjvm.so, mask=11100100010111111101111111111110, flags=SA_RESTART|SA_SIGINFO, blocked
   SIGTRAP: crash_handler in libjvm.so, mask=11100100010111111101111111111110, flags=SA_RESTART|SA_SIGINFO, unblocked


Periodic native trim disabled

---------------  S Y S T E M  ---------------

OS:
LSB_VERSION="core-2.0-noarch:core-3.2-noarch:core-4.0-noarch:core-2.0-x86_64:core-3.2-x86_64:core-4.0-x86_64"
uname: Linux 7.0.11-1-default #1 SMP PREEMPT_DYNAMIC Tue Jun  2 05:49:18 UTC 2026 (d1677f1) x86_64
OS uptime: 0 days 7:21 hours
libc: glibc 2.43 NPTL 2.43 
rlimit (soft/hard): STACK 8192k/infinity , CORE infinity/infinity , NPROC 62105/62105 , NOFILE 524288/524288 , AS infinity/infinity , CPU infinity/infinity , DATA infinity/infinity , FSIZE infinity/infinity , MEMLOCK 8192k/8192k
load average: 4.05 4.67 5.49

/proc/meminfo:
MemTotal:       16093468 kB
MemFree:         1198940 kB
MemAvailable:    6364440 kB
Buffers:          521156 kB
Cached:          4663928 kB
SwapCached:      1889060 kB
Active:          6221972 kB
Inactive:        5660324 kB
Active(anon):    2909796 kB
Inactive(anon):  4070448 kB
Active(file):    3312176 kB
Inactive(file):  1589876 kB
Unevictable:      251964 kB
Mlocked:             284 kB
SwapTotal:      41943036 kB
SwapFree:       24446976 kB
Zswap:                 0 kB
Zswapped:              0 kB
Dirty:            100872 kB
Writeback:           588 kB
AnonPages:       6904468 kB
Mapped:          1671256 kB
Shmem:             30852 kB
KReclaimable:     622420 kB
Slab:            1132040 kB
SReclaimable:     622420 kB
SUnreclaim:       509620 kB
KernelStack:       49440 kB
PageTables:       343516 kB
SecPageTables:      3084 kB
NFS_Unstable:          0 kB
Bounce:                0 kB
WritebackTmp:          0 kB
CommitLimit:    49989768 kB
Committed_AS:   71811388 kB
VmallocTotal:   34359738367 kB
VmallocUsed:      216124 kB
VmallocChunk:          0 kB
Percpu:            15232 kB
HardwareCorrupted:     0 kB
AnonHugePages:     67584 kB
ShmemHugePages:        0 kB
ShmemPmdMapped:        0 kB
FileHugePages:     28672 kB
FilePmdMapped:     28672 kB
CmaTotal:              0 kB
CmaFree:               0 kB
Unaccepted:            0 kB
Balloon:               0 kB
HugePages_Total:       0
HugePages_Free:        0
HugePages_Rsvd:        0
HugePages_Surp:        0
Hugepagesize:       2048 kB
Hugetlb:               0 kB
DirectMap4k:     3787948 kB
DirectMap2M:    12713984 kB
DirectMap1G:     1048576 kB

/sys/kernel/mm/transparent_hugepage/enabled: [always] madvise never
/sys/kernel/mm/transparent_hugepage/hpage_pmd_size: 2097152
/sys/kernel/mm/transparent_hugepage/defrag (defrag/compaction efforts parameter): always defer defer+madvise [madvise] never

Process Memory:
Virtual Size: 6102984K (peak: 6165548K)
Resident Set Size: 33860K (peak: 1080260K) (anon: 23884K, file: 9976K, shmem: 0K)
Swapped out: 1031172K
C-Heap outstanding allocations: 65434K, retained: 69901K
glibc malloc tunables: (default)

/proc/sys/kernel/threads-max (system-wide limit on the number of threads): 124211
/proc/sys/vm/max_map_count (maximum number of memory map areas a process may have): 1048576
/proc/sys/vm/swappiness (control to define how aggressively the kernel swaps out anonymous memory): 60
/proc/sys/kernel/pid_max (system-wide limit on number of process identifiers): 4194304

container information not found.
Steal ticks since vm start: 0
Steal ticks percentage since vm start:  0.000

CPU: total 16 (initial active 16) (8 cores per cpu, 2 threads per core) family 6 model 141 stepping 1 microcode 0x58, cx8, cmov, fxsr, ht, mmx, 3dnowpref, sse, sse2, sse3, ssse3, sse4.1, sse4.2, popcnt, lzcnt, tsc, tscinvbit, avx, avx2, aes, erms, clmul, bmi1, bmi2, adx, avx512f, avx512dq, avx512cd, avx512bw, avx512vl, sha, fma, vzeroupper, avx512_vpopcntdq, avx512_vpclmulqdq, avx512_vaes, avx512_vnni, clflush, clflushopt, clwb, avx512_vbmi2, avx512_vbmi, rdtscp, rdpid, fsrm, gfni, avx512_bitalg, f16c, pku, ospke, cet_ibt, cet_ss, avx512_ifma
CPU Model and flags from /proc/cpuinfo:
model name	: 11th Gen Intel(R) Core(TM) i7-11800H @ 2.30GHz
flags		: fpu vme de pse tsc msr pae mce cx8 apic sep mtrr pge mca cmov pat pse36 clflush dts acpi mmx fxsr sse sse2 ss ht tm pbe syscall nx pdpe1gb rdtscp lm constant_tsc art arch_perfmon pebs bts rep_good nopl xtopology nonstop_tsc cpuid aperfmperf tsc_known_freq pni pclmulqdq dtes64 monitor ds_cpl vmx est tm2 ssse3 sdbg fma cx16 xtpr pdcm pcid sse4_1 sse4_2 x2apic movbe popcnt tsc_deadline_timer aes xsave avx f16c rdrand lahf_lm abm 3dnowprefetch cpuid_fault epb cat_l2 cdp_l2 ssbd ibrs ibpb stibp ibrs_enhanced tpr_shadow flexpriority ept vpid ept_ad fsgsbase tsc_adjust bmi1 avx2 smep bmi2 erms invpcid rdt_a avx512f avx512dq rdseed adx smap avx512ifma clflushopt clwb intel_pt avx512cd sha_ni avx512bw avx512vl xsaveopt xsavec xgetbv1 xsaves split_lock_detect user_shstk dtherm ida arat pln pts hwp hwp_notify hwp_act_window hwp_epp hwp_pkg_req vnmi avx512vbmi umip pku ospke avx512_vbmi2 gfni vaes vpclmulqdq avx512_vnni avx512_bitalg avx512_vpopcntdq rdpid movdiri movdir64b fsrm avx512_vp2intersect md_clear ibt flush_l1d arch_capabilities

Online cpus: 0-15
Offline cpus: 
BIOS frequency limitation: <Not Available>
Frequency switch latency (ns): 0
Available cpu frequencies: <Not Available>
Current governor: powersave
Core performance/turbo boost: <Not Available>

Memory: 4k page, physical 16093468k(6355148k free), swap 41943036k(24447180k free)
Page Sizes: 4k

vm_info: OpenJDK 64-Bit Server VM (21.0.10+7-LTS) for linux-amd64 JRE (21.0.10+7-LTS), built on 2026-01-20T00:00:00Z by "admin" with gcc 11.3.0

END.
